hour,dry_bulb_temp_milli_c,relative_humidity_milli_pct,global_horizontal_milli_wh_m2,direct_normal_milli_wh_m2,diffuse_horizontal_milli_wh_m2,wind_speed_milli_m_s,wind_direction_milli_deg
0,-5301,70971,0,0,0,4000,184500
1,-5701,71230,0,0,0,4285,184500
2,-5837,71319,0,0,0,4550,184500
3,-5701,71230,0,0,0,4778,184500
4,-5301,70971,0,0,0,4953,184500
5,-4665,70558,0,0,0,5063,184500
6,-3837,70019,0,0,0,5100,184500
7,-2872,69392,71147,51226,19921,5063,184500
8,-1837,68719,137445,98961,38485,4953,184500
9,-802,68046,194377,139952,54426,4778,184500
10,163,67419,238062,171405,66657,4550,184500
11,991,66881,265524,191177,74347,4285,184500
12,1627,66467,274891,197921,76969,4000,184500
13,2027,66208,265524,191177,74347,3715,184500
14,2163,66119,238062,171405,66657,3450,184500
15,2027,66208,194377,139952,54426,3222,184500
16,1627,66467,137445,98961,38485,3047,184500
17,991,66881,71147,51226,19921,2937,184500
18,163,67419,0,0,0,2900,184500
19,-802,68046,0,0,0,2937,184500
20,-1837,68719,0,0,0,3047,184500
21,-2872,69392,0,0,0,3222,184500
22,-3837,70019,0,0,0,3450,184500
23,-4665,70558,0,0,0,3715,184500
24,-5268,70949,0,0,0,4000,207955
25,-5667,71209,0,0,0,4285,207955
26,-5804,71297,0,0,0,4550,207955
27,-5667,71209,0,0,0,4778,207955
28,-5268,70949,0,0,0,4953,207955
29,-4632,70536,0,0,0,5063,207955
30,-3804,69997,0,0,0,5100,207955
31,-2839,69370,71405,51412,19993,5063,207955
32,-1804,68697,137944,99320,38624,4953,207955
33,-768,68024,195083,140459,54623,4778,207955
34,196,67397,238926,172027,66899,4550,207955
35,1025,66859,266488,191871,74617,4285,207955
36,1660,66446,275888,198640,77249,4000,207955
37,2060,66186,266488,191871,74617,3715,207955
38,2196,66097,238926,172027,66899,3450,207955
39,2060,66186,195083,140459,54623,3222,207955
40,1660,66446,137944,99320,38624,3047,207955
41,1025,66859,71405,51412,19993,2937,207955
42,196,67397,0,0,0,2900,207955
43,-768,68024,0,0,0,2937,207955
44,-1804,68697,0,0,0,3047,207955
45,-2839,69370,0,0,0,3222,207955
46,-3804,69997,0,0,0,3450,207955
47,-4632,70536,0,0,0,3715,207955
48,-5232,70925,0,0,0,4000,213748
49,-5631,71185,0,0,0,4285,213748
50,-5767,71274,0,0,0,4550,213748
51,-5631,71185,0,0,0,4778,213748
52,-5232,70925,0,0,0,4953,213748
53,-4596,70512,0,0,0,5063,213748
54,-3767,69974,0,0,0,5100,213748
55,-2803,69347,71687,51615,20072,5063,213748
56,-1767,68674,138489,99712,38777,4953,213748
57,-732,68001,195853,141014,54839,4778,213748
58,233,67374,239870,172706,67164,4550,213748
59,1061,66835,267540,192629,74911,4285,213748
60,1697,66422,276978,199424,77554,4000,213748
61,2096,66162,267540,192629,74911,3715,213748
62,2233,66074,239870,172706,67164,3450,213748
63,2096,66162,195853,141014,54839,3222,213748
64,1697,66422,138489,99712,38777,3047,213748
65,1061,66835,71687,51615,20072,2937,213748
66,233,67374,0,0,0,2900,213748
67,-732,68001,0,0,0,2937,213748
68,-1767,68674,0,0,0,3047,213748
69,-2803,69347,0,0,0,3222,213748
70,-3767,69974,0,0,0,3450,213748
71,-4596,70512,0,0,0,3715,213748
72,-5192,70900,0,0,0,4000,197517
73,-5592,71160,0,0,0,4285,197517
74,-5728,71248,0,0,0,4550,197517
75,-5592,71160,0,0,0,4778,197517
76,-5192,70900,0,0,0,4953,197517
77,-4556,70487,0,0,0,5063,197517
78,-3728,69948,0,0,0,5100,197517
79,-2763,69321,71993,51835,20158,5063,197517
80,-1728,68648,139079,100137,38942,4953,197517
81,-693,67975,196688,141615,55073,4778,197517
82,272,67348,240892,173442,67450,4550,197517
83,1100,66810,268680,193450,75230,4285,197517
84,1736,66397,278158,200274,77884,4000,197517
85,2136,66137,268680,193450,75230,3715,197517
86,2272,66048,240892,173442,67450,3450,197517
87,2136,66137,196688,141615,55073,3222,197517
88,1736,66397,139079,100137,38942,3047,197517
89,1100,66810,71993,51835,20158,2937,197517
90,272,67348,0,0,0,2900,197517
91,-693,67975,0,0,0,2937,197517
92,-1728,68648,0,0,0,3047,197517
93,-2763,69321,0,0,0,3222,197517
94,-3728,69948,0,0,0,3450,197517
95,-4556,70487,0,0,0,3715,197517
96,-5150,70872,0,0,0,4000,171483
97,-5549,71132,0,0,0,4285,171483
98,-5686,71221,0,0,0,4550,171483
99,-5549,71132,0,0,0,4778,171483
100,-5150,70872,0,0,0,4953,171483
101,-4514,70459,0,0,0,5063,171483
102,-3686,69921,0,0,0,5100,171483
103,-2721,69294,72322,52072,20250,5063,171483
104,-1686,68621,139715,100595,39120,4953,171483
105,-650,67948,197587,142262,55324,4778,171483
106,314,67321,241993,174235,67758,4550,171483
107,1143,66782,269909,194334,75574,4285,171483
108,1778,66369,279430,201190,78240,4000,171483
109,2178,66109,269909,194334,75574,3715,171483
110,2314,66021,241993,174235,67758,3450,171483
111,2178,66109,197587,142262,55324,3222,171483
112,1778,66369,139715,100595,39120,3047,171483
113,1143,66782,72322,52072,20250,2937,171483
114,314,67321,0,0,0,2900,171483
115,-650,67948,0,0,0,2937,171483
116,-1686,68621,0,0,0,3047,171483
117,-2721,69294,0,0,0,3222,171483
118,-3686,69921,0,0,0,3450,171483
119,-4514,70459,0,0,0,3715,171483
120,-5104,70843,0,0,0,4000,155252
121,-5504,71103,0,0,0,4285,155252
122,-5640,71191,0,0,0,4550,155252
123,-5504,71103,0,0,0,4778,155252
124,-5104,70843,0,0,0,4953,155252
125,-4469,70430,0,0,0,5063,155252
126,-3640,69891,0,0,0,5100,155252
127,-2676,69264,72674,52325,20349,5063,155252
128,-1640,68591,140396,101085,39311,4953,155252
129,-605,67918,198550,142956,55594,4778,155252
130,360,67291,243173,175085,68088,4550,155252
131,1188,66753,271224,195281,75943,4285,155252
132,1824,66340,280792,202170,78622,4000,155252
133,2223,66080,271224,195281,75943,3715,155252
134,2360,65991,243173,175085,68088,3450,155252
135,2223,66080,198550,142956,55594,3222,155252
136,1824,66340,140396,101085,39311,3047,155252
137,1188,66753,72674,52325,20349,2937,155252
138,360,67291,0,0,0,2900,155252
139,-605,67918,0,0,0,2937,155252
140,-1640,68591,0,0,0,3047,155252
141,-2676,69264,0,0,0,3222,155252
142,-3640,69891,0,0,0,3450,155252
143,-4469,70430,0,0,0,3715,155252
144,-5056,70811,0,0,0,4000,161045
145,-5456,71071,0,0,0,4285,161045
146,-5592,71160,0,0,0,4550,161045
147,-5456,71071,0,0,0,4778,161045
148,-5056,70811,0,0,0,4953,161045
149,-4420,70398,0,0,0,5063,161045
150,-3592,69860,0,0,0,5100,161045
151,-2627,69233,73050,52596,20454,5063,161045
152,-1592,68560,141122,101608,39514,4953,161045
153,-557,67887,199577,143695,55881,4778,161045
154,408,67260,244431,175990,68441,4550,161045
155,1237,66721,272627,196291,76336,4285,161045
156,1872,66308,282244,203216,79028,4000,161045
157,2272,66048,272627,196291,76336,3715,161045
158,2408,65960,244431,175990,68441,3450,161045
159,2272,66048,199577,143695,55881,3222,161045
160,1872,66308,141122,101608,39514,3047,161045
161,1237,66721,73050,52596,20454,2937,161045
162,408,67260,0,0,0,2900,161045
163,-557,67887,0,0,0,2937,161045
164,-1592,68560,0,0,0,3047,161045
165,-2627,69233,0,0,0,3222,161045
166,-3592,69860,0,0,0,3450,161045
167,-4420,70398,0,0,0,3715,161045
168,-5005,70778,0,0,0,4000,184500
169,-5404,71038,0,0,0,4285,184500
170,-5540,71126,0,0,0,4550,184500
171,-5404,71038,0,0,0,4778,184500
172,-5005,70778,0,0,0,4953,184500
173,-4369,70365,0,0,0,5063,184500
174,-3540,69826,0,0,0,5100,184500
175,-2576,69199,73449,52883,20566,5063,184500
176,-1540,68526,141893,102163,39730,4953,184500
177,-505,67853,200667,144480,56187,4778,184500
178,460,67226,245766,176951,68814,4550,184500
179,1288,66688,274116,197364,76753,4285,184500
180,1924,66275,283786,204326,79460,4000,184500
181,2323,66015,274116,197364,76753,3715,184500
182,2460,65926,245766,176951,68814,3450,184500
183,2323,66015,200667,144480,56187,3222,184500
184,1924,66275,141893,102163,39730,3047,184500
185,1288,66688,73449,52883,20566,2937,184500
186,460,67226,0,0,0,2900,184500
187,-505,67853,0,0,0,2937,184500
188,-1540,68526,0,0,0,3047,184500
189,-2576,69199,0,0,0,3222,184500
190,-3540,69826,0,0,0,3450,184500
191,-4369,70365,0,0,0,3715,184500
192,-4950,70743,0,0,0,4000,207955
193,-5350,71002,0,0,0,4285,207955
194,-5486,71091,0,0,0,4550,207955
195,-5350,71002,0,0,0,4778,207955
196,-4950,70743,0,0,0,4953,207955
197,-4315,70329,0,0,0,5063,207955
198,-3486,69791,0,0,0,5100,207955
199,-2521,69164,73871,53187,20684,5063,207955
200,-1486,68491,142709,102750,39958,4953,207955
201,-451,67818,201820,145311,56510,4778,207955
202,514,67191,247179,177969,69210,4550,207955
203,1342,66652,275692,198498,77194,4285,207955
204,1978,66239,285417,205500,79917,4000,207955
205,2378,65980,275692,198498,77194,3715,207955
206,2514,65891,247179,177969,69210,3450,207955
207,2378,65980,201820,145311,56510,3222,207955
208,1978,66239,142709,102750,39958,3047,207955
209,1342,66652,73871,53187,20684,2937,207955
210,514,67191,0,0,0,2900,207955
211,-451,67818,0,0,0,2937,207955
212,-1486,68491,0,0,0,3047,207955
213,-2521,69164,0,0,0,3222,207955
214,-3486,69791,0,0,0,3450,207955
215,-4315,70329,0,0,0,3715,207955
216,-4893,70705,0,0,0,4000,213748
217,-5292,70965,0,0,0,4285,213748
218,-5429,71054,0,0,0,4550,213748
219,-5292,70965,0,0,0,4778,213748
220,-4893,70705,0,0,0,4953,213748
221,-4257,70292,0,0,0,5063,213748
222,-3429,69754,0,0,0,5100,213748
223,-2464,69127,74317,53508,20809,5063,213748
224,-1429,68454,143569,103369,40199,4953,213748
225,-393,67781,203037,146186,56850,4778,213748
226,571,67154,248668,179041,69627,4550,213748
227,1400,66615,277353,199694,77659,4285,213748
228,2035,66202,287137,206739,80398,4000,213748
229,2435,65942,277353,199694,77659,3715,213748
230,2571,65854,248668,179041,69627,3450,213748
231,2435,65942,203037,146186,56850,3222,213748
232,2035,66202,143569,103369,40199,3047,213748
233,1400,66615,74317,53508,20809,2937,213748
234,571,67154,0,0,0,2900,213748
235,-393,67781,0,0,0,2937,213748
236,-1429,68454,0,0,0,3047,213748
237,-2464,69127,0,0,0,3222,213748
238,-3429,69754,0,0,0,3450,213748
239,-4257,70292,0,0,0,3715,213748
240,-4833,70666,0,0,0,4000,197517
241,-5232,70926,0,0,0,4285,197517
242,-5368,71015,0,0,0,4550,197517
243,-5232,70926,0,0,0,4778,197517
244,-4833,70666,0,0,0,4953,197517
245,-4197,70253,0,0,0,5063,197517
246,-3368,69715,0,0,0,5100,197517
247,-2404,69087,74785,53845,20940,5063,197517
248,-1368,68415,144473,104020,40452,4953,197517
249,-333,67742,204315,147107,57208,4778,197517
250,632,67115,250234,180168,70066,4550,197517
251,1460,66576,279100,200952,78148,4285,197517
252,2096,66163,288945,208041,80905,4000,197517
253,2495,65903,279100,200952,78148,3715,197517
254,2632,65815,250234,180168,70066,3450,197517
255,2495,65903,204315,147107,57208,3222,197517
256,2096,66163,144473,104020,40452,3047,197517
257,1460,66576,74785,53845,20940,2937,197517
258,632,67115,0,0,0,2900,197517
259,-333,67742,0,0,0,2937,197517
260,-1368,68415,0,0,0,3047,197517
261,-2404,69087,0,0,0,3222,197517
262,-3368,69715,0,0,0,3450,197517
263,-4197,70253,0,0,0,3715,197517
264,-4769,70625,0,0,0,4000,171483
265,-5169,70885,0,0,0,4285,171483
266,-5305,70973,0,0,0,4550,171483
267,-5169,70885,0,0,0,4778,171483
268,-4769,70625,0,0,0,4953,171483
269,-4134,70212,0,0,0,5063,171483
270,-3305,69673,0,0,0,5100,171483
271,-2341,69046,75275,54198,21077,5063,171483
272,-1305,68373,145421,104703,40718,4953,171483
273,-270,67701,205656,148072,57584,4778,171483
274,695,67073,251876,181351,70525,4550,171483
275,1523,66535,280931,202270,78661,4285,171483
276,2159,66122,290841,209406,81436,4000,171483
277,2558,65862,280931,202270,78661,3715,171483
278,2695,65773,251876,181351,70525,3450,171483
279,2558,65862,205656,148072,57584,3222,171483
280,2159,66122,145421,104703,40718,3047,171483
281,1523,66535,75275,54198,21077,2937,171483
282,695,67073,0,0,0,2900,171483
283,-270,67701,0,0,0,2937,171483
284,-1305,68373,0,0,0,3047,171483
285,-2341,69046,0,0,0,3222,171483
286,-3305,69673,0,0,0,3450,171483
287,-4134,70212,0,0,0,3715,171483
288,-4703,70582,0,0,0,4000,155252
289,-5103,70842,0,0,0,4285,155252
290,-5239,70930,0,0,0,4550,155252
291,-5103,70842,0,0,0,4778,155252
292,-4703,70582,0,0,0,4953,155252
293,-4068,70169,0,0,0,5063,155252
294,-3239,69630,0,0,0,5100,155252
295,-2274,69003,75789,54568,21221,5063,155252
296,-1239,68330,146412,105417,40995,4953,155252
297,-204,67658,207058,149082,57976,4778,155252
298,761,67030,253593,182587,71006,4550,155252
299,1589,66492,282847,203650,79197,4285,155252
300,2225,66079,292824,210834,81991,4000,155252
301,2625,65819,282847,203650,79197,3715,155252
302,2761,65730,253593,182587,71006,3450,155252
303,2625,65819,207058,149082,57976,3222,155252
304,2225,66079,146412,105417,40995,3047,155252
305,1589,66492,75789,54568,21221,2937,155252
306,761,67030,0,0,0,2900,155252
307,-204,67658,0,0,0,2937,155252
308,-1239,68330,0,0,0,3047,155252
309,-2274,69003,0,0,0,3222,155252
310,-3239,69630,0,0,0,3450,155252
311,-4068,70169,0,0,0,3715,155252
312,-4634,70537,0,0,0,4000,161045
313,-5034,70797,0,0,0,4285,161045
314,-5170,70886,0,0,0,4550,161045
315,-5034,70797,0,0,0,4778,161045
316,-4634,70537,0,0,0,4953,161045
317,-3999,70124,0,0,0,5063,161045
318,-3170,69586,0,0,0,5100,161045
319,-2205,68959,76324,54953,21371,5063,161045
320,-1170,68286,147447,106162,41285,4953,161045
321,-135,67613,208522,150136,58386,4778,161045
322,830,66986,255386,183878,71508,4550,161045
323,1658,66447,284846,205089,79757,4285,161045
324,2294,66034,294894,212324,82570,4000,161045
325,2694,65774,284846,205089,79757,3715,161045
326,2830,65686,255386,183878,71508,3450,161045
327,2694,65774,208522,150136,58386,3222,161045
328,2294,66034,147447,106162,41285,3047,161045
329,1658,66447,76324,54953,21371,2937,161045
330,830,66986,0,0,0,2900,161045
331,-135,67613,0,0,0,2937,161045
332,-1170,68286,0,0,0,3047,161045
333,-2205,68959,0,0,0,3222,161045
334,-3170,69586,0,0,0,3450,161045
335,-3999,70124,0,0,0,3715,161045
336,-4562,70491,0,0,0,4000,184500
337,-4962,70750,0,0,0,4285,184500
338,-5098,70839,0,0,0,4550,184500
339,-4962,70750,0,0,0,4778,184500
340,-4562,70491,0,0,0,4953,184500
341,-3927,70077,0,0,0,5063,184500
342,-3098,69539,0,0,0,5100,184500
343,-2134,68912,76882,55355,21527,5063,184500
344,-1098,68239,148525,106938,41587,4953,184500
345,-63,67566,210046,151233,58813,4778,184500
346,902,66939,257253,185222,72031,4550,184500
347,1730,66400,286928,206588,80340,4285,184500
348,2366,65987,297050,213876,83174,4000,184500
349,2765,65728,286928,206588,80340,3715,184500
350,2902,65639,257253,185222,72031,3450,184500
351,2765,65728,210046,151233,58813,3222,184500
352,2366,65987,148525,106938,41587,3047,184500
353,1730,66400,76882,55355,21527,2937,184500
354,902,66939,0,0,0,2900,184500
355,-63,67566,0,0,0,2937,184500
356,-1098,68239,0,0,0,3047,184500
357,-2134,68912,0,0,0,3222,184500
358,-3098,69539,0,0,0,3450,184500
359,-3927,70077,0,0,0,3715,184500
360,-4488,70442,0,0,0,4000,207955
361,-4887,70702,0,0,0,4285,207955
362,-5024,70790,0,0,0,4550,207955
363,-4887,70702,0,0,0,4778,207955
364,-4488,70442,0,0,0,4953,207955
365,-3852,70029,0,0,0,5063,207955
366,-3024,69490,0,0,0,5100,207955
367,-2059,68863,77462,55773,21689,5063,207955
368,-1024,68190,149645,107745,41901,4953,207955
369,12,67517,211630,152374,59257,4778,207955
370,976,66890,259193,186619,72574,4550,207955
371,1805,66352,289093,208147,80946,4285,207955
372,2440,65939,299291,215489,83801,4000,207955
373,2840,65679,289093,208147,80946,3715,207955
374,2976,65590,259193,186619,72574,3450,207955
375,2840,65679,211630,152374,59257,3222,207955
376,2440,65939,149645,107745,41901,3047,207955
377,1805,66352,77462,55773,21689,2937,207955
378,976,66890,0,0,0,2900,207955
379,12,67517,0,0,0,2937,207955
380,-1024,68190,0,0,0,3047,207955
381,-2059,68863,0,0,0,3222,207955
382,-3024,69490,0,0,0,3450,207955
383,-3852,70029,0,0,0,3715,207955
384,-4410,70392,0,0,0,4000,213748
385,-4810,70651,0,0,0,4285,213748
386,-4946,70740,0,0,0,4550,213748
387,-4810,70651,0,0,0,4778,213748
388,-4410,70392,0,0,0,4953,213748
389,-3775,69978,0,0,0,5063,213748
390,-2946,69440,0,0,0,5100,213748
391,-1981,68813,78064,56206,21858,5063,213748
392,-946,68140,150808,108582,42226,4953,213748
393,89,67467,213275,153558,59717,4778,213748
394,1054,66840,261207,188069,73138,4550,213748
395,1882,66302,291339,209764,81575,4285,213748
396,2518,65888,301616,217164,84453,4000,213748
397,2918,65629,291339,209764,81575,3715,213748
398,3054,65540,261207,188069,73138,3450,213748
399,2918,65629,213275,153558,59717,3222,213748
400,2518,65888,150808,108582,42226,3047,213748
401,1882,66302,78064,56206,21858,2937,213748
402,1054,66840,0,0,0,2900,213748
403,89,67467,0,0,0,2937,213748
404,-946,68140,0,0,0,3047,213748
405,-1981,68813,0,0,0,3222,213748
406,-2946,69440,0,0,0,3450,213748
407,-3775,69978,0,0,0,3715,213748
408,-4330,70339,0,0,0,4000,197517
409,-4730,70599,0,0,0,4285,197517
410,-4866,70688,0,0,0,4550,197517
411,-4730,70599,0,0,0,4778,197517
412,-4330,70339,0,0,0,4953,197517
413,-3694,69926,0,0,0,5063,197517
414,-2866,69388,0,0,0,5100,197517
415,-1901,68761,78688,56655,22033,5063,197517
416,-866,68088,152013,109449,42564,4953,197517
417,169,67415,214979,154785,60194,4778,197517
418,1134,66788,263294,189572,73722,4550,197517
419,1963,66249,293666,211440,82227,4285,197517
420,2598,65836,304026,218899,85127,4000,197517
421,2998,65576,293666,211440,82227,3715,197517
422,3134,65488,263294,189572,73722,3450,197517
423,2998,65576,214979,154785,60194,3222,197517
424,2598,65836,152013,109449,42564,3047,197517
425,1963,66249,78688,56655,22033,2937,197517
426,1134,66788,0,0,0,2900,197517
427,169,67415,0,0,0,2937,197517
428,-866,68088,0,0,0,3047,197517
429,-1901,68761,0,0,0,3222,197517
430,-2866,69388,0,0,0,3450,197517
431,-3694,69926,0,0,0,3715,197517
432,-4247,70285,0,0,0,4000,171483
433,-4646,70545,0,0,0,4285,171483
434,-4783,70634,0,0,0,4550,171483
435,-4646,70545,0,0,0,4778,171483
436,-4247,70285,0,0,0,4953,171483
437,-3611,69872,0,0,0,5063,171483
438,-2783,69334,0,0,0,5100,171483
439,-1818,68707,79333,57120,22213,5063,171483
440,-783,68034,153259,110347,42913,4953,171483
441,253,67361,216741,156054,60688,4778,171483
442,1217,66734,265453,191126,74327,4550,171483
443,2046,66195,296074,213174,82901,4285,171483
444,2681,65782,306519,220693,85825,4000,171483
445,3081,65522,296074,213174,82901,3715,171483
446,3217,65434,265453,191126,74327,3450,171483
447,3081,65522,216741,156054,60688,3222,171483
448,2681,65782,153259,110347,42913,3047,171483
449,2046,66195,79333,57120,22213,2937,171483
450,1217,66734,0,0,0,2900,171483
451,253,67361,0,0,0,2937,171483
452,-783,68034,0,0,0,3047,171483
453,-1818,68707,0,0,0,3222,171483
454,-2783,69334,0,0,0,3450,171483
455,-3611,69872,0,0,0,3715,171483
456,-4161,70230,0,0,0,4000,155252
457,-4561,70489,0,0,0,4285,155252
458,-4697,70578,0,0,0,4550,155252
459,-4561,70489,0,0,0,4778,155252
460,-4161,70230,0,0,0,4953,155252
461,-3525,69816,0,0,0,5063,155252
462,-2697,69278,0,0,0,5100,155252
463,-1732,68651,79999,57600,22400,5063,155252
464,-697,67978,154547,111274,43273,4953,155252
465,338,67305,218563,157365,61198,4778,155252
466,1303,66678,267683,192732,74951,4550,155252
467,2132,66139,298562,214965,83597,4285,155252
468,2767,65726,309094,222548,86546,4000,155252
469,3167,65467,298562,214965,83597,3715,155252
470,3303,65378,267683,192732,74951,3450,155252
471,3167,65467,218563,157365,61198,3222,155252
472,2767,65726,154547,111274,43273,3047,155252
473,2132,66139,79999,57600,22400,2937,155252
474,1303,66678,0,0,0,2900,155252
475,338,67305,0,0,0,2937,155252
476,-697,67978,0,0,0,3047,155252
477,-1732,68651,0,0,0,3222,155252
478,-2697,69278,0,0,0,3450,155252
479,-3525,69816,0,0,0,3715,155252
480,-4072,70172,0,0,0,4000,161045
481,-4472,70432,0,0,0,4285,161045
482,-4608,70520,0,0,0,4550,161045
483,-4472,70432,0,0,0,4778,161045
484,-4072,70172,0,0,0,4953,161045
485,-3437,69759,0,0,0,5063,161045
486,-2608,69220,0,0,0,5100,161045
487,-1644,68593,80687,58095,22592,5063,161045
488,-608,67920,155876,112230,43645,4953,161045
489,427,67247,220441,158718,61724,4778,161045
490,1392,66620,269985,194389,75596,4550,161045
491,2220,66082,301129,216813,84316,4285,161045
492,2856,65669,311751,224461,87290,4000,161045
493,3255,65409,301129,216813,84316,3715,161045
494,3392,65320,269985,194389,75596,3450,161045
495,3255,65409,220441,158718,61724,3222,161045
496,2856,65669,155876,112230,43645,3047,161045
497,2220,66082,80687,58095,22592,2937,161045
498,1392,66620,0,0,0,2900,161045
499,427,67247,0,0,0,2937,161045
500,-608,67920,0,0,0,3047,161045
501,-1644,68593,0,0,0,3222,161045
502,-2608,69220,0,0,0,3450,161045
503,-3437,69759,0,0,0,3715,161045
504,-3981,70113,0,0,0,4000,184500
505,-4381,70372,0,0,0,4285,184500
506,-4517,70461,0,0,0,4550,184500
507,-4381,70372,0,0,0,4778,184500
508,-3981,70113,0,0,0,4953,184500
509,-3345,69700,0,0,0,5063,184500
510,-2517,69161,0,0,0,5100,184500
511,-1552,68534,81396,58605,22791,5063,184500
512,-517,67861,157245,113216,44029,4953,184500
513,518,67188,222378,160112,62266,4778,184500
514,1483,66561,272356,196096,76260,4550,184500
515,2311,66023,303773,218717,85057,4285,184500
516,2947,65609,314489,226432,88057,4000,184500
517,3347,65350,303773,218717,85057,3715,184500
518,3483,65261,272356,196096,76260,3450,184500
519,3347,65350,222378,160112,62266,3222,184500
520,2947,65609,157245,113216,44029,3047,184500
521,2311,66023,81396,58605,22791,2937,184500
522,1483,66561,0,0,0,2900,184500
523,518,67188,0,0,0,2937,184500
524,-517,67861,0,0,0,3047,184500
525,-1552,68534,0,0,0,3222,184500
526,-2517,69161,0,0,0,3450,184500
527,-3345,69700,0,0,0,3715,184500
528,-3887,70052,0,0,0,4000,207955
529,-4287,70311,0,0,0,4285,207955
530,-4423,70400,0,0,0,4550,207955
531,-4287,70311,0,0,0,4778,207955
532,-3887,70052,0,0,0,4953,207955
533,-3252,69638,0,0,0,5063,207955
534,-2423,69100,0,0,0,5100,207955
535,-1458,68473,82125,59130,22995,5063,207955
536,-423,67800,158654,114231,44423,4953,207955
537,612,67127,224370,161547,62824,4778,207955
538,1577,66500,274796,197853,76943,4550,207955
539,2405,65962,306496,220677,85819,4285,207955
540,3041,65548,317308,228461,88846,4000,207955
541,3441,65289,306496,220677,85819,3715,207955
542,3577,65200,274796,197853,76943,3450,207955
543,3441,65289,224370,161547,62824,3222,207955
544,3041,65548,158654,114231,44423,3047,207955
545,2405,65962,82125,59130,22995,2937,207955
546,1577,66500,0,0,0,2900,207955
547,612,67127,0,0,0,2937,207955
548,-423,67800,0,0,0,3047,207955
549,-1458,68473,0,0,0,3222,207955
550,-2423,69100,0,0,0,3450,207955
551,-3252,69638,0,0,0,3715,207955
552,-3791,69989,0,0,0,4000,213748
553,-4190,70249,0,0,0,4285,213748
554,-4326,70337,0,0,0,4550,213748
555,-4190,70249,0,0,0,4778,213748
556,-3791,69989,0,0,0,4953,213748
557,-3155,69576,0,0,0,5063,213748
558,-2326,69037,0,0,0,5100,213748
559,-1362,68410,82875,59670,23205,5063,213748
560,-326,67737,160103,115274,44829,4953,213748
561,709,67064,226419,163022,63397,4778,213748
562,1674,66437,277306,199660,77646,4550,213748
563,2502,65899,309294,222692,86602,4285,213748
564,3138,65486,320205,230548,89657,4000,213748
565,3537,65226,309294,222692,86602,3715,213748
566,3674,65137,277306,199660,77646,3450,213748
567,3537,65226,226419,163022,63397,3222,213748
568,3138,65486,160103,115274,44829,3047,213748
569,2502,65899,82875,59670,23205,2937,213748
570,1674,66437,0,0,0,2900,213748
571,709,67064,0,0,0,2937,213748
572,-326,67737,0,0,0,3047,213748
573,-1362,68410,0,0,0,3222,213748
574,-2326,69037,0,0,0,3450,213748
575,-3155,69576,0,0,0,3715,213748
576,-3691,69924,0,0,0,4000,197517
577,-4091,70184,0,0,0,4285,197517
578,-4227,70273,0,0,0,4550,197517
579,-4091,70184,0,0,0,4778,197517
580,-3691,69924,0,0,0,4953,197517
581,-3056,69511,0,0,0,5063,197517
582,-2227,68973,0,0,0,5100,197517
583,-1263,68346,83645,60225,23421,5063,197517
584,-227,67673,161591,116345,45245,4953,197517
585,808,67000,228524,164537,63987,4778,197517
586,1773,66373,279883,201516,78367,4550,197517
587,2601,65834,312169,224762,87407,4285,197517
588,3237,65421,323181,232691,90491,4000,197517
589,3636,65161,312169,224762,87407,3715,197517
590,3773,65073,279883,201516,78367,3450,197517
591,3636,65161,228524,164537,63987,3222,197517
592,3237,65421,161591,116345,45245,3047,197517
593,2601,65834,83645,60225,23421,2937,197517
594,1773,66373,0,0,0,2900,197517
595,808,67000,0,0,0,2937,197517
596,-227,67673,0,0,0,3047,197517
597,-1263,68346,0,0,0,3222,197517
598,-2227,68973,0,0,0,3450,197517
599,-3056,69511,0,0,0,3715,197517
600,-3590,69858,0,0,0,4000,171483
601,-3989,70118,0,0,0,4285,171483
602,-4126,70207,0,0,0,4550,171483
603,-3989,70118,0,0,0,4778,171483
604,-3590,69858,0,0,0,4953,171483
605,-2954,69445,0,0,0,5063,171483
606,-2126,68907,0,0,0,5100,171483
607,-1161,68280,84436,60794,23642,5063,171483
608,-126,67607,163117,117445,45673,4953,171483
609,910,66934,230683,166092,64591,4778,171483
610,1874,66307,282528,203420,79108,4550,171483
611,2703,65768,315119,226885,88233,4285,171483
612,3339,65355,326235,234889,91346,4000,171483
613,3738,65095,315119,226885,88233,3715,171483
614,3874,65007,282528,203420,79108,3450,171483
615,3738,65095,230683,166092,64591,3222,171483
616,3339,65355,163117,117445,45673,3047,171483
617,2703,65768,84436,60794,23642,2937,171483
618,1874,66307,0,0,0,2900,171483
619,910,66934,0,0,0,2937,171483
620,-126,67607,0,0,0,3047,171483
621,-1161,68280,0,0,0,3222,171483
622,-2126,68907,0,0,0,3450,171483
623,-2954,69445,0,0,0,3715,171483
624,-3485,69790,0,0,0,4000,155252
625,-3885,70050,0,0,0,4285,155252
626,-4021,70139,0,0,0,4550,155252
627,-3885,70050,0,0,0,4778,155252
628,-3485,69790,0,0,0,4953,155252
629,-2850,69377,0,0,0,5063,155252
630,-2021,68839,0,0,0,5100,155252
631,-1056,68212,85246,61377,23869,5063,155252
632,-21,67539,164683,118571,46111,4953,155252
633,1014,66866,232896,167685,65211,4778,155252
634,1979,66239,285239,205372,79867,4550,155252
635,2807,65700,318142,229062,89080,4285,155252
636,3443,65287,329365,237143,92222,4000,155252
637,3843,65027,318142,229062,89080,3715,155252
638,3979,64939,285239,205372,79867,3450,155252
639,3843,65027,232896,167685,65211,3222,155252
640,3443,65287,164683,118571,46111,3047,155252
641,2807,65700,85246,61377,23869,2937,155252
642,1979,66239,0,0,0,2900,155252
643,1014,66866,0,0,0,2937,155252
644,-21,67539,0,0,0,3047,155252
645,-1056,68212,0,0,0,3222,155252
646,-2021,68839,0,0,0,3450,155252
647,-2850,69377,0,0,0,3715,155252
648,-3378,69721,0,0,0,4000,161045
649,-3778,69981,0,0,0,4285,161045
650,-3914,70069,0,0,0,4550,161045
651,-3778,69981,0,0,0,4778,161045
652,-3378,69721,0,0,0,4953,161045
653,-2743,69308,0,0,0,5063,161045
654,-1914,68769,0,0,0,5100,161045
655,-950,68142,86076,61975,24101,5063,161045
656,86,67469,166286,119726,46560,4953,161045
657,1121,66796,235163,169318,65846,4778,161045
658,2086,66169,288015,207371,80644,4550,161045
659,2914,65631,321239,231292,89947,4285,161045
660,3550,65218,332571,239451,93120,4000,161045
661,3949,64958,321239,231292,89947,3715,161045
662,4086,64869,288015,207371,80644,3450,161045
663,3949,64958,235163,169318,65846,3222,161045
664,3550,65218,166286,119726,46560,3047,161045
665,2914,65631,86076,61975,24101,2937,161045
666,2086,66169,0,0,0,2900,161045
667,1121,66796,0,0,0,2937,161045
668,86,67469,0,0,0,3047,161045
669,-950,68142,0,0,0,3222,161045
670,-1914,68769,0,0,0,3450,161045
671,-2743,69308,0,0,0,3715,161045
672,-3269,69650,0,0,0,4000,184500
673,-3669,69910,0,0,0,4285,184500
674,-3805,69998,0,0,0,4550,184500
675,-3669,69910,0,0,0,4778,184500
676,-3269,69650,0,0,0,4953,184500
677,-2633,69237,0,0,0,5063,184500
678,-1805,68698,0,0,0,5100,184500
679,-840,68071,86925,62586,24339,5063,184500
680,195,67398,167926,120907,47019,4953,184500
681,1230,66725,237483,170988,66495,4778,184500
682,2195,66098,290856,209417,81440,4550,184500
683,3023,65560,324408,233574,90834,4285,184500
684,3659,65147,335852,241814,94039,4000,184500
685,4059,64887,324408,233574,90834,3715,184500
686,4195,64798,290856,209417,81440,3450,184500
687,4059,64887,237483,170988,66495,3222,184500
688,3659,65147,167926,120907,47019,3047,184500
689,3023,65560,86925,62586,24339,2937,184500
690,2195,66098,0,0,0,2900,184500
691,1230,66725,0,0,0,2937,184500
692,195,67398,0,0,0,3047,184500
693,-840,68071,0,0,0,3222,184500
694,-1805,68698,0,0,0,3450,184500
695,-2633,69237,0,0,0,3715,184500
696,-3157,69577,0,0,0,4000,207955
697,-3557,69837,0,0,0,4285,207955
698,-3693,69926,0,0,0,4550,207955
699,-3557,69837,0,0,0,4778,207955
700,-3157,69577,0,0,0,4953,207955
701,-2522,69164,0,0,0,5063,207955
702,-1693,68626,0,0,0,5100,207955
703,-728,67998,87793,63211,24582,5063,207955
704,307,67326,169603,122114,47489,4953,207955
705,1342,66653,239855,172696,67160,4778,207955
706,2307,66026,293762,211508,82253,4550,207955
707,3135,65487,327649,235907,91742,4285,207955
708,3771,65074,339207,244229,94978,4000,207955
709,4171,64814,327649,235907,91742,3715,207955
710,4307,64726,293762,211508,82253,3450,207955
711,4171,64814,239855,172696,67160,3222,207955
712,3771,65074,169603,122114,47489,3047,207955
713,3135,65487,87793,63211,24582,2937,207955
714,2307,66026,0,0,0,2900,207955
715,1342,66653,0,0,0,2937,207955
716,307,67326,0,0,0,3047,207955
717,-728,67998,0,0,0,3222,207955
718,-1693,68626,0,0,0,3450,207955
719,-2522,69164,0,0,0,3715,207955
720,-3043,69503,0,0,0,4000,213748
721,-3443,69763,0,0,0,4285,213748
722,-3579,69851,0,0,0,4550,213748
723,-3443,69763,0,0,0,4778,213748
724,-3043,69503,0,0,0,4953,213748
725,-2407,69090,0,0,0,5063,213748
726,-1579,68551,0,0,0,5100,213748
727,-614,67924,88680,63850,24830,5063,213748
728,421,67251,171317,123348,47969,4953,213748
729,1456,66578,242279,174441,67838,4778,213748
730,2421,65951,296730,213646,83084,4550,213748
731,3250,65413,330959,238291,92669,4285,213748
732,3885,65000,342634,246697,95938,4000,213748
733,4285,64740,330959,238291,92669,3715,213748
734,4421,64651,296730,213646,83084,3450,213748
735,4285,64740,242279,174441,67838,3222,213748
736,3885,65000,171317,123348,47969,3047,213748
737,3250,65413,88680,63850,24830,2937,213748
738,2421,65951,0,0,0,2900,213748
739,1456,66578,0,0,0,2937,213748
740,421,67251,0,0,0,3047,213748
741,-614,67924,0,0,0,3222,213748
742,-1579,68551,0,0,0,3450,213748
743,-2407,69090,0,0,0,3715,213748
744,-2926,69427,0,0,0,4000,197517
745,-3326,69687,0,0,0,4285,197517
746,-3462,69775,0,0,0,4550,197517
747,-3326,69687,0,0,0,4778,197517
748,-2926,69427,0,0,0,4953,197517
749,-2291,69014,0,0,0,5063,197517
750,-1462,68475,0,0,0,5100,197517
751,-497,67848,89586,64502,25084,5063,197517
752,538,67175,173067,124608,48459,4953,197517
753,1573,66503,244753,176222,68531,4778,197517
754,2538,65875,299761,215828,83933,4550,197517
755,3366,65337,334339,240724,93615,4285,197517
756,4002,64924,346134,249216,96917,4000,197517
757,4401,64664,334339,240724,93615,3715,197517
758,4538,64575,299761,215828,83933,3450,197517
759,4401,64664,244753,176222,68531,3222,197517
760,4002,64924,173067,124608,48459,3047,197517
761,3366,65337,89586,64502,25084,2937,197517
762,2538,65875,0,0,0,2900,197517
763,1573,66503,0,0,0,2937,197517
764,538,67175,0,0,0,3047,197517
765,-497,67848,0,0,0,3222,197517
766,-1462,68475,0,0,0,3450,197517
767,-2291,69014,0,0,0,3715,197517
768,-2807,69350,0,0,0,4000,171483
769,-3207,69609,0,0,0,4285,171483
770,-3343,69698,0,0,0,4550,171483
771,-3207,69609,0,0,0,4778,171483
772,-2807,69350,0,0,0,4953,171483
773,-2172,68937,0,0,0,5063,171483
774,-1343,68398,0,0,0,5100,171483
775,-378,67771,90510,65167,25343,5063,171483
776,657,67098,174852,125893,48959,4953,171483
777,1692,66425,247278,178040,69238,4778,171483
778,2657,65798,302852,218054,84799,4550,171483
779,3485,65260,337788,243207,94581,4285,171483
780,4121,64846,349704,251787,97917,4000,171483
781,4520,64587,337788,243207,94581,3715,171483
782,4657,64498,302852,218054,84799,3450,171483
783,4520,64587,247278,178040,69238,3222,171483
784,4121,64846,174852,125893,48959,3047,171483
785,3485,65260,90510,65167,25343,2937,171483
786,2657,65798,0,0,0,2900,171483
787,1692,66425,0,0,0,2937,171483
788,657,67098,0,0,0,3047,171483
789,-378,67771,0,0,0,3222,171483
790,-1343,68398,0,0,0,3450,171483
791,-2172,68937,0,0,0,3715,171483
792,-2686,69271,0,0,0,4000,155252
793,-3086,69531,0,0,0,4285,155252
794,-3222,69619,0,0,0,4550,155252
795,-3086,69531,0,0,0,4778,155252
796,-2686,69271,0,0,0,4953,155252
797,-2050,68858,0,0,0,5063,155252
798,-1222,68319,0,0,0,5100,155252
799,-257,67692,91452,65845,25607,5063,155252
800,778,67019,176672,127204,49468,4953,155252
801,1813,66346,249852,179893,69958,4778,155252
802,2778,65719,306005,220323,85681,4550,155252
803,3607,65181,341304,245739,95565,4285,155252
804,4242,64768,353344,254407,98936,4000,155252
805,4642,64508,341304,245739,95565,3715,155252
806,4778,64419,306005,220323,85681,3450,155252
807,4642,64508,249852,179893,69958,3222,155252
808,4242,64768,176672,127204,49468,3047,155252
809,3607,65181,91452,65845,25607,2937,155252
810,2778,65719,0,0,0,2900,155252
811,1813,66346,0,0,0,2937,155252
812,778,67019,0,0,0,3047,155252
813,-257,67692,0,0,0,3222,155252
814,-1222,68319,0,0,0,3450,155252
815,-2050,68858,0,0,0,3715,155252
816,-2562,69191,0,0,0,4000,161045
817,-2962,69450,0,0,0,4285,161045
818,-3098,69539,0,0,0,4550,161045
819,-2962,69450,0,0,0,4778,161045
820,-2562,69191,0,0,0,4953,161045
821,-1927,68777,0,0,0,5063,161045
822,-1098,68239,0,0,0,5100,161045
823,-134,67612,92412,66537,25875,5063,161045
824,902,66939,178526,128539,49987,4953,161045
825,1937,66266,252474,181781,70693,4778,161045
826,2902,65639,309216,222636,86581,4550,161045
827,3730,65100,344886,248318,96568,4285,161045
828,4366,64687,357052,257078,99975,4000,161045
829,4765,64427,344886,248318,96568,3715,161045
830,4902,64339,309216,222636,86581,3450,161045
831,4765,64427,252474,181781,70693,3222,161045
832,4366,64687,178526,128539,49987,3047,161045
833,3730,65100,92412,66537,25875,2937,161045
834,2902,65639,0,0,0,2900,161045
835,1937,66266,0,0,0,2937,161045
836,902,66939,0,0,0,3047,161045
837,-134,67612,0,0,0,3222,161045
838,-1098,68239,0,0,0,3450,161045
839,-1927,68777,0,0,0,3715,161045
840,-2436,69109,0,0,0,4000,184500
841,-2836,69368,0,0,0,4285,184500
842,-2972,69457,0,0,0,4550,184500
843,-2836,69368,0,0,0,4778,184500
844,-2436,69109,0,0,0,4953,184500
845,-1801,68696,0,0,0,5063,184500
846,-972,68157,0,0,0,5100,184500
847,-8,67530,93389,67240,26149,5063,184500
848,1028,66857,180414,129898,50516,4953,184500
849,2063,66184,255144,183704,71440,4778,184500
850,3028,65557,312486,224990,87496,4550,184500
851,3856,65019,348533,250944,97589,4285,184500
852,4492,64605,360828,259796,101032,4000,184500
853,4891,64346,348533,250944,97589,3715,184500
854,5028,64257,312486,224990,87496,3450,184500
855,4891,64346,255144,183704,71440,3222,184500
856,4492,64605,180414,129898,50516,3047,184500
857,3856,65019,93389,67240,26149,2937,184500
858,3028,65557,0,0,0,2900,184500
859,2063,66184,0,0,0,2937,184500
860,1028,66857,0,0,0,3047,184500
861,-8,67530,0,0,0,3222,184500
862,-972,68157,0,0,0,3450,184500
863,-1801,68696,0,0,0,3715,184500
864,-2308,69025,0,0,0,4000,207955
865,-2708,69285,0,0,0,4285,207955
866,-2844,69374,0,0,0,4550,207955
867,-2708,69285,0,0,0,4778,207955
868,-2308,69025,0,0,0,4953,207955
869,-1673,68612,0,0,0,5063,207955
870,-844,68074,0,0,0,5100,207955
871,120,67447,94384,67956,26427,5063,207955
872,1156,66774,182335,131281,51054,4953,207955
873,2191,66101,257861,185660,72201,4778,207955
874,3156,65474,315814,227386,88428,4550,207955
875,3984,64935,352245,253616,98629,4285,207955
876,4620,64522,364671,262563,102108,4000,207955
877,5019,64262,352245,253616,98629,3715,207955
878,5156,64174,315814,227386,88428,3450,207955
879,5019,64262,257861,185660,72201,3222,207955
880,4620,64522,182335,131281,51054,3047,207955
881,3984,64935,94384,67956,26427,2937,207955
882,3156,65474,0,0,0,2900,207955
883,2191,66101,0,0,0,2937,207955
884,1156,66774,0,0,0,3047,207955
885,120,67447,0,0,0,3222,207955
886,-844,68074,0,0,0,3450,207955
887,-1673,68612,0,0,0,3715,207955
888,-2178,68941,0,0,0,4000,213748
889,-2578,69201,0,0,0,4285,213748
890,-2714,69289,0,0,0,4550,213748
891,-2578,69201,0,0,0,4778,213748
892,-2178,68941,0,0,0,4953,213748
893,-1542,68528,0,0,0,5063,213748
894,-714,67989,0,0,0,5100,213748
895,251,67362,95395,68684,26711,5063,213748
896,1286,66689,184289,132688,51601,4953,213748
897,2321,66016,260624,187649,72975,4778,213748
898,3286,65389,319198,229823,89376,4550,213748
899,4114,64851,356019,256334,99685,4285,213748
900,4750,64437,368578,265376,103202,4000,213748
901,5150,64178,356019,256334,99685,3715,213748
902,5286,64089,319198,229823,89376,3450,213748
903,5150,64178,260624,187649,72975,3222,213748
904,4750,64437,184289,132688,51601,3047,213748
905,4114,64851,95395,68684,26711,2937,213748
906,3286,65389,0,0,0,2900,213748
907,2321,66016,0,0,0,2937,213748
908,1286,66689,0,0,0,3047,213748
909,251,67362,0,0,0,3222,213748
910,-714,67989,0,0,0,3450,213748
911,-1542,68528,0,0,0,3715,213748
912,-2046,68855,0,0,0,4000,197517
913,-2445,69114,0,0,0,4285,197517
914,-2582,69203,0,0,0,4550,197517
915,-2445,69114,0,0,0,4778,197517
916,-2046,68855,0,0,0,4953,197517
917,-1410,68442,0,0,0,5063,197517
918,-582,67903,0,0,0,5100,197517
919,383,67276,96423,69425,26998,5063,197517
920,1418,66603,186275,134118,52157,4953,197517
921,2454,65930,263433,189672,73761,4778,197517
922,3418,65303,322638,232299,90339,4550,197517
923,4247,64765,359856,259096,100760,4285,197517
924,4882,64351,372550,268236,104314,4000,197517
925,5282,64092,359856,259096,100760,3715,197517
926,5418,64003,322638,232299,90339,3450,197517
927,5282,64092,263433,189672,73761,3222,197517
928,4882,64351,186275,134118,52157,3047,197517
929,4247,64765,96423,69425,26998,2937,197517
930,3418,65303,0,0,0,2900,197517
931,2454,65930,0,0,0,2937,197517
932,1418,66603,0,0,0,3047,197517
933,383,67276,0,0,0,3222,197517
934,-582,67903,0,0,0,3450,197517
935,-1410,68442,0,0,0,3715,197517
936,-1911,68767,0,0,0,4000,171483
937,-2311,69027,0,0,0,4285,171483
938,-2447,69116,0,0,0,4550,171483
939,-2311,69027,0,0,0,4778,171483
940,-1911,68767,0,0,0,4953,171483
941,-1276,68354,0,0,0,5063,171483
942,-447,67816,0,0,0,5100,171483
943,518,67189,97467,70177,27291,5063,171483
944,1553,66516,188293,135571,52722,4953,171483
945,2588,65843,266286,191726,74560,4778,171483
946,3553,65216,326132,234815,91317,4550,171483
947,4381,64677,363753,261902,101851,4285,171483
948,5017,64264,376585,271141,105444,4000,171483
949,5417,64004,363753,261902,101851,3715,171483
950,5553,63916,326132,234815,91317,3450,171483
951,5417,64004,266286,191726,74560,3222,171483
952,5017,64264,188293,135571,52722,3047,171483
953,4381,64677,97467,70177,27291,2937,171483
954,3553,65216,0,0,0,2900,171483
955,2588,65843,0,0,0,2937,171483
956,1553,66516,0,0,0,3047,171483
957,518,67189,0,0,0,3222,171483
958,-447,67816,0,0,0,3450,171483
959,-1276,68354,0,0,0,3715,171483
960,-1775,68679,0,0,0,4000,155252
961,-2174,68938,0,0,0,4285,155252
962,-2311,69027,0,0,0,4550,155252
963,-2174,68938,0,0,0,4778,155252
964,-1775,68679,0,0,0,4953,155252
965,-1139,68265,0,0,0,5063,155252
966,-311,67727,0,0,0,5100,155252
967,654,67100,98528,70940,27588,5063,155252
968,1689,66427,190341,137045,53295,4953,155252
969,2725,65754,269183,193811,75371,4778,155252
970,3689,65127,329680,237370,92310,4550,155252
971,4518,64588,367710,264751,102959,4285,155252
972,5153,64175,380682,274091,106591,4000,155252
973,5553,63915,367710,264751,102959,3715,155252
974,5689,63827,329680,237370,92310,3450,155252
975,5553,63915,269183,193811,75371,3222,155252
976,5153,64175,190341,137045,53295,3047,155252
977,4518,64588,98528,70940,27588,2937,155252
978,3689,65127,0,0,0,2900,155252
979,2725,65754,0,0,0,2937,155252
980,1689,66427,0,0,0,3047,155252
981,654,67100,0,0,0,3222,155252
982,-311,67727,0,0,0,3450,155252
983,-1139,68265,0,0,0,3715,155252
984,-1636,68588,0,0,0,4000,161045
985,-2036,68848,0,0,0,4285,161045
986,-2172,68937,0,0,0,4550,161045
987,-2036,68848,0,0,0,4778,161045
988,-1636,68588,0,0,0,4953,161045
989,-1000,68175,0,0,0,5063,161045
990,-172,67637,0,0,0,5100,161045
991,793,67010,99604,71715,27889,5063,161045
992,1828,66337,192419,138542,53877,4953,161045
993,2863,65664,272122,195928,76194,4778,161045
994,3828,65037,333280,239962,93318,4550,161045
995,4656,64498,371726,267643,104083,4285,161045
996,5292,64085,384839,277084,107755,4000,161045
997,5692,63825,371726,267643,104083,3715,161045
998,5828,63737,333280,239962,93318,3450,161045
999,5692,63825,272122,195928,76194,3222,161045
1000,5292,64085,192419,138542,53877,3047,161045
1001,4656,64498,99604,71715,27889,2937,161045
1002,3828,65037,0,0,0,2900,161045
1003,2863,65664,0,0,0,2937,161045
1004,1828,66337,0,0,0,3047,161045
1005,793,67010,0,0,0,3222,161045
1006,-172,67637,0,0,0,3450,161045
1007,-1000,68175,0,0,0,3715,161045
1008,-1496,68497,0,0,0,4000,184500
1009,-1895,68757,0,0,0,4285,184500
1010,-2031,68845,0,0,0,4550,184500
1011,-1895,68757,0,0,0,4778,184500
1012,-1496,68497,0,0,0,4953,184500
1013,-860,68084,0,0,0,5063,184500
1014,-31,67545,0,0,0,5100,184500
1015,933,66918,100695,72500,28195,5063,184500
1016,1969,66245,194528,140060,54468,4953,184500
1017,3004,65573,275104,198075,77029,4778,184500
1018,3969,64945,336932,242591,94341,4550,184500
1019,4797,64407,375799,270575,105224,4285,184500
1020,5433,63994,389055,280120,108935,4000,184500
1021,5832,63734,375799,270575,105224,3715,184500
1022,5969,63645,336932,242591,94341,3450,184500
1023,5832,63734,275104,198075,77029,3222,184500
1024,5433,63994,194528,140060,54468,3047,184500
1025,4797,64407,100695,72500,28195,2937,184500
1026,3969,64945,0,0,0,2900,184500
1027,3004,65573,0,0,0,2937,184500
1028,1969,66245,0,0,0,3047,184500
1029,933,66918,0,0,0,3222,184500
1030,-31,67545,0,0,0,3450,184500
1031,-860,68084,0,0,0,3715,184500
1032,-1353,68405,0,0,0,4000,207955
1033,-1753,68664,0,0,0,4285,207955
1034,-1889,68753,0,0,0,4550,207955
1035,-1753,68664,0,0,0,4778,207955
1036,-1353,68405,0,0,0,4953,207955
1037,-717,67991,0,0,0,5063,207955
1038,111,67453,0,0,0,5100,207955
1039,1076,66826,101801,73297,28504,5063,207955
1040,2111,66153,196665,141599,55066,4953,207955
1041,3146,65480,278126,200251,77875,4778,207955
1042,4111,64853,340634,245256,95377,4550,207955
1043,4939,64314,379927,273548,106380,4285,207955
1044,5575,63901,393330,283197,110132,4000,207955
1045,5975,63641,379927,273548,106380,3715,207955
1046,6111,63553,340634,245256,95377,3450,207955
1047,5975,63641,278126,200251,77875,3222,207955
1048,5575,63901,196665,141599,55066,3047,207955
1049,4939,64314,101801,73297,28504,2937,207955
1050,4111,64853,0,0,0,2900,207955
1051,3146,65480,0,0,0,2937,207955
1052,2111,66153,0,0,0,3047,207955
1053,1076,66826,0,0,0,3222,207955
1054,111,67453,0,0,0,3450,207955
1055,-717,67991,0,0,0,3715,207955
1056,-1209,68311,0,0,0,4000,213748
1057,-1608,68570,0,0,0,4285,213748
1058,-1745,68659,0,0,0,4550,213748
1059,-1608,68570,0,0,0,4778,213748
1060,-1209,68311,0,0,0,4953,213748
1061,-573,67897,0,0,0,5063,213748
1062,255,67359,0,0,0,5100,213748
1063,1220,66732,102922,74104,28818,5063,213748
1064,2255,66059,198831,143158,55673,4953,213748
1065,3291,65386,281189,202456,78733,4778,213748
1066,4255,64759,344385,247957,96428,4550,213748
1067,5084,64221,384111,276560,107551,4285,213748
1068,5719,63807,397661,286316,111345,4000,213748
1069,6119,63548,384111,276560,107551,3715,213748
1070,6255,63459,344385,247957,96428,3450,213748
1071,6119,63548,281189,202456,78733,3222,213748
1072,5719,63807,198831,143158,55673,3047,213748
1073,5084,64221,102922,74104,28818,2937,213748
1074,4255,64759,0,0,0,2900,213748
1075,3291,65386,0,0,0,2937,213748
1076,2255,66059,0,0,0,3047,213748
1077,1220,66732,0,0,0,3222,213748
1078,255,67359,0,0,0,3450,213748
1079,-573,67897,0,0,0,3715,213748
1080,-1063,68216,0,0,0,4000,197517
1081,-1462,68475,0,0,0,4285,197517
1082,-1598,68564,0,0,0,4550,197517
1083,-1462,68475,0,0,0,4778,197517
1084,-1063,68216,0,0,0,4953,197517
1085,-427,67802,0,0,0,5063,197517
1086,402,67264,0,0,0,5100,197517
1087,1366,66637,104058,74922,29136,5063,197517
1088,2402,65964,201024,144737,56287,4953,197517
1089,3437,65291,284291,204689,79601,4778,197517
1090,4402,64664,348184,250692,97491,4550,197517
1091,5230,64125,388348,279611,108738,4285,197517
1092,5866,63712,402048,289474,112573,4000,197517
1093,6265,63453,388348,279611,108738,3715,197517
1094,6402,63364,348184,250692,97491,3450,197517
1095,6265,63453,284291,204689,79601,3222,197517
1096,5866,63712,201024,144737,56287,3047,197517
1097,5230,64125,104058,74922,29136,2937,197517
1098,4402,64664,0,0,0,2900,197517
1099,3437,65291,0,0,0,2937,197517
1100,2402,65964,0,0,0,3047,197517
1101,1366,66637,0,0,0,3222,197517
1102,402,67264,0,0,0,3450,197517
1103,-427,67802,0,0,0,3715,197517
1104,-914,68119,0,0,0,4000,171483
1105,-1314,68379,0,0,0,4285,171483
1106,-1450,68468,0,0,0,4550,171483
1107,-1314,68379,0,0,0,4778,171483
1108,-914,68119,0,0,0,4953,171483
1109,-279,67706,0,0,0,5063,171483
1110,550,67168,0,0,0,5100,171483
1111,1514,66541,105207,75749,29458,5063,171483
1112,2550,65868,203244,146336,56908,4953,171483
1113,3585,65195,287431,206950,80481,4778,171483
1114,4550,64568,352030,253461,98568,4550,171483
1115,5378,64029,392638,282699,109939,4285,171483
1116,6014,63616,406489,292672,113817,4000,171483
1117,6413,63356,392638,282699,109939,3715,171483
1118,6550,63268,352030,253461,98568,3450,171483
1119,6413,63356,287431,206950,80481,3222,171483
1120,6014,63616,203244,146336,56908,3047,171483
1121,5378,64029,105207,75749,29458,2937,171483
1122,4550,64568,0,0,0,2900,171483
1123,3585,65195,0,0,0,2937,171483
1124,2550,65868,0,0,0,3047,171483
1125,1514,66541,0,0,0,3222,171483
1126,550,67168,0,0,0,3450,171483
1127,-279,67706,0,0,0,3715,171483
1128,-765,68022,0,0,0,4000,155252
1129,-1164,68282,0,0,0,4285,155252
1130,-1301,68370,0,0,0,4550,155252
1131,-1164,68282,0,0,0,4778,155252
1132,-765,68022,0,0,0,4953,155252
1133,-129,67609,0,0,0,5063,155252
1134,699,67070,0,0,0,5100,155252
1135,1664,66443,106370,76587,29784,5063,155252
1136,2699,65770,205491,147954,57538,4953,155252
1137,3735,65097,290609,209238,81370,4778,155252
1138,4699,64470,355922,256264,99658,4550,155252
1139,5528,63932,396979,285825,111154,4285,155252
1140,6164,63519,410983,295908,115075,4000,155252
1141,6563,63259,396979,285825,111154,3715,155252
1142,6699,63170,355922,256264,99658,3450,155252
1143,6563,63259,290609,209238,81370,3222,155252
1144,6164,63519,205491,147954,57538,3047,155252
1145,5528,63932,106370,76587,29784,2937,155252
1146,4699,64470,0,0,0,2900,155252
1147,3735,65097,0,0,0,2937,155252
1148,2699,65770,0,0,0,3047,155252
1149,1664,66443,0,0,0,3222,155252
1150,699,67070,0,0,0,3450,155252
1151,-129,67609,0,0,0,3715,155252
1152,-613,67924,0,0,0,4000,161045
1153,-1013,68183,0,0,0,4285,161045
1154,-1149,68272,0,0,0,4550,161045
1155,-1013,68183,0,0,0,4778,161045
1156,-613,67924,0,0,0,4953,161045
1157,23,67510,0,0,0,5063,161045
1158,851,66972,0,0,0,5100,161045
1159,1816,66345,107547,77434,30113,5063,161045
1160,2851,65672,207764,149590,58174,4953,161045
1161,3886,64999,293823,211553,82270,4778,161045
1162,4851,64372,359858,259098,100760,4550,161045
1163,5679,63833,401370,288986,112383,4285,161045
1164,6315,63420,415528,299180,116348,4000,161045
1165,6715,63160,401370,288986,112383,3715,161045
1166,6851,63072,359858,259098,100760,3450,161045
1167,6715,63160,293823,211553,82270,3222,161045
1168,6315,63420,207764,149590,58174,3047,161045
1169,5679,63833,107547,77434,30113,2937,161045
1170,4851,64372,0,0,0,2900,161045
1171,3886,64999,0,0,0,2937,161045
1172,2851,65672,0,0,0,3047,161045
1173,1816,66345,0,0,0,3222,161045
1174,851,66972,0,0,0,3450,161045
1175,23,67510,0,0,0,3715,161045
1176,-460,67824,0,0,0,4000,184500
1177,-860,68084,0,0,0,4285,184500
1178,-996,68172,0,0,0,4550,184500
1179,-860,68084,0,0,0,4778,184500
1180,-460,67824,0,0,0,4953,184500
1181,176,67411,0,0,0,5063,184500
1182,1004,66872,0,0,0,5100,184500
1183,1969,66245,108736,78290,30446,5063,184500
1184,3004,65572,210062,151245,58817,4953,184500
1185,4039,64899,297073,213892,83180,4778,184500
1186,5004,64272,363838,261963,101875,4550,184500
1187,5833,63734,405809,292182,113626,4285,184500
1188,6468,63321,420124,302489,117635,4000,184500
1189,6868,63061,405809,292182,113626,3715,184500
1190,7004,62972,363838,261963,101875,3450,184500
1191,6868,63061,297073,213892,83180,3222,184500
1192,6468,63321,210062,151245,58817,3047,184500
1193,5833,63734,108736,78290,30446,2937,184500
1194,5004,64272,0,0,0,2900,184500
1195,4039,64899,0,0,0,2937,184500
1196,3004,65572,0,0,0,3047,184500
1197,1969,66245,0,0,0,3222,184500
1198,1004,66872,0,0,0,3450,184500
1199,176,67411,0,0,0,3715,184500
1200,-305,67723,0,0,0,4000,207955
1201,-705,67983,0,0,0,4285,207955
1202,-841,68072,0,0,0,4550,207955
1203,-705,67983,0,0,0,4778,207955
1204,-305,67723,0,0,0,4953,207955
1205,331,67310,0,0,0,5063,207955
1206,1159,66772,0,0,0,5100,207955
1207,2124,66145,109938,79156,30783,5063,207955
1208,3159,65472,212384,152917,59468,4953,207955
1209,4194,64799,300357,216257,84100,4778,207955
1210,5159,64172,367860,264860,103001,4550,207955
1211,5987,63633,410295,295412,114883,4285,207955
1212,6623,63220,424769,305833,118935,4000,207955
1213,7023,62960,410295,295412,114883,3715,207955
1214,7159,62872,367860,264860,103001,3450,207955
1215,7023,62960,300357,216257,84100,3222,207955
1216,6623,63220,212384,152917,59468,3047,207955
1217,5987,63633,109938,79156,30783,2937,207955
1218,5159,64172,0,0,0,2900,207955
1219,4194,64799,0,0,0,2937,207955
1220,3159,65472,0,0,0,3047,207955
1221,2124,66145,0,0,0,3222,207955
1222,1159,66772,0,0,0,3450,207955
1223,331,67310,0,0,0,3715,207955
1224,-149,67622,0,0,0,4000,213748
1225,-548,67881,0,0,0,4285,213748
1226,-685,67970,0,0,0,4550,213748
1227,-548,67881,0,0,0,4778,213748
1228,-149,67622,0,0,0,4953,213748
1229,487,67208,0,0,0,5063,213748
1230,1315,66670,0,0,0,5100,213748
1231,2280,66043,111153,80030,31123,5063,213748
1232,3315,65370,214730,154606,60124,4953,213748
1233,4351,64697,303675,218646,85029,4778,213748
1234,5315,64070,371924,267785,104139,4550,213748
1235,6144,63532,414827,298676,116152,4285,213748
1236,6779,63118,429461,309212,120249,4000,213748
1237,7179,62859,414827,298676,116152,3715,213748
1238,7315,62770,371924,267785,104139,3450,213748
1239,7179,62859,303675,218646,85029,3222,213748
1240,6779,63118,214730,154606,60124,3047,213748
1241,6144,63532,111153,80030,31123,2937,213748
1242,5315,64070,0,0,0,2900,213748
1243,4351,64697,0,0,0,2937,213748
1244,3315,65370,0,0,0,3047,213748
1245,2280,66043,0,0,0,3222,213748
1246,1315,66670,0,0,0,3450,213748
1247,487,67208,0,0,0,3715,213748
1248,9,67519,0,0,0,4000,197517
1249,-390,67779,0,0,0,4285,197517
1250,-527,67867,0,0,0,4550,197517
1251,-390,67779,0,0,0,4778,197517
1252,9,67519,0,0,0,4953,197517
1253,645,67106,0,0,0,5063,197517
1254,1473,66567,0,0,0,5100,197517
1255,2438,65940,112379,80913,31466,5063,197517
1256,3473,65267,217099,156312,60788,4953,197517
1257,4509,64594,307025,221058,85967,4778,197517
1258,5473,63967,376027,270740,105288,4550,197517
1259,6302,63429,419404,301971,117433,4285,197517
1260,6937,63016,434199,312623,121576,4000,197517
1261,7337,62756,419404,301971,117433,3715,197517
1262,7473,62667,376027,270740,105288,3450,197517
1263,7337,62756,307025,221058,85967,3222,197517
1264,6937,63016,217099,156312,60788,3047,197517
1265,6302,63429,112379,80913,31466,2937,197517
1266,5473,63967,0,0,0,2900,197517
1267,4509,64594,0,0,0,2937,197517
1268,3473,65267,0,0,0,3047,197517
1269,2438,65940,0,0,0,3222,197517
1270,1473,66567,0,0,0,3450,197517
1271,645,67106,0,0,0,3715,197517
1272,169,67415,0,0,0,4000,171483
1273,-231,67675,0,0,0,4285,171483
1274,-367,67764,0,0,0,4550,171483
1275,-231,67675,0,0,0,4778,171483
1276,169,67415,0,0,0,4953,171483
1277,804,67002,0,0,0,5063,171483
1278,1633,66464,0,0,0,5100,171483
1279,2597,65837,113617,81804,31813,5063,171483
1280,3633,65164,219491,158033,61457,4953,171483
1281,4668,64491,310407,223493,86914,4778,171483
1282,5633,63864,380169,273722,106447,4550,171483
1283,6461,63325,424024,305297,118727,4285,171483
1284,7097,62912,438982,316067,122915,4000,171483
1285,7496,62652,424024,305297,118727,3715,171483
1286,7633,62564,380169,273722,106447,3450,171483
1287,7496,62652,310407,223493,86914,3222,171483
1288,7097,62912,219491,158033,61457,3047,171483
1289,6461,63325,113617,81804,31813,2937,171483
1290,5633,63864,0,0,0,2900,171483
1291,4668,64491,0,0,0,2937,171483
1292,3633,65164,0,0,0,3047,171483
1293,2597,65837,0,0,0,3222,171483
1294,1633,66464,0,0,0,3450,171483
1295,804,67002,0,0,0,3715,171483
1296,329,67311,0,0,0,4000,155252
1297,-70,67571,0,0,0,4285,155252
1298,-206,67659,0,0,0,4550,155252
1299,-70,67571,0,0,0,4778,155252
1300,329,67311,0,0,0,4953,155252
1301,965,66898,0,0,0,5063,155252
1302,1794,66359,0,0,0,5100,155252
1303,2758,65732,114866,82703,32162,5063,155252
1304,3794,65059,221904,159771,62133,4953,155252
1305,4829,64386,313819,225950,87869,4778,155252
1306,5794,63759,384349,276731,107618,4550,155252
1307,6622,63221,428685,308653,120032,4285,155252
1308,7258,62807,443808,319542,124266,4000,155252
1309,7657,62548,428685,308653,120032,3715,155252
1310,7794,62459,384349,276731,107618,3450,155252
1311,7657,62548,313819,225950,87869,3222,155252
1312,7258,62807,221904,159771,62133,3047,155252
1313,6622,63221,114866,82703,32162,2937,155252
1314,5794,63759,0,0,0,2900,155252
1315,4829,64386,0,0,0,2937,155252
1316,3794,65059,0,0,0,3047,155252
1317,2758,65732,0,0,0,3222,155252
1318,1794,66359,0,0,0,3450,155252
1319,965,66898,0,0,0,3715,155252
1320,492,67205,0,0,0,4000,161045
1321,92,67465,0,0,0,4285,161045
1322,-44,67554,0,0,0,4550,161045
1323,92,67465,0,0,0,4778,161045
1324,492,67205,0,0,0,4953,161045
1325,1127,66792,0,0,0,5063,161045
1326,1956,66254,0,0,0,5100,161045
1327,2921,65627,116126,83611,32515,5063,161045
1328,3956,64954,224338,161523,62815,4953,161045
1329,4991,64281,317262,228428,88833,4778,161045
1330,5956,63654,388565,279766,108798,4550,161045
1331,6784,63115,433387,312039,121348,4285,161045
1332,7420,62702,448676,323046,125629,4000,161045
1333,7820,62442,433387,312039,121348,3715,161045
1334,7956,62354,388565,279766,108798,3450,161045
1335,7820,62442,317262,228428,88833,3222,161045
1336,7420,62702,224338,161523,62815,3047,161045
1337,6784,63115,116126,83611,32515,2937,161045
1338,5956,63654,0,0,0,2900,161045
1339,4991,64281,0,0,0,2937,161045
1340,3956,64954,0,0,0,3047,161045
1341,2921,65627,0,0,0,3222,161045
1342,1956,66254,0,0,0,3450,161045
1343,1127,66792,0,0,0,3715,161045
1344,655,67099,0,0,0,4000,184500
1345,256,67359,0,0,0,4285,184500
1346,119,67447,0,0,0,4550,184500
1347,256,67359,0,0,0,4778,184500
1348,655,67099,0,0,0,4953,184500
1349,1291,66686,0,0,0,5063,184500
1350,2119,66147,0,0,0,5100,184500
1351,3084,65520,117396,84525,32871,5063,184500
1352,4119,64847,226792,163290,63502,4953,184500
1353,5155,64174,320732,230927,89805,4778,184500
1354,6119,63547,392815,282827,109988,4550,184500
1355,6948,63009,438129,315453,122676,4285,184500
1356,7584,62596,453584,326580,127004,4000,184500
1357,7983,62336,438129,315453,122676,3715,184500
1358,8119,62247,392815,282827,109988,3450,184500
1359,7983,62336,320732,230927,89805,3222,184500
1360,7584,62596,226792,163290,63502,3047,184500
1361,6948,63009,117396,84525,32871,2937,184500
1362,6119,63547,0,0,0,2900,184500
1363,5155,64174,0,0,0,2937,184500
1364,4119,64847,0,0,0,3047,184500
1365,3084,65520,0,0,0,3222,184500
1366,2119,66147,0,0,0,3450,184500
1367,1291,66686,0,0,0,3715,184500
1368,820,66992,0,0,0,4000,207955
1369,421,67252,0,0,0,4285,207955
1370,284,67340,0,0,0,4550,207955
1371,421,67252,0,0,0,4778,207955
1372,820,66992,0,0,0,4953,207955
1373,1456,66579,0,0,0,5063,207955
1374,2284,66040,0,0,0,5100,207955
1375,3249,65413,118677,85447,33229,5063,207955
1376,4284,64740,229266,165071,64194,4953,207955
1377,5320,64067,324231,233446,90785,4778,207955
1378,6284,63440,397100,285912,111188,4550,207955
1379,7113,62902,442907,318893,124014,4285,207955
1380,7748,62488,458531,330143,128389,4000,207955
1381,8148,62229,442907,318893,124014,3715,207955
1382,8284,62140,397100,285912,111188,3450,207955
1383,8148,62229,324231,233446,90785,3222,207955
1384,7748,62488,229266,165071,64194,3047,207955
1385,7113,62902,118677,85447,33229,2937,207955
1386,6284,63440,0,0,0,2900,207955
1387,5320,64067,0,0,0,2937,207955
1388,4284,64740,0,0,0,3047,207955
1389,3249,65413,0,0,0,3222,207955
1390,2284,66040,0,0,0,3450,207955
1391,1456,66579,0,0,0,3715,207955
1392,986,66884,0,0,0,4000,213748
1393,587,67144,0,0,0,4285,213748
1394,451,67232,0,0,0,4550,213748
1395,587,67144,0,0,0,4778,213748
1396,986,66884,0,0,0,4953,213748
1397,1622,66471,0,0,0,5063,213748
1398,2451,65932,0,0,0,5100,213748
1399,3415,65305,119967,86376,33591,5063,213748
1400,4451,64632,231758,166866,64892,4953,213748
1401,5486,63959,327755,235984,91771,4778,213748
1402,6451,63332,401417,289020,112397,4550,213748
1403,7279,62794,447722,322360,125362,4285,213748
1404,7915,62380,463516,333732,129784,4000,213748
1405,8314,62121,447722,322360,125362,3715,213748
1406,8451,62032,401417,289020,112397,3450,213748
1407,8314,62121,327755,235984,91771,3222,213748
1408,7915,62380,231758,166866,64892,3047,213748
1409,7279,62794,119967,86376,33591,2937,213748
1410,6451,63332,0,0,0,2900,213748
1411,5486,63959,0,0,0,2937,213748
1412,4451,64632,0,0,0,3047,213748
1413,3415,65305,0,0,0,3222,213748
1414,2451,65932,0,0,0,3450,213748
1415,1622,66471,0,0,0,3715,213748
1416,1154,66775,0,0,0,4000,197517
1417,754,67035,0,0,0,4285,197517
1418,618,67123,0,0,0,4550,197517
1419,754,67035,0,0,0,4778,197517
1420,1154,66775,0,0,0,4953,197517
1421,1789,66362,0,0,0,5063,197517
1422,2618,65823,0,0,0,5100,197517
1423,3583,65196,121266,87312,33955,5063,197517
1424,4618,64523,234268,168673,65595,4953,197517
1425,5653,63850,331306,238540,92766,4778,197517
1426,6618,63223,405765,292151,113614,4550,197517
1427,7446,62685,452572,325852,126720,4285,197517
1428,8082,62272,468537,337346,131190,4000,197517
1429,8482,62012,452572,325852,126720,3715,197517
1430,8618,61923,405765,292151,113614,3450,197517
1431,8482,62012,331306,238540,92766,3222,197517
1432,8082,62272,234268,168673,65595,3047,197517
1433,7446,62685,121266,87312,33955,2937,197517
1434,6618,63223,0,0,0,2900,197517
1435,5653,63850,0,0,0,2937,197517
1436,4618,64523,0,0,0,3047,197517
1437,3583,65196,0,0,0,3222,197517
1438,2618,65823,0,0,0,3450,197517
1439,1789,66362,0,0,0,3715,197517
1440,1322,66666,0,0,0,4000,171483
1441,923,66925,0,0,0,4285,171483
1442,786,67014,0,0,0,4550,171483
1443,923,66925,0,0,0,4778,171483
1444,1322,66666,0,0,0,4953,171483
1445,1958,66252,0,0,0,5063,171483
1446,2786,65714,0,0,0,5100,171483
1447,3751,65087,122575,88254,34321,5063,171483
1448,4786,64414,236796,170493,66303,4953,171483
1449,5822,63741,334880,241114,93766,4778,171483
1450,6786,63114,410143,295303,114840,4550,171483
1451,7615,62575,457455,329367,128087,4285,171483
1452,8251,62162,473592,340986,132606,4000,171483
1453,8650,61902,457455,329367,128087,3715,171483
1454,8786,61814,410143,295303,114840,3450,171483
1455,8650,61902,334880,241114,93766,3222,171483
1456,8251,62162,236796,170493,66303,3047,171483
1457,7615,62575,122575,88254,34321,2937,171483
1458,6786,63114,0,0,0,2900,171483
1459,5822,63741,0,0,0,2937,171483
1460,4786,64414,0,0,0,3047,171483
1461,3751,65087,0,0,0,3222,171483
1462,2786,65714,0,0,0,3450,171483
1463,1958,66252,0,0,0,3715,171483
1464,1492,66555,0,0,0,4000,155252
1465,1092,66815,0,0,0,4285,155252
1466,956,66904,0,0,0,4550,155252
1467,1092,66815,0,0,0,4778,155252
1468,1492,66555,0,0,0,4953,155252
1469,2128,66142,0,0,0,5063,155252
1470,2956,65604,0,0,0,5100,155252
1471,3921,64977,123892,89202,34690,5063,155252
1472,4956,64304,239340,172325,67015,4953,155252
1473,5991,63631,338478,243704,94774,4778,155252
1474,6956,63004,414549,298475,116074,4550,155252
1475,7784,62465,462370,332906,129464,4285,155252
1476,8420,62052,478680,344650,134030,4000,155252
1477,8820,61792,462370,332906,129464,3715,155252
1478,8956,61704,414549,298475,116074,3450,155252
1479,8820,61792,338478,243704,94774,3222,155252
1480,8420,62052,239340,172325,67015,3047,155252
1481,7784,62465,123892,89202,34690,2937,155252
1482,6956,63004,0,0,0,2900,155252
1483,5991,63631,0,0,0,2937,155252
1484,4956,64304,0,0,0,3047,155252
1485,3921,64977,0,0,0,3222,155252
1486,2956,65604,0,0,0,3450,155252
1487,2128,66142,0,0,0,3715,155252
1488,1663,66444,0,0,0,4000,161045
1489,1263,66704,0,0,0,4285,161045
1490,1127,66793,0,0,0,4550,161045
1491,1263,66704,0,0,0,4778,161045
1492,1663,66444,0,0,0,4953,161045
1493,2298,66031,0,0,0,5063,161045
1494,3127,65493,0,0,0,5100,161045
1495,4091,64866,125217,90156,35061,5063,161045
1496,5127,64193,241900,174168,67732,4953,161045
1497,6162,63520,342098,246311,95788,4778,161045
1498,7127,62893,418983,301668,117315,4550,161045
1499,7955,62354,467315,336467,130848,4285,161045
1500,8591,61941,483800,348336,135464,4000,161045
1501,8990,61681,467315,336467,130848,3715,161045
1502,9127,61593,418983,301668,117315,3450,161045
1503,8990,61681,342098,246311,95788,3222,161045
1504,8591,61941,241900,174168,67732,3047,161045
1505,7955,62354,125217,90156,35061,2937,161045
1506,7127,62893,0,0,0,2900,161045
1507,6162,63520,0,0,0,2937,161045
1508,5127,64193,0,0,0,3047,161045
1509,4091,64866,0,0,0,3222,161045
1510,3127,65493,0,0,0,3450,161045
1511,2298,66031,0,0,0,3715,161045
1512,1834,66333,0,0,0,4000,184500
1513,1435,66592,0,0,0,4285,184500
1514,1298,66681,0,0,0,4550,184500
1515,1435,66592,0,0,0,4778,184500
1516,1834,66333,0,0,0,4953,184500
1517,2470,65920,0,0,0,5063,184500
1518,3298,65381,0,0,0,5100,184500
1519,4263,64754,126550,91116,35434,5063,184500
1520,5298,64081,244475,176022,68453,4953,184500
1521,6334,63408,345740,248933,96807,4778,184500
1522,7298,62781,423443,304879,118564,4550,184500
1523,8127,62243,472289,340048,132241,4285,184500
1524,8762,61829,488950,352044,136906,4000,184500
1525,9162,61570,472289,340048,132241,3715,184500
1526,9298,61481,423443,304879,118564,3450,184500
1527,9162,61570,345740,248933,96807,3222,184500
1528,8762,61829,244475,176022,68453,3047,184500
1529,8127,62243,126550,91116,35434,2937,184500
1530,7298,62781,0,0,0,2900,184500
1531,6334,63408,0,0,0,2937,184500
1532,5298,64081,0,0,0,3047,184500
1533,4263,64754,0,0,0,3222,184500
1534,3298,65381,0,0,0,3450,184500
1535,2470,65920,0,0,0,3715,184500
1536,2007,66221,0,0,0,4000,207955
1537,1607,66480,0,0,0,4285,207955
1538,1471,66569,0,0,0,4550,207955
1539,1607,66480,0,0,0,4778,207955
1540,2007,66221,0,0,0,4953,207955
1541,2643,65807,0,0,0,5063,207955
1542,3471,65269,0,0,0,5100,207955
1543,4436,64642,127890,92081,35809,5063,207955
1544,5471,63969,247064,177886,69178,4953,207955
1545,6506,63296,349401,251569,97832,4778,207955
1546,7471,62669,427927,308108,119820,4550,207955
1547,8299,62130,477291,343650,133641,4285,207955
1548,8935,61717,494128,355772,138356,4000,207955
1549,9335,61457,477291,343650,133641,3715,207955
1550,9471,61369,427927,308108,119820,3450,207955
1551,9335,61457,349401,251569,97832,3222,207955
1552,8935,61717,247064,177886,69178,3047,207955
1553,8299,62130,127890,92081,35809,2937,207955
1554,7471,62669,0,0,0,2900,207955
1555,6506,63296,0,0,0,2937,207955
1556,5471,63969,0,0,0,3047,207955
1557,4436,64642,0,0,0,3222,207955
1558,3471,65269,0,0,0,3450,207955
1559,2643,65807,0,0,0,3715,207955
1560,2180,66108,0,0,0,4000,213748
1561,1781,66368,0,0,0,4285,213748
1562,1644,66456,0,0,0,4550,213748
1563,1781,66368,0,0,0,4778,213748
1564,2180,66108,0,0,0,4953,213748
1565,2816,65695,0,0,0,5063,213748
1566,3644,65156,0,0,0,5100,213748
1567,4609,64529,129237,93051,36186,5063,213748
1568,5644,63856,249667,179760,69907,4953,213748
1569,6680,63183,353082,254219,98863,4778,213748
1570,7644,62556,432435,311353,121082,4550,213748
1571,8473,62018,482319,347270,135049,4285,213748
1572,9109,61604,499333,359520,139813,4000,213748
1573,9508,61345,482319,347270,135049,3715,213748
1574,9644,61256,432435,311353,121082,3450,213748
1575,9508,61345,353082,254219,98863,3222,213748
1576,9109,61604,249667,179760,69907,3047,213748
1577,8473,62018,129237,93051,36186,2937,213748
1578,7644,62556,0,0,0,2900,213748
1579,6680,63183,0,0,0,2937,213748
1580,5644,63856,0,0,0,3047,213748
1581,4609,64529,0,0,0,3222,213748
1582,3644,65156,0,0,0,3450,213748
1583,2816,65695,0,0,0,3715,213748
1584,2355,65994,0,0,0,4000,197517
1585,1955,66254,0,0,0,4285,197517
1586,1819,66343,0,0,0,4550,197517
1587,1955,66254,0,0,0,4778,197517
1588,2355,65994,0,0,0,4953,197517
1589,2990,65581,0,0,0,5063,197517
1590,3819,65043,0,0,0,5100,197517
1591,4784,64416,130591,94025,36565,5063,197517
1592,5819,63743,252282,181643,70639,4953,197517
1593,6854,63070,356780,256882,99899,4778,197517
1594,7819,62443,436965,314615,122350,4550,197517
1595,8647,61904,487371,350907,136464,4285,197517
1596,9283,61491,504564,363286,141278,4000,197517
1597,9682,61231,487371,350907,136464,3715,197517
1598,9819,61143,436965,314615,122350,3450,197517
1599,9682,61231,356780,256882,99899,3222,197517
1600,9283,61491,252282,181643,70639,3047,197517
1601,8647,61904,130591,94025,36565,2937,197517
1602,7819,62443,0,0,0,2900,197517
1603,6854,63070,0,0,0,2937,197517
1604,5819,63743,0,0,0,3047,197517
1605,4784,64416,0,0,0,3222,197517
1606,3819,65043,0,0,0,3450,197517
1607,2990,65581,0,0,0,3715,197517
1608,2530,65881,0,0,0,4000,171483
1609,2130,66140,0,0,0,4285,171483
1610,1994,66229,0,0,0,4550,171483
1611,2130,66140,0,0,0,4778,171483
1612,2530,65881,0,0,0,4953,171483
1613,3166,65467,0,0,0,5063,171483
1614,3994,64929,0,0,0,5100,171483
1615,4959,64302,131951,95004,36946,5063,171483
1616,5994,63629,254909,183535,71375,4953,171483
1617,7029,62956,360496,259557,100939,4778,171483
1618,7994,62329,441515,317891,123624,4550,171483
1619,8822,61790,492446,354561,137885,4285,171483
1620,9458,61377,509818,367069,142749,4000,171483
1621,9858,61118,492446,354561,137885,3715,171483
1622,9994,61029,441515,317891,123624,3450,171483
1623,9858,61118,360496,259557,100939,3222,171483
1624,9458,61377,254909,183535,71375,3047,171483
1625,8822,61790,131951,95004,36946,2937,171483
1626,7994,62329,0,0,0,2900,171483
1627,7029,62956,0,0,0,2937,171483
1628,5994,63629,0,0,0,3047,171483
1629,4959,64302,0,0,0,3222,171483
1630,3994,64929,0,0,0,3450,171483
1631,3166,65467,0,0,0,3715,171483
1632,2706,65766,0,0,0,4000,155252
1633,2306,66026,0,0,0,4285,155252
1634,2170,66115,0,0,0,4550,155252
1635,2306,66026,0,0,0,4778,155252
1636,2706,65766,0,0,0,4953,155252
1637,3341,65353,0,0,0,5063,155252
1638,4170,64815,0,0,0,5100,155252
1639,5135,64188,133316,95988,37329,5063,155252
1640,6170,63515,257547,185434,72113,4953,155252
1641,7205,62842,364227,262243,101984,4778,155252
1642,8170,62215,446085,321181,124904,4550,155252
1643,8998,61676,497543,358231,139312,4285,155252
1644,9634,61263,515095,370868,144227,4000,155252
1645,10034,61003,497543,358231,139312,3715,155252
1646,10170,60915,446085,321181,124904,3450,155252
1647,10034,61003,364227,262243,101984,3222,155252
1648,9634,61263,257547,185434,72113,3047,155252
1649,8998,61676,133316,95988,37329,2937,155252
1650,8170,62215,0,0,0,2900,155252
1651,7205,62842,0,0,0,2937,155252
1652,6170,63515,0,0,0,3047,155252
1653,5135,64188,0,0,0,3222,155252
1654,4170,64815,0,0,0,3450,155252
1655,3341,65353,0,0,0,3715,155252
1656,2882,65652,0,0,0,4000,161045
1657,2483,65911,0,0,0,4285,161045
1658,2346,66000,0,0,0,4550,161045
1659,2483,65911,0,0,0,4778,161045
1660,2882,65652,0,0,0,4953,161045
1661,3518,65238,0,0,0,5063,161045
1662,4346,64700,0,0,0,5100,161045
1663,5311,64073,134687,96975,37712,5063,161045
1664,6346,63400,260196,187341,72855,4953,161045
1665,7382,62727,367973,264940,103032,4778,161045
1666,8346,62100,450673,324484,126188,4550,161045
1667,9175,61561,502660,361915,140745,4285,161045
1668,9811,61148,520392,374682,145710,4000,161045
1669,10210,60888,502660,361915,140745,3715,161045
1670,10346,60800,450673,324484,126188,3450,161045
1671,10210,60888,367973,264940,103032,3222,161045
1672,9811,61148,260196,187341,72855,3047,161045
1673,9175,61561,134687,96975,37712,2937,161045
1674,8346,62100,0,0,0,2900,161045
1675,7382,62727,0,0,0,2937,161045
1676,6346,63400,0,0,0,3047,161045
1677,5311,64073,0,0,0,3222,161045
1678,4346,64700,0,0,0,3450,161045
1679,3518,65238,0,0,0,3715,161045
1680,3060,65536,0,0,0,4000,184500
1681,2660,65796,0,0,0,4285,184500
1682,2524,65885,0,0,0,4550,184500
1683,2660,65796,0,0,0,4778,184500
1684,3060,65536,0,0,0,4953,184500
1685,3695,65123,0,0,0,5063,184500
1686,4524,64585,0,0,0,5100,184500
1687,5488,63958,136063,97966,38098,5063,184500
1688,6524,63285,262854,189255,73599,4953,184500
1689,7559,62612,371732,267647,104085,4778,184500
1690,8524,61985,455277,327799,127478,4550,184500
1691,9352,61446,507796,365613,142183,4285,184500
1692,9988,61033,525709,378510,147198,4000,184500
1693,10387,60773,507796,365613,142183,3715,184500
1694,10524,60685,455277,327799,127478,3450,184500
1695,10387,60773,371732,267647,104085,3222,184500
1696,9988,61033,262854,189255,73599,3047,184500
1697,9352,61446,136063,97966,38098,2937,184500
1698,8524,61985,0,0,0,2900,184500
1699,7559,62612,0,0,0,2937,184500
1700,6524,63285,0,0,0,3047,184500
1701,5488,63958,0,0,0,3222,184500
1702,4524,64585,0,0,0,3450,184500
1703,3695,65123,0,0,0,3715,184500
1704,3237,65421,0,0,0,4000,207955
1705,2838,65680,0,0,0,4285,207955
1706,2701,65769,0,0,0,4550,207955
1707,2838,65680,0,0,0,4778,207955
1708,3237,65421,0,0,0,4953,207955
1709,3873,65008,0,0,0,5063,207955
1710,4701,64469,0,0,0,5100,207955
1711,5666,63842,137444,98960,38484,5063,207955
1712,6701,63169,265521,191175,74346,4953,207955
1713,7737,62496,375504,270363,105141,4778,207955
1714,8701,61869,459896,331125,128771,4550,207955
1715,9530,61331,512948,369322,143625,4285,207955
1716,10166,60917,531043,382351,148692,4000,207955
1717,10565,60658,512948,369322,143625,3715,207955
1718,10701,60569,459896,331125,128771,3450,207955
1719,10565,60658,375504,270363,105141,3222,207955
1720,10166,60917,265521,191175,74346,3047,207955
1721,9530,61331,137444,98960,38484,2937,207955
1722,8701,61869,0,0,0,2900,207955
1723,7737,62496,0,0,0,2937,207955
1724,6701,63169,0,0,0,3047,207955
1725,5666,63842,0,0,0,3222,207955
1726,4701,64469,0,0,0,3450,207955
1727,3873,65008,0,0,0,3715,207955
1728,3416,65305,0,0,0,4000,213748
1729,3016,65565,0,0,0,4285,213748
1730,2880,65653,0,0,0,4550,213748
1731,3016,65565,0,0,0,4778,213748
1732,3416,65305,0,0,0,4953,213748
1733,4051,64892,0,0,0,5063,213748
1734,4880,64353,0,0,0,5100,213748
1735,5844,63726,138829,99957,38872,5063,213748
1736,6880,63053,268196,193101,75095,4953,213748
1737,7915,62380,379287,273087,106200,4778,213748
1738,8880,61753,464530,334461,130068,4550,213748
1739,9708,61215,518116,373043,145072,4285,213748
1740,10344,60801,536393,386203,150190,4000,213748
1741,10743,60542,518116,373043,145072,3715,213748
1742,10880,60453,464530,334461,130068,3450,213748
1743,10743,60542,379287,273087,106200,3222,213748
1744,10344,60801,268196,193101,75095,3047,213748
1745,9708,61215,138829,99957,38872,2937,213748
1746,8880,61753,0,0,0,2900,213748
1747,7915,62380,0,0,0,2937,213748
1748,6880,63053,0,0,0,3047,213748
1749,5844,63726,0,0,0,3222,213748
1750,4880,64353,0,0,0,3450,213748
1751,4051,64892,0,0,0,3715,213748
1752,3594,65189,0,0,0,4000,197517
1753,3195,65448,0,0,0,4285,197517
1754,3059,65537,0,0,0,4550,197517
1755,3195,65448,0,0,0,4778,197517
1756,3594,65189,0,0,0,4953,197517
1757,4230,64775,0,0,0,5063,197517
1758,5059,64237,0,0,0,5100,197517
1759,6023,63610,140217,100956,39261,5063,197517
1760,7059,62937,270879,195033,75846,4953,197517
1761,8094,62264,383080,275818,107262,4778,197517
1762,9059,61637,469175,337806,131369,4550,197517
1763,9887,61098,523297,376774,146523,4285,197517
1764,10523,60685,541757,390065,151692,4000,197517
1765,10922,60426,523297,376774,146523,3715,197517
1766,11059,60337,469175,337806,131369,3450,197517
1767,10922,60426,383080,275818,107262,3222,197517
1768,10523,60685,270879,195033,75846,3047,197517
1769,9887,61098,140217,100956,39261,2937,197517
1770,9059,61637,0,0,0,2900,197517
1771,8094,62264,0,0,0,2937,197517
1772,7059,62937,0,0,0,3047,197517
1773,6023,63610,0,0,0,3222,197517
1774,5059,64237,0,0,0,3450,197517
1775,4230,64775,0,0,0,3715,197517
1776,3774,65072,0,0,0,4000,171483
1777,3374,65332,0,0,0,4285,171483
1778,3238,65420,0,0,0,4550,171483
1779,3374,65332,0,0,0,4778,171483
1780,3774,65072,0,0,0,4953,171483
1781,4409,64659,0,0,0,5063,171483
1782,5238,64120,0,0,0,5100,171483
1783,6203,63493,141609,101958,39650,5063,171483
1784,7238,62820,273567,196968,76599,4953,171483
1785,8273,62147,386882,278555,108327,4778,171483
1786,9238,61520,473832,341159,132673,4550,171483
1787,10066,60982,528491,380514,147978,4285,171483
1788,10702,60569,547134,393937,153198,4000,171483
1789,11102,60309,528491,380514,147978,3715,171483
1790,11238,60220,473832,341159,132673,3450,171483
1791,11102,60309,386882,278555,108327,3222,171483
1792,10702,60569,273567,196968,76599,3047,171483
1793,10066,60982,141609,101958,39650,2937,171483
1794,9238,61520,0,0,0,2900,171483
1795,8273,62147,0,0,0,2937,171483
1796,7238,62820,0,0,0,3047,171483
1797,6203,63493,0,0,0,3222,171483
1798,5238,64120,0,0,0,3450,171483
1799,4409,64659,0,0,0,3715,171483
1800,3953,64955,0,0,0,4000,155252
1801,3554,65215,0,0,0,4285,155252
1802,3417,65304,0,0,0,4550,155252
1803,3554,65215,0,0,0,4778,155252
1804,3953,64955,0,0,0,4953,155252
1805,4589,64542,0,0,0,5063,155252
1806,5417,64004,0,0,0,5100,155252
1807,6382,63377,143003,102962,40041,5063,155252
1808,7417,62704,276261,198908,77353,4953,155252
1809,8453,62031,390693,281299,109394,4778,155252
1810,9417,61404,478499,344519,133980,4550,155252
1811,10246,60865,533696,384261,149435,4285,155252
1812,10882,60452,552523,397817,154706,4000,155252
1813,11281,60192,533696,384261,149435,3715,155252
1814,11417,60104,478499,344519,133980,3450,155252
1815,11281,60192,390693,281299,109394,3222,155252
1816,10882,60452,276261,198908,77353,3047,155252
1817,10246,60865,143003,102962,40041,2937,155252
1818,9417,61404,0,0,0,2900,155252
1819,8453,62031,0,0,0,2937,155252
1820,7417,62704,0,0,0,3047,155252
1821,6382,63377,0,0,0,3222,155252
1822,5417,64004,0,0,0,3450,155252
1823,4589,64542,0,0,0,3715,155252
1824,4133,64838,0,0,0,4000,161045
1825,3734,65098,0,0,0,4285,161045
1826,3597,65187,0,0,0,4550,161045
1827,3734,65098,0,0,0,4778,161045
1828,4133,64838,0,0,0,4953,161045
1829,4769,64425,0,0,0,5063,161045
1830,5597,63887,0,0,0,5100,161045
1831,6562,63260,144401,103968,40432,5063,161045
1832,7597,62587,278961,200852,78109,4953,161045
1833,8633,61914,394510,284047,110463,4778,161045
1834,9597,61287,483174,347885,135289,4550,161045
1835,10426,60748,538910,388015,150895,4285,161045
1836,11061,60335,557921,401703,156218,4000,161045
1837,11461,60075,538910,388015,150895,3715,161045
1838,11597,59987,483174,347885,135289,3450,161045
1839,11461,60075,394510,284047,110463,3222,161045
1840,11061,60335,278961,200852,78109,3047,161045
1841,10426,60748,144401,103968,40432,2937,161045
1842,9597,61287,0,0,0,2900,161045
1843,8633,61914,0,0,0,2937,161045
1844,7597,62587,0,0,0,3047,161045
1845,6562,63260,0,0,0,3222,161045
1846,5597,63887,0,0,0,3450,161045
1847,4769,64425,0,0,0,3715,161045
1848,4313,64721,0,0,0,4000,184500
1849,3914,64981,0,0,0,4285,184500
1850,3778,65070,0,0,0,4550,184500
1851,3914,64981,0,0,0,4778,184500
1852,4313,64721,0,0,0,4953,184500
1853,4949,64308,0,0,0,5063,184500
1854,5778,63770,0,0,0,5100,184500
1855,6742,63143,145800,104976,40824,5063,184500
1856,7778,62470,281664,202798,78866,4953,184500
1857,8813,61797,398333,286799,111533,4778,184500
1858,9778,61170,487856,351256,136600,4550,184500
1859,10606,60631,544132,391775,152357,4285,184500
1860,11242,60218,563327,405596,157732,4000,184500
1861,11641,59958,544132,391775,152357,3715,184500
1862,11778,59870,487856,351256,136600,3450,184500
1863,11641,59958,398333,286799,111533,3222,184500
1864,11242,60218,281664,202798,78866,3047,184500
1865,10606,60631,145800,104976,40824,2937,184500
1866,9778,61170,0,0,0,2900,184500
1867,8813,61797,0,0,0,2937,184500
1868,7778,62470,0,0,0,3047,184500
1869,6742,63143,0,0,0,3222,184500
1870,5778,63770,0,0,0,3450,184500
1871,4949,64308,0,0,0,3715,184500
1872,4494,64604,0,0,0,4000,207955
1873,4094,64864,0,0,0,4285,207955
1874,3958,64952,0,0,0,4550,207955
1875,4094,64864,0,0,0,4778,207955
1876,4494,64604,0,0,0,4953,207955
1877,5130,64191,0,0,0,5063,207955
1878,5958,63652,0,0,0,5100,207955
1879,6923,63025,147201,105984,41216,5063,207955
1880,7958,62352,284370,204746,79624,4953,207955
1881,8993,61679,402160,289555,112605,4778,207955
1882,9958,61052,492543,354631,137912,4550,207955
1883,10786,60514,549360,395540,153821,4285,207955
1884,11422,60101,568740,409493,159247,4000,207955
1885,11822,59841,549360,395540,153821,3715,207955
1886,11958,59752,492543,354631,137912,3450,207955
1887,11822,59841,402160,289555,112605,3222,207955
1888,11422,60101,284370,204746,79624,3047,207955
1889,10786,60514,147201,105984,41216,2937,207955
1890,9958,61052,0,0,0,2900,207955
1891,8993,61679,0,0,0,2937,207955
1892,7958,62352,0,0,0,3047,207955
1893,6923,63025,0,0,0,3222,207955
1894,5958,63652,0,0,0,3450,207955
1895,5130,64191,0,0,0,3715,207955
1896,4674,64487,0,0,0,4000,213748
1897,4275,64746,0,0,0,4285,213748
1898,4139,64835,0,0,0,4550,213748
1899,4275,64746,0,0,0,4778,213748
1900,4674,64487,0,0,0,4953,213748
1901,5310,64073,0,0,0,5063,213748
1902,6139,63535,0,0,0,5100,213748
1903,7103,62908,148603,106994,41609,5063,213748
1904,8139,62235,287079,206697,80382,4953,213748
1905,9174,61562,405990,292313,113677,4778,213748
1906,10139,60935,497235,358009,139226,4550,213748
1907,10967,60396,554593,399307,155286,4285,213748
1908,11603,59983,574157,413393,160764,4000,213748
1909,12002,59724,554593,399307,155286,3715,213748
1910,12139,59635,497235,358009,139226,3450,213748
1911,12002,59724,405990,292313,113677,3222,213748
1912,11603,59983,287079,206697,80382,3047,213748
1913,10967,60396,148603,106994,41609,2937,213748
1914,10139,60935,0,0,0,2900,213748
1915,9174,61562,0,0,0,2937,213748
1916,8139,62235,0,0,0,3047,213748
1917,7103,62908,0,0,0,3222,213748
1918,6139,63535,0,0,0,3450,213748
1919,5310,64073,0,0,0,3715,213748
1920,4855,64369,0,0,0,4000,197517
1921,4456,64629,0,0,0,4285,197517
1922,4319,64717,0,0,0,4550,197517
1923,4456,64629,0,0,0,4778,197517
1924,4855,64369,0,0,0,4953,197517
1925,5491,63956,0,0,0,5063,197517
1926,6319,63417,0,0,0,5100,197517
1927,7284,62790,150006,108004,42002,5063,197517
1928,8319,62117,289789,208648,81141,4953,197517
1929,9355,61445,409823,295073,114751,4778,197517
1930,10319,60817,501929,361389,140540,4550,197517
1931,11148,60279,559829,403077,156752,4285,197517
1932,11783,59866,579578,417296,162282,4000,197517
1933,12183,59606,559829,403077,156752,3715,197517
1934,12319,59517,501929,361389,140540,3450,197517
1935,12183,59606,409823,295073,114751,3222,197517
1936,11783,59866,289789,208648,81141,3047,197517
1937,11148,60279,150006,108004,42002,2937,197517
1938,10319,60817,0,0,0,2900,197517
1939,9355,61445,0,0,0,2937,197517
1940,8319,62117,0,0,0,3047,197517
1941,7284,62790,0,0,0,3222,197517
1942,6319,63417,0,0,0,3450,197517
1943,5491,63956,0,0,0,3715,197517
1944,5036,64252,0,0,0,4000,171483
1945,4636,64511,0,0,0,4285,171483
1946,4500,64600,0,0,0,4550,171483
1947,4636,64511,0,0,0,4778,171483
1948,5036,64252,0,0,0,4953,171483
1949,5672,63838,0,0,0,5063,171483
1950,6500,63300,0,0,0,5100,171483
1951,7465,62673,151409,109015,42395,5063,171483
1952,8500,62000,292500,210600,81900,4953,171483
1953,9535,61327,413657,297833,115824,4778,171483
1954,10500,60700,506625,364770,141855,4550,171483
1955,11328,60162,565067,406848,158219,4285,171483
1956,11964,59748,585000,421200,163800,4000,171483
1957,12364,59489,565067,406848,158219,3715,171483
1958,12500,59400,506625,364770,141855,3450,171483
1959,12364,59489,413657,297833,115824,3222,171483
1960,11964,59748,292500,210600,81900,3047,171483
1961,11328,60162,151409,109015,42395,2937,171483
1962,10500,60700,0,0,0,2900,171483
1963,9535,61327,0,0,0,2937,171483
1964,8500,62000,0,0,0,3047,171483
1965,7465,62673,0,0,0,3222,171483
1966,6500,63300,0,0,0,3450,171483
1967,5672,63838,0,0,0,3715,171483
1968,5217,64134,0,0,0,4000,155252
1969,4817,64394,0,0,0,4285,155252
1970,4681,64483,0,0,0,4550,155252
1971,4817,64394,0,0,0,4778,155252
1972,5217,64134,0,0,0,4953,155252
1973,5852,63721,0,0,0,5063,155252
1974,6681,63183,0,0,0,5100,155252
1975,7645,62555,152813,110025,42788,5063,155252
1976,8681,61883,295211,212552,82659,4953,155252
1977,9716,61210,417492,300594,116898,4778,155252
1978,10681,60583,511321,368151,143170,4550,155252
1979,11509,60044,570304,410619,159685,4285,155252
1980,12145,59631,590422,425104,165318,4000,155252
1981,12544,59371,570304,410619,159685,3715,155252
1982,12681,59283,511321,368151,143170,3450,155252
1983,12544,59371,417492,300594,116898,3222,155252
1984,12145,59631,295211,212552,82659,3047,155252
1985,11509,60044,152813,110025,42788,2937,155252
1986,10681,60583,0,0,0,2900,155252
1987,9716,61210,0,0,0,2937,155252
1988,8681,61883,0,0,0,3047,155252
1989,7645,62555,0,0,0,3222,155252
1990,6681,63183,0,0,0,3450,155252
1991,5852,63721,0,0,0,3715,155252
1992,5397,64017,0,0,0,4000,161045
1993,4998,64276,0,0,0,4285,161045
1994,4861,64365,0,0,0,4550,161045
1995,4998,64276,0,0,0,4778,161045
1996,5397,64017,0,0,0,4953,161045
1997,6033,63604,0,0,0,5063,161045
1998,6861,63065,0,0,0,5100,161045
1999,7826,62438,154215,111035,43180,5063,161045
2000,8861,61765,297921,214503,83418,4953,161045
2001,9897,61092,421324,303354,117971,4778,161045
2002,10861,60465,516015,371531,144484,4550,161045
2003,11690,59927,575540,414389,161151,4285,161045
2004,12326,59513,595843,429007,166836,4000,161045
2005,12725,59254,575540,414389,161151,3715,161045
2006,12861,59165,516015,371531,144484,3450,161045
2007,12725,59254,421324,303354,117971,3222,161045
2008,12326,59513,297921,214503,83418,3047,161045
2009,11690,59927,154215,111035,43180,2937,161045
2010,10861,60465,0,0,0,2900,161045
2011,9897,61092,0,0,0,2937,161045
2012,8861,61765,0,0,0,3047,161045
2013,7826,62438,0,0,0,3222,161045
2014,6861,63065,0,0,0,3450,161045
2015,6033,63604,0,0,0,3715,161045
2016,5578,63899,0,0,0,4000,184500
2017,5178,64159,0,0,0,4285,184500
2018,5042,64248,0,0,0,4550,184500
2019,5178,64159,0,0,0,4778,184500
2020,5578,63899,0,0,0,4953,184500
2021,6214,63486,0,0,0,5063,184500
2022,7042,62948,0,0,0,5100,184500
2023,8007,62321,155618,112045,43573,5063,184500
2024,9042,61648,300630,216454,84176,4953,184500
2025,10077,60975,425155,306112,119043,4778,184500
2026,11042,60348,520707,374909,145798,4550,184500
2027,11870,59809,580773,418156,162616,4285,184500
2028,12506,59396,601260,432907,168353,4000,184500
2029,12906,59136,580773,418156,162616,3715,184500
2030,13042,59048,520707,374909,145798,3450,184500
2031,12906,59136,425155,306112,119043,3222,184500
2032,12506,59396,300630,216454,84176,3047,184500
2033,11870,59809,155618,112045,43573,2937,184500
2034,11042,60348,0,0,0,2900,184500
2035,10077,60975,0,0,0,2937,184500
2036,9042,61648,0,0,0,3047,184500
2037,8007,62321,0,0,0,3222,184500
2038,7042,62948,0,0,0,3450,184500
2039,6214,63486,0,0,0,3715,184500
2040,5758,63782,0,0,0,4000,207955
2041,5359,64042,0,0,0,4285,207955
2042,5222,64130,0,0,0,4550,207955
2043,5359,64042,0,0,0,4778,207955
2044,5758,63782,0,0,0,4953,207955
2045,6394,63369,0,0,0,5063,207955
2046,7222,62830,0,0,0,5100,207955
2047,8187,62203,157018,113053,43965,5063,207955
2048,9222,61530,303336,218402,84934,4953,207955
2049,10258,60857,428982,308867,120115,4778,207955
2050,11222,60230,525394,378284,147110,4550,207955
2051,12051,59692,586001,421921,164080,4285,207955
2052,12687,59279,606673,436804,169868,4000,207955
2053,13086,59019,586001,421921,164080,3715,207955
2054,13222,58930,525394,378284,147110,3450,207955
2055,13086,59019,428982,308867,120115,3222,207955
2056,12687,59279,303336,218402,84934,3047,207955
2057,12051,59692,157018,113053,43965,2937,207955
2058,11222,60230,0,0,0,2900,207955
2059,10258,60857,0,0,0,2937,207955
2060,9222,61530,0,0,0,3047,207955
2061,8187,62203,0,0,0,3222,207955
2062,7222,62830,0,0,0,3450,207955
2063,6394,63369,0,0,0,3715,207955
2064,5939,63665,0,0,0,4000,213748
2065,5539,63925,0,0,0,4285,213748
2066,5403,64013,0,0,0,4550,213748
2067,5539,63925,0,0,0,4778,213748
2068,5939,63665,0,0,0,4953,213748
2069,6574,63252,0,0,0,5063,213748
2070,7403,62713,0,0,0,5100,213748
2071,8367,62086,158418,114061,44357,5063,213748
2072,9403,61413,306039,220348,85691,4953,213748
2073,10438,60740,432805,311620,121185,4778,213748
2074,11403,60113,530076,381655,148421,4550,213748
2075,12231,59575,591223,425680,165542,4285,213748
2076,12867,59162,612079,440697,171382,4000,213748
2077,13266,58902,591223,425680,165542,3715,213748
2078,13403,58813,530076,381655,148421,3450,213748
2079,13266,58902,432805,311620,121185,3222,213748
2080,12867,59162,306039,220348,85691,3047,213748
2081,12231,59575,158418,114061,44357,2937,213748
2082,11403,60113,0,0,0,2900,213748
2083,10438,60740,0,0,0,2937,213748
2084,9403,61413,0,0,0,3047,213748
2085,8367,62086,0,0,0,3222,213748
2086,7403,62713,0,0,0,3450,213748
2087,6574,63252,0,0,0,3715,213748
2088,6118,63548,0,0,0,4000,197517
2089,5719,63808,0,0,0,4285,197517
2090,5583,63896,0,0,0,4550,197517
2091,5719,63808,0,0,0,4778,197517
2092,6118,63548,0,0,0,4953,197517
2093,6754,63135,0,0,0,5063,197517
2094,7583,62596,0,0,0,5100,197517
2095,8547,61969,159815,115067,44748,5063,197517
2096,9583,61296,308739,222292,86447,4953,197517
2097,10618,60623,436622,314368,122254,4778,197517
2098,11583,59996,534751,385021,149730,4550,197517
2099,12411,59458,596437,429435,167002,4285,197517
2100,13047,59045,617477,444583,172894,4000,197517
2101,13446,58785,596437,429435,167002,3715,197517
2102,13583,58696,534751,385021,149730,3450,197517
2103,13446,58785,436622,314368,122254,3222,197517
2104,13047,59045,308739,222292,86447,3047,197517
2105,12411,59458,159815,115067,44748,2937,197517
2106,11583,59996,0,0,0,2900,197517
2107,10618,60623,0,0,0,2937,197517
2108,9583,61296,0,0,0,3047,197517
2109,8547,61969,0,0,0,3222,197517
2110,7583,62596,0,0,0,3450,197517
2111,6754,63135,0,0,0,3715,197517
2112,6298,63431,0,0,0,4000,171483
2113,5898,63691,0,0,0,4285,171483
2114,5762,63780,0,0,0,4550,171483
2115,5898,63691,0,0,0,4778,171483
2116,6298,63431,0,0,0,4953,171483
2117,6934,63018,0,0,0,5063,171483
2118,7762,62480,0,0,0,5100,171483
2119,8727,61853,161209,116071,45139,5063,171483
2120,9762,61180,311433,224232,87201,4953,171483
2121,10797,60507,440432,317111,123321,4778,171483
2122,11762,59880,539417,388381,151037,4550,171483
2123,12591,59341,601642,433182,168460,4285,171483
2124,13226,58928,622866,448463,174402,4000,171483
2125,13626,58668,601642,433182,168460,3715,171483
2126,13762,58580,539417,388381,151037,3450,171483
2127,13626,58668,440432,317111,123321,3222,171483
2128,13226,58928,311433,224232,87201,3047,171483
2129,12591,59341,161209,116071,45139,2937,171483
2130,11762,59880,0,0,0,2900,171483
2131,10797,60507,0,0,0,2937,171483
2132,9762,61180,0,0,0,3047,171483
2133,8727,61853,0,0,0,3222,171483
2134,7762,62480,0,0,0,3450,171483
2135,6934,63018,0,0,0,3715,171483
2136,6477,63315,0,0,0,4000,155252
2137,6078,63574,0,0,0,4285,155252
2138,5941,63663,0,0,0,4550,155252
2139,6078,63574,0,0,0,4778,155252
2140,6477,63315,0,0,0,4953,155252
2141,7113,62902,0,0,0,5063,155252
2142,7941,62363,0,0,0,5100,155252
2143,8906,61736,162601,117073,45528,5063,155252
2144,9941,61063,314121,226167,87954,4953,155252
2145,10977,60390,444235,319849,124386,4778,155252
2146,11941,59763,544074,391733,152341,4550,155252
2147,12770,59225,606836,436922,169914,4285,155252
2148,13406,58811,628243,452335,175908,4000,155252
2149,13805,58552,606836,436922,169914,3715,155252
2150,13941,58463,544074,391733,152341,3450,155252
2151,13805,58552,444235,319849,124386,3222,155252
2152,13406,58811,314121,226167,87954,3047,155252
2153,12770,59225,162601,117073,45528,2937,155252
2154,11941,59763,0,0,0,2900,155252
2155,10977,60390,0,0,0,2937,155252
2156,9941,61063,0,0,0,3047,155252
2157,8906,61736,0,0,0,3222,155252
2158,7941,62363,0,0,0,3450,155252
2159,7113,62902,0,0,0,3715,155252
2160,6656,63199,0,0,0,4000,161045
2161,6257,63458,0,0,0,4285,161045
2162,6120,63547,0,0,0,4550,161045
2163,6257,63458,0,0,0,4778,161045
2164,6656,63199,0,0,0,4953,161045
2165,7292,62785,0,0,0,5063,161045
2166,8120,62247,0,0,0,5100,161045
2167,9085,61620,163990,118073,45917,5063,161045
2168,10120,60947,316804,228099,88705,4953,161045
2169,11156,60274,448028,322580,125448,4778,161045
2170,12120,59647,548720,395078,153642,4550,161045
2171,12949,59108,612018,440653,171365,4285,161045
2172,13584,58695,633607,456197,177410,4000,161045
2173,13984,58435,612018,440653,171365,3715,161045
2174,14120,58347,548720,395078,153642,3450,161045
2175,13984,58435,448028,322580,125448,3222,161045
2176,13584,58695,316804,228099,88705,3047,161045
2177,12949,59108,163990,118073,45917,2937,161045
2178,12120,59647,0,0,0,2900,161045
2179,11156,60274,0,0,0,2937,161045
2180,10120,60947,0,0,0,3047,161045
2181,9085,61620,0,0,0,3222,161045
2182,8120,62247,0,0,0,3450,161045
2183,7292,62785,0,0,0,3715,161045
2184,6834,63083,0,0,0,4000,184500
2185,6435,63342,0,0,0,4285,184500
2186,6299,63431,0,0,0,4550,184500
2187,6435,63342,0,0,0,4778,184500
2188,6834,63083,0,0,0,4953,184500
2189,7470,62669,0,0,0,5063,184500
2190,8299,62131,0,0,0,5100,184500
2191,9263,61504,165374,119070,46305,5063,184500
2192,10299,60831,319479,230025,89454,4953,184500
2193,11334,60158,451811,325304,126507,4778,184500
2194,12299,59531,553353,398414,154939,4550,184500
2195,13127,58992,617185,444373,172812,4285,184500
2196,13763,58579,638957,460049,178908,4000,184500
2197,14162,58320,617185,444373,172812,3715,184500
2198,14299,58231,553353,398414,154939,3450,184500
2199,14162,58320,451811,325304,126507,3222,184500
2200,13763,58579,319479,230025,89454,3047,184500
2201,13127,58992,165374,119070,46305,2937,184500
2202,12299,59531,0,0,0,2900,184500
2203,11334,60158,0,0,0,2937,184500
2204,10299,60831,0,0,0,3047,184500
2205,9263,61504,0,0,0,3222,184500
2206,8299,62131,0,0,0,3450,184500
2207,7470,62669,0,0,0,3715,184500
2208,7012,62967,0,0,0,4000,207955
2209,6613,63227,0,0,0,4285,207955
2210,6476,63315,0,0,0,4550,207955
2211,6613,63227,0,0,0,4778,207955
2212,7012,62967,0,0,0,4953,207955
2213,7648,62554,0,0,0,5063,207955
2214,8476,62015,0,0,0,5100,207955
2215,9441,61388,166755,120064,46691,5063,207955
2216,10476,60715,322146,231945,90201,4953,207955
2217,11512,60042,455583,328020,127563,4778,207955
2218,12476,59415,557973,401740,156232,4550,207955
2219,13305,58877,622338,448083,174255,4285,207955
2220,13940,58464,644291,463890,180402,4000,207955
2221,14340,58204,622338,448083,174255,3715,207955
2222,14476,58115,557973,401740,156232,3450,207955
2223,14340,58204,455583,328020,127563,3222,207955
2224,13940,58464,322146,231945,90201,3047,207955
2225,13305,58877,166755,120064,46691,2937,207955
2226,12476,59415,0,0,0,2900,207955
2227,11512,60042,0,0,0,2937,207955
2228,10476,60715,0,0,0,3047,207955
2229,9441,61388,0,0,0,3222,207955
2230,8476,62015,0,0,0,3450,207955
2231,7648,62554,0,0,0,3715,207955
2232,7189,62852,0,0,0,4000,213748
2233,6790,63112,0,0,0,4285,213748
2234,6654,63200,0,0,0,4550,213748
2235,6790,63112,0,0,0,4778,213748
2236,7189,62852,0,0,0,4953,213748
2237,7825,62439,0,0,0,5063,213748
2238,8654,61900,0,0,0,5100,213748
2239,9618,61273,168131,121054,47077,5063,213748
2240,10654,60600,324804,233859,90945,4953,213748
2241,11689,59927,459342,330726,128616,4778,213748
2242,12654,59300,562577,405055,157522,4550,213748
2243,13482,58762,627473,451781,175692,4285,213748
2244,14118,58348,649608,467718,181890,4000,213748
2245,14517,58089,627473,451781,175692,3715,213748
2246,14654,58000,562577,405055,157522,3450,213748
2247,14517,58089,459342,330726,128616,3222,213748
2248,14118,58348,324804,233859,90945,3047,213748
2249,13482,58762,168131,121054,47077,2937,213748
2250,12654,59300,0,0,0,2900,213748
2251,11689,59927,0,0,0,2937,213748
2252,10654,60600,0,0,0,3047,213748
2253,9618,61273,0,0,0,3222,213748
2254,8654,61900,0,0,0,3450,213748
2255,7825,62439,0,0,0,3715,213748
2256,7366,62737,0,0,0,4000,197517
2257,6966,62997,0,0,0,4285,197517
2258,6830,63085,0,0,0,4550,197517
2259,6966,62997,0,0,0,4778,197517
2260,7366,62737,0,0,0,4953,197517
2261,8002,62324,0,0,0,5063,197517
2262,8830,61785,0,0,0,5100,197517
2263,9795,61158,169502,122041,47461,5063,197517
2264,10830,60485,327453,235766,91687,4953,197517
2265,11865,59812,463088,333423,129665,4778,197517
2266,12830,59185,567165,408359,158806,4550,197517
2267,13659,58647,632590,455465,177125,4285,197517
2268,14294,58234,654905,471532,183373,4000,197517
2269,14694,57974,632590,455465,177125,3715,197517
2270,14830,57885,567165,408359,158806,3450,197517
2271,14694,57974,463088,333423,129665,3222,197517
2272,14294,58234,327453,235766,91687,3047,197517
2273,13659,58647,169502,122041,47461,2937,197517
2274,12830,59185,0,0,0,2900,197517
2275,11865,59812,0,0,0,2937,197517
2276,10830,60485,0,0,0,3047,197517
2277,9795,61158,0,0,0,3222,197517
2278,8830,61785,0,0,0,3450,197517
2279,8002,62324,0,0,0,3715,197517
2280,7542,62623,0,0,0,4000,171483
2281,7142,62882,0,0,0,4285,171483
2282,7006,62971,0,0,0,4550,171483
2283,7142,62882,0,0,0,4778,171483
2284,7542,62623,0,0,0,4953,171483
2285,8178,62210,0,0,0,5063,171483
2286,9006,61671,0,0,0,5100,171483
2287,9971,61044,170868,123025,47843,5063,171483
2288,11006,60371,330091,237665,92425,4953,171483
2289,12041,59698,466819,336110,130709,4778,171483
2290,13006,59071,571734,411649,160086,4550,171483
2291,13834,58533,637687,459134,178552,4285,171483
2292,14470,58119,660182,475331,184851,4000,171483
2293,14870,57860,637687,459134,178552,3715,171483
2294,15006,57771,571734,411649,160086,3450,171483
2295,14870,57860,466819,336110,130709,3222,171483
2296,14470,58119,330091,237665,92425,3047,171483
2297,13834,58533,170868,123025,47843,2937,171483
2298,13006,59071,0,0,0,2900,171483
2299,12041,59698,0,0,0,2937,171483
2300,11006,60371,0,0,0,3047,171483
2301,9971,61044,0,0,0,3222,171483
2302,9006,61671,0,0,0,3450,171483
2303,8178,62210,0,0,0,3715,171483
2304,7717,62509,0,0,0,4000,155252
2305,7318,62769,0,0,0,4285,155252
2306,7181,62857,0,0,0,4550,155252
2307,7318,62769,0,0,0,4778,155252
2308,7717,62509,0,0,0,4953,155252
2309,8353,62096,0,0,0,5063,155252
2310,9181,61557,0,0,0,5100,155252
2311,10146,60930,172228,124004,48224,5063,155252
2312,11181,60257,332718,239557,93161,4953,155252
2313,12216,59584,470535,338785,131750,4778,155252
2314,13181,58957,576285,414925,161360,4550,155252
2315,14010,58419,642762,462789,179973,4285,155252
2316,14645,58006,665436,479114,186322,4000,155252
2317,15045,57746,642762,462789,179973,3715,155252
2318,15181,57657,576285,414925,161360,3450,155252
2319,15045,57746,470535,338785,131750,3222,155252
2320,14645,58006,332718,239557,93161,3047,155252
2321,14010,58419,172228,124004,48224,2937,155252
2322,13181,58957,0,0,0,2900,155252
2323,12216,59584,0,0,0,2937,155252
2324,11181,60257,0,0,0,3047,155252
2325,10146,60930,0,0,0,3222,155252
2326,9181,61557,0,0,0,3450,155252
2327,8353,62096,0,0,0,3715,155252
2328,7891,62396,0,0,0,4000,161045
2329,7492,62655,0,0,0,4285,161045
2330,7356,62744,0,0,0,4550,161045
2331,7492,62655,0,0,0,4778,161045
2332,7891,62396,0,0,0,4953,161045
2333,8527,61982,0,0,0,5063,161045
2334,9356,61444,0,0,0,5100,161045
2335,10320,60817,173581,124979,48603,5063,161045
2336,11356,60144,335333,241440,93893,4953,161045
2337,12391,59471,474233,341448,132785,4778,161045
2338,13356,58844,580815,418186,162628,4550,161045
2339,14184,58305,647814,466426,181388,4285,161045
2340,14820,57892,670667,482880,187787,4000,161045
2341,15219,57632,647814,466426,181388,3715,161045
2342,15356,57544,580815,418186,162628,3450,161045
2343,15219,57632,474233,341448,132785,3222,161045
2344,14820,57892,335333,241440,93893,3047,161045
2345,14184,58305,173581,124979,48603,2937,161045
2346,13356,58844,0,0,0,2900,161045
2347,12391,59471,0,0,0,2937,161045
2348,11356,60144,0,0,0,3047,161045
2349,10320,60817,0,0,0,3222,161045
2350,9356,61444,0,0,0,3450,161045
2351,8527,61982,0,0,0,3715,161045
2352,8065,62283,0,0,0,4000,184500
2353,7665,62543,0,0,0,4285,184500
2354,7529,62631,0,0,0,4550,184500
2355,7665,62543,0,0,0,4778,184500
2356,8065,62283,0,0,0,4953,184500
2357,8701,61870,0,0,0,5063,184500
2358,9529,61331,0,0,0,5100,184500
2359,10494,60704,174929,125949,48980,5063,184500
2360,11529,60031,337936,243314,94622,4953,184500
2361,12564,59358,477914,344098,133816,4778,184500
2362,13529,58731,585322,421432,163890,4550,184500
2363,14357,58193,652842,470046,182796,4285,184500
2364,14993,57779,675872,486628,189244,4000,184500
2365,15393,57520,652842,470046,182796,3715,184500
2366,15529,57431,585322,421432,163890,3450,184500
2367,15393,57520,477914,344098,133816,3222,184500
2368,14993,57779,337936,243314,94622,3047,184500
2369,14357,58193,174929,125949,48980,2937,184500
2370,13529,58731,0,0,0,2900,184500
2371,12564,59358,0,0,0,2937,184500
2372,11529,60031,0,0,0,3047,184500
2373,10494,60704,0,0,0,3222,184500
2374,9529,61331,0,0,0,3450,184500
2375,8701,61870,0,0,0,3715,184500
2376,8238,62171,0,0,0,4000,207955
2377,7838,62430,0,0,0,4285,207955
2378,7702,62519,0,0,0,4550,207955
2379,7838,62430,0,0,0,4778,207955
2380,8238,62171,0,0,0,4953,207955
2381,8873,61757,0,0,0,5063,207955
2382,9702,61219,0,0,0,5100,207955
2383,10666,60592,176269,126914,49355,5063,207955
2384,11702,59919,340525,245178,95347,4953,207955
2385,12737,59246,481575,346734,134841,4778,207955
2386,13702,58619,589807,424661,165146,4550,207955
2387,14530,58080,657844,473648,184196,4285,207955
2388,15166,57667,681050,490356,190694,4000,207955
2389,15565,57408,657844,473648,184196,3715,207955
2390,15702,57319,589807,424661,165146,3450,207955
2391,15565,57408,481575,346734,134841,3222,207955
2392,15166,57667,340525,245178,95347,3047,207955
2393,14530,58080,176269,126914,49355,2937,207955
2394,13702,58619,0,0,0,2900,207955
2395,12737,59246,0,0,0,2937,207955
2396,11702,59919,0,0,0,3047,207955
2397,10666,60592,0,0,0,3222,207955
2398,9702,61219,0,0,0,3450,207955
2399,8873,61757,0,0,0,3715,207955
2400,8409,62059,0,0,0,4000,213748
2401,8010,62319,0,0,0,4285,213748
2402,7873,62407,0,0,0,4550,213748
2403,8010,62319,0,0,0,4778,213748
2404,8409,62059,0,0,0,4953,213748
2405,9045,61646,0,0,0,5063,213748
2406,9873,61107,0,0,0,5100,213748
2407,10838,60480,177602,127873,49728,5063,213748
2408,11873,59807,343100,247032,96068,4953,213748
2409,12909,59134,485217,349356,135861,4778,213748
2410,13873,58507,594267,427872,166395,4550,213748
2411,14702,57969,662818,477229,185589,4285,213748
2412,15337,57556,686200,494064,192136,4000,213748
2413,15737,57296,662818,477229,185589,3715,213748
2414,15873,57207,594267,427872,166395,3450,213748
2415,15737,57296,485217,349356,135861,3222,213748
2416,15337,57556,343100,247032,96068,3047,213748
2417,14702,57969,177602,127873,49728,2937,213748
2418,13873,58507,0,0,0,2900,213748
2419,12909,59134,0,0,0,2937,213748
2420,11873,59807,0,0,0,3047,213748
2421,10838,60480,0,0,0,3222,213748
2422,9873,61107,0,0,0,3450,213748
2423,9045,61646,0,0,0,3715,213748
2424,8580,61948,0,0,0,4000,197517
2425,8180,62208,0,0,0,4285,197517
2426,8044,62296,0,0,0,4550,197517
2427,8180,62208,0,0,0,4778,197517
2428,8580,61948,0,0,0,4953,197517
2429,9216,61535,0,0,0,5063,197517
2430,10044,60996,0,0,0,5100,197517
2431,11009,60369,178927,128827,50099,5063,197517
2432,12044,59696,345660,248875,96785,4953,197517
2433,13079,59023,488837,351963,136874,4778,197517
2434,14044,58396,598700,431064,167636,4550,197517
2435,14872,57858,667764,480790,186974,4285,197517
2436,15508,57445,691320,497750,193570,4000,197517
2437,15908,57185,667764,480790,186974,3715,197517
2438,16044,57096,598700,431064,167636,3450,197517
2439,15908,57185,488837,351963,136874,3222,197517
2440,15508,57445,345660,248875,96785,3047,197517
2441,14872,57858,178927,128827,50099,2937,197517
2442,14044,58396,0,0,0,2900,197517
2443,13079,59023,0,0,0,2937,197517
2444,12044,59696,0,0,0,3047,197517
2445,11009,60369,0,0,0,3222,197517
2446,10044,60996,0,0,0,3450,197517
2447,9216,61535,0,0,0,3715,197517
2448,8749,61838,0,0,0,4000,171483
2449,8350,62098,0,0,0,4285,171483
2450,8214,62186,0,0,0,4550,171483
2451,8350,62098,0,0,0,4778,171483
2452,8749,61838,0,0,0,4953,171483
2453,9385,61425,0,0,0,5063,171483
2454,10214,60886,0,0,0,5100,171483
2455,11178,60259,180244,129775,50468,5063,171483
2456,12214,59586,348204,250707,97497,4953,171483
2457,13249,58913,492435,354553,137882,4778,171483
2458,14214,58286,603107,434237,168870,4550,171483
2459,15042,57748,672678,484328,188350,4285,171483
2460,15678,57334,696408,501414,194994,4000,171483
2461,16077,57075,672678,484328,188350,3715,171483
2462,16214,56986,603107,434237,168870,3450,171483
2463,16077,57075,492435,354553,137882,3222,171483
2464,15678,57334,348204,250707,97497,3047,171483
2465,15042,57748,180244,129775,50468,2937,171483
2466,14214,58286,0,0,0,2900,171483
2467,13249,58913,0,0,0,2937,171483
2468,12214,59586,0,0,0,3047,171483
2469,11178,60259,0,0,0,3222,171483
2470,10214,60886,0,0,0,3450,171483
2471,9385,61425,0,0,0,3715,171483
2472,8918,61728,0,0,0,4000,155252
2473,8518,61988,0,0,0,4285,155252
2474,8382,62077,0,0,0,4550,155252
2475,8518,61988,0,0,0,4778,155252
2476,8918,61728,0,0,0,4953,155252
2477,9554,61315,0,0,0,5063,155252
2478,10382,60777,0,0,0,5100,155252
2479,11347,60150,181552,130717,50835,5063,155252
2480,12382,59477,350732,252527,98205,4953,155252
2481,13417,58804,496009,357127,138883,4778,155252
2482,14382,58177,607485,437389,170096,4550,155252
2483,15211,57638,677561,487844,189717,4285,155252
2484,15846,57225,701463,505054,196410,4000,155252
2485,16246,56965,677561,487844,189717,3715,155252
2486,16382,56877,607485,437389,170096,3450,155252
2487,16246,56965,496009,357127,138883,3222,155252
2488,15846,57225,350732,252527,98205,3047,155252
2489,15211,57638,181552,130717,50835,2937,155252
2490,14382,58177,0,0,0,2900,155252
2491,13417,58804,0,0,0,2937,155252
2492,12382,59477,0,0,0,3047,155252
2493,11347,60150,0,0,0,3222,155252
2494,10382,60777,0,0,0,3450,155252
2495,9554,61315,0,0,0,3715,155252
2496,9085,61620,0,0,0,4000,161045
2497,8686,61879,0,0,0,4285,161045
2498,8549,61968,0,0,0,4550,161045
2499,8686,61879,0,0,0,4778,161045
2500,9085,61620,0,0,0,4953,161045
2501,9721,61206,0,0,0,5063,161045
2502,10549,60668,0,0,0,5100,161045
2503,11514,60041,182852,131653,51198,5063,161045
2504,12549,59368,353242,254334,98908,4953,161045
2505,13585,58695,499560,359683,139877,4778,161045
2506,14549,58068,611833,440520,171313,4550,161045
2507,15378,57529,682411,491336,191075,4285,161045
2508,16014,57116,706484,508668,197816,4000,161045
2509,16413,56856,682411,491336,191075,3715,161045
2510,16549,56768,611833,440520,171313,3450,161045
2511,16413,56856,499560,359683,139877,3222,161045
2512,16014,57116,353242,254334,98908,3047,161045
2513,15378,57529,182852,131653,51198,2937,161045
2514,14549,58068,0,0,0,2900,161045
2515,13585,58695,0,0,0,2937,161045
2516,12549,59368,0,0,0,3047,161045
2517,11514,60041,0,0,0,3222,161045
2518,10549,60668,0,0,0,3450,161045
2519,9721,61206,0,0,0,3715,161045
2520,9252,61512,0,0,0,4000,184500
2521,8852,61771,0,0,0,4285,184500
2522,8716,61860,0,0,0,4550,184500
2523,8852,61771,0,0,0,4778,184500
2524,9252,61512,0,0,0,4953,184500
2525,9887,61098,0,0,0,5063,184500
2526,10716,60560,0,0,0,5100,184500
2527,11680,59933,184142,132582,51560,5063,184500
2528,12716,59260,355734,256129,99606,4953,184500
2529,13751,58587,503084,362221,140864,4778,184500
2530,14716,57960,616150,443628,172522,4550,184500
2531,15544,57421,687226,494803,192423,4285,184500
2532,16180,57008,711469,512257,199211,4000,184500
2533,16579,56748,687226,494803,192423,3715,184500
2534,16716,56660,616150,443628,172522,3450,184500
2535,16579,56748,503084,362221,140864,3222,184500
2536,16180,57008,355734,256129,99606,3047,184500
2537,15544,57421,184142,132582,51560,2937,184500
2538,14716,57960,0,0,0,2900,184500
2539,13751,58587,0,0,0,2937,184500
2540,12716,59260,0,0,0,3047,184500
2541,11680,59933,0,0,0,3222,184500
2542,10716,60560,0,0,0,3450,184500
2543,9887,61098,0,0,0,3715,184500
2544,9416,61404,0,0,0,4000,207955
2545,9017,61664,0,0,0,4285,207955
2546,8881,61753,0,0,0,4550,207955
2547,9017,61664,0,0,0,4778,207955
2548,9416,61404,0,0,0,4953,207955
2549,10052,60991,0,0,0,5063,207955
2550,10881,60453,0,0,0,5100,207955
2551,11845,59826,185422,133504,51918,5063,207955
2552,12881,59153,358208,257910,100298,4953,207955
2553,13916,58480,506583,364739,141843,4778,207955
2554,14881,57853,620434,446713,173722,4550,207955
2555,15709,57314,692005,498243,193761,4285,207955
2556,16345,56901,716416,515820,200596,4000,207955
2557,16744,56641,692005,498243,193761,3715,207955
2558,16881,56553,620434,446713,173722,3450,207955
2559,16744,56641,506583,364739,141843,3222,207955
2560,16345,56901,358208,257910,100298,3047,207955
2561,15709,57314,185422,133504,51918,2937,207955
2562,14881,57853,0,0,0,2900,207955
2563,13916,58480,0,0,0,2937,207955
2564,12881,59153,0,0,0,3047,207955
2565,11845,59826,0,0,0,3222,207955
2566,10881,60453,0,0,0,3450,207955
2567,10052,60991,0,0,0,3715,207955
2568,9580,61298,0,0,0,4000,213748
2569,9180,61558,0,0,0,4285,213748
2570,9044,61646,0,0,0,4550,213748
2571,9180,61558,0,0,0,4778,213748
2572,9580,61298,0,0,0,4953,213748
2573,10216,60885,0,0,0,5063,213748
2574,11044,60346,0,0,0,5100,213748
2575,12009,59719,186692,134419,52274,5063,213748
2576,13044,59046,360662,259677,100985,4953,213748
2577,14079,58373,510053,367238,142815,4778,213748
2578,15044,57746,624685,449773,174912,4550,213748
2579,15873,57208,696746,501657,195089,4285,213748
2580,16508,56795,721324,519354,201971,4000,213748
2581,16908,56535,696746,501657,195089,3715,213748
2582,17044,56446,624685,449773,174912,3450,213748
2583,16908,56535,510053,367238,142815,3222,213748
2584,16508,56795,360662,259677,100985,3047,213748
2585,15873,57208,186692,134419,52274,2937,213748
2586,15044,57746,0,0,0,2900,213748
2587,14079,58373,0,0,0,2937,213748
2588,13044,59046,0,0,0,3047,213748
2589,12009,59719,0,0,0,3222,213748
2590,11044,60346,0,0,0,3450,213748
2591,10216,60885,0,0,0,3715,213748
2592,9742,61193,0,0,0,4000,197517
2593,9343,61452,0,0,0,4285,197517
2594,9206,61541,0,0,0,4550,197517
2595,9343,61452,0,0,0,4778,197517
2596,9742,61193,0,0,0,4953,197517
2597,10378,60779,0,0,0,5063,197517
2598,11206,60241,0,0,0,5100,197517
2599,12171,59614,187952,135326,52627,5063,197517
2600,13206,58941,363096,261429,101667,4953,197517
2601,14242,58268,513495,369717,143779,4778,197517
2602,15206,57641,628901,452809,176092,4550,197517
2603,16035,57102,701448,505042,196405,4285,197517
2604,16671,56689,726192,522858,203334,4000,197517
2605,17070,56429,701448,505042,196405,3715,197517
2606,17206,56341,628901,452809,176092,3450,197517
2607,17070,56429,513495,369717,143779,3222,197517
2608,16671,56689,363096,261429,101667,3047,197517
2609,16035,57102,187952,135326,52627,2937,197517
2610,15206,57641,0,0,0,2900,197517
2611,14242,58268,0,0,0,2937,197517
2612,13206,58941,0,0,0,3047,197517
2613,12171,59614,0,0,0,3222,197517
2614,11206,60241,0,0,0,3450,197517
2615,10378,60779,0,0,0,3715,197517
2616,9903,61088,0,0,0,4000,171483
2617,9504,61348,0,0,0,4285,171483
2618,9367,61436,0,0,0,4550,171483
2619,9504,61348,0,0,0,4778,171483
2620,9903,61088,0,0,0,4953,171483
2621,10539,60675,0,0,0,5063,171483
2622,11367,60136,0,0,0,5100,171483
2623,12332,59509,189201,136225,52976,5063,171483
2624,13367,58836,365509,263167,102343,4953,171483
2625,14403,58163,516908,372174,144734,4778,171483
2626,15367,57536,633080,455818,177263,4550,171483
2627,16196,56998,706109,508399,197711,4285,171483
2628,16831,56585,731018,526333,204685,4000,171483
2629,17231,56325,706109,508399,197711,3715,171483
2630,17367,56236,633080,455818,177263,3450,171483
2631,17231,56325,516908,372174,144734,3222,171483
2632,16831,56585,365509,263167,102343,3047,171483
2633,16196,56998,189201,136225,52976,2937,171483
2634,15367,57536,0,0,0,2900,171483
2635,14403,58163,0,0,0,2937,171483
2636,13367,58836,0,0,0,3047,171483
2637,12332,59509,0,0,0,3222,171483
2638,11367,60136,0,0,0,3450,171483
2639,10539,60675,0,0,0,3715,171483
2640,10063,60984,0,0,0,4000,155252
2641,9663,61244,0,0,0,4285,155252
2642,9527,61333,0,0,0,4550,155252
2643,9663,61244,0,0,0,4778,155252
2644,10063,60984,0,0,0,4953,155252
2645,10698,60571,0,0,0,5063,155252
2646,11527,60033,0,0,0,5100,155252
2647,12491,59406,190439,137116,53323,5063,155252
2648,13527,58733,367901,264888,103012,4953,155252
2649,14562,58060,520290,374609,145681,4778,155252
2650,15527,57433,637222,458800,178422,4550,155252
2651,16355,56894,710729,511725,199004,4285,155252
2652,16991,56481,735801,529777,206024,4000,155252
2653,17390,56221,710729,511725,199004,3715,155252
2654,17527,56133,637222,458800,178422,3450,155252
2655,17390,56221,520290,374609,145681,3222,155252
2656,16991,56481,367901,264888,103012,3047,155252
2657,16355,56894,190439,137116,53323,2937,155252
2658,15527,57433,0,0,0,2900,155252
2659,14562,58060,0,0,0,2937,155252
2660,13527,58733,0,0,0,3047,155252
2661,12491,59406,0,0,0,3222,155252
2662,11527,60033,0,0,0,3450,155252
2663,10698,60571,0,0,0,3715,155252
2664,10221,60882,0,0,0,4000,161045
2665,9821,61141,0,0,0,4285,161045
2666,9685,61230,0,0,0,4550,161045
2667,9821,61141,0,0,0,4778,161045
2668,10221,60882,0,0,0,4953,161045
2669,10856,60468,0,0,0,5063,161045
2670,11685,59930,0,0,0,5100,161045
2671,12649,59303,191666,137999,53666,5063,161045
2672,13685,58630,370270,266594,103676,4953,161045
2673,14720,57957,523640,377021,146619,4778,161045
2674,15685,57330,641326,461755,179571,4550,161045
2675,16513,56792,715306,515020,200286,4285,161045
2676,17149,56378,740539,533188,207351,4000,161045
2677,17548,56119,715306,515020,200286,3715,161045
2678,17685,56030,641326,461755,179571,3450,161045
2679,17548,56119,523640,377021,146619,3222,161045
2680,17149,56378,370270,266594,103676,3047,161045
2681,16513,56792,191666,137999,53666,2937,161045
2682,15685,57330,0,0,0,2900,161045
2683,14720,57957,0,0,0,2937,161045
2684,13685,58630,0,0,0,3047,161045
2685,12649,59303,0,0,0,3222,161045
2686,11685,59930,0,0,0,3450,161045
2687,10856,60468,0,0,0,3715,161045
2688,10377,60780,0,0,0,4000,184500
2689,9977,61040,0,0,0,4285,184500
2690,9841,61128,0,0,0,4550,184500
2691,9977,61040,0,0,0,4778,184500
2692,10377,60780,0,0,0,4953,184500
2693,11013,60367,0,0,0,5063,184500
2694,11841,59828,0,0,0,5100,184500
2695,12806,59201,192880,138874,54006,5063,184500
2696,13841,58528,372616,268283,104332,4953,184500
2697,14876,57855,526958,379410,147548,4778,184500
2698,15841,57228,645389,464680,180709,4550,184500
2699,16669,56690,719838,518284,201555,4285,184500
2700,17305,56277,745231,536567,208665,4000,184500
2701,17705,56017,719838,518284,201555,3715,184500
2702,17841,55928,645389,464680,180709,3450,184500
2703,17705,56017,526958,379410,147548,3222,184500
2704,17305,56277,372616,268283,104332,3047,184500
2705,16669,56690,192880,138874,54006,2937,184500
2706,15841,57228,0,0,0,2900,184500
2707,14876,57855,0,0,0,2937,184500
2708,13841,58528,0,0,0,3047,184500
2709,12806,59201,0,0,0,3222,184500
2710,11841,59828,0,0,0,3450,184500
2711,11013,60367,0,0,0,3715,184500
2712,10532,60679,0,0,0,4000,207955
2713,10132,60939,0,0,0,4285,207955
2714,9996,61028,0,0,0,4550,207955
2715,10132,60939,0,0,0,4778,207955
2716,10532,60679,0,0,0,4953,207955
2717,11167,60266,0,0,0,5063,207955
2718,11996,59728,0,0,0,5100,207955
2719,12961,59101,194082,139739,54343,5063,207955
2720,13996,58428,374938,269955,104983,4953,207955
2721,15031,57755,530242,381774,148468,4778,207955
2722,15996,57128,649412,467576,181835,4550,207955
2723,16824,56589,724325,521514,202811,4285,207955
2724,17460,56176,749876,539911,209965,4000,207955
2725,17860,55916,724325,521514,202811,3715,207955
2726,17996,55828,649412,467576,181835,3450,207955
2727,17860,55916,530242,381774,148468,3222,207955
2728,17460,56176,374938,269955,104983,3047,207955
2729,16824,56589,194082,139739,54343,2937,207955
2730,15996,57128,0,0,0,2900,207955
2731,15031,57755,0,0,0,2937,207955
2732,13996,58428,0,0,0,3047,207955
2733,12961,59101,0,0,0,3222,207955
2734,11996,59728,0,0,0,3450,207955
2735,11167,60266,0,0,0,3715,207955
2736,10685,60580,0,0,0,4000,213748
2737,10285,60840,0,0,0,4285,213748
2738,10149,60928,0,0,0,4550,213748
2739,10285,60840,0,0,0,4778,213748
2740,10685,60580,0,0,0,4953,213748
2741,11321,60167,0,0,0,5063,213748
2742,12149,59628,0,0,0,5100,213748
2743,13114,59001,195272,140596,54676,5063,213748
2744,14149,58328,377236,271610,105626,4953,213748
2745,15184,57655,533492,384114,149378,4778,213748
2746,16149,57028,653392,470442,182950,4550,213748
2747,16977,56490,728764,524710,204054,4285,213748
2748,17613,56076,754472,543220,211252,4000,213748
2749,18013,55817,728764,524710,204054,3715,213748
2750,18149,55728,653392,470442,182950,3450,213748
2751,18013,55817,533492,384114,149378,3222,213748
2752,17613,56076,377236,271610,105626,3047,213748
2753,16977,56490,195272,140596,54676,2937,213748
2754,16149,57028,0,0,0,2900,213748
2755,15184,57655,0,0,0,2937,213748
2756,14149,58328,0,0,0,3047,213748
2757,13114,59001,0,0,0,3222,213748
2758,12149,59628,0,0,0,3450,213748
2759,11321,60167,0,0,0,3715,213748
2760,10836,60481,0,0,0,4000,197517
2761,10437,60741,0,0,0,4285,197517
2762,10301,60830,0,0,0,4550,197517
2763,10437,60741,0,0,0,4778,197517
2764,10836,60481,0,0,0,4953,197517
2765,11472,60068,0,0,0,5063,197517
2766,12301,59530,0,0,0,5100,197517
2767,13265,58903,196448,141443,55005,5063,197517
2768,14301,58230,379509,273246,106262,4953,197517
2769,15336,57557,536706,386428,150278,4778,197517
2770,16301,56930,657328,473276,184052,4550,197517
2771,17129,56391,733154,527871,205283,4285,197517
2772,17765,55978,759017,546492,212525,4000,197517
2773,18164,55718,733154,527871,205283,3715,197517
2774,18301,55630,657328,473276,184052,3450,197517
2775,18164,55718,536706,386428,150278,3222,197517
2776,17765,55978,379509,273246,106262,3047,197517
2777,17129,56391,196448,141443,55005,2937,197517
2778,16301,56930,0,0,0,2900,197517
2779,15336,57557,0,0,0,2937,197517
2780,14301,58230,0,0,0,3047,197517
2781,13265,58903,0,0,0,3222,197517
2782,12301,59530,0,0,0,3450,197517
2783,11472,60068,0,0,0,3715,197517
2784,10986,60384,0,0,0,4000,171483
2785,10587,60644,0,0,0,4285,171483
2786,10450,60732,0,0,0,4550,171483
2787,10587,60644,0,0,0,4778,171483
2788,10986,60384,0,0,0,4953,171483
2789,11622,59971,0,0,0,5063,171483
2790,12450,59432,0,0,0,5100,171483
2791,13415,58805,197611,142280,55331,5063,171483
2792,14450,58132,381756,274864,106892,4953,171483
2793,15486,57459,539884,388716,151167,4778,171483
2794,16450,56832,661220,476078,185142,4550,171483
2795,17279,56294,737495,530996,206499,4285,171483
2796,17914,55881,763511,549728,213783,4000,171483
2797,18314,55621,737495,530996,206499,3715,171483
2798,18450,55532,661220,476078,185142,3450,171483
2799,18314,55621,539884,388716,151167,3222,171483
2800,17914,55881,381756,274864,106892,3047,171483
2801,17279,56294,197611,142280,55331,2937,171483
2802,16450,56832,0,0,0,2900,171483
2803,15486,57459,0,0,0,2937,171483
2804,14450,58132,0,0,0,3047,171483
2805,13415,58805,0,0,0,3222,171483
2806,12450,59432,0,0,0,3450,171483
2807,11622,59971,0,0,0,3715,171483
2808,11134,60288,0,0,0,4000,155252
2809,10735,60547,0,0,0,4285,155252
2810,10598,60636,0,0,0,4550,155252
2811,10735,60547,0,0,0,4778,155252
2812,11134,60288,0,0,0,4953,155252
2813,11770,59875,0,0,0,5063,155252
2814,12598,59336,0,0,0,5100,155252
2815,13563,58709,198761,143108,55653,5063,155252
2816,14598,58036,383976,276463,107513,4953,155252
2817,15634,57363,543024,390977,152047,4778,155252
2818,16598,56736,665066,478848,186218,4550,155252
2819,17427,56198,741785,534085,207700,4285,155252
2820,18063,55784,767952,552926,215027,4000,155252
2821,18462,55525,741785,534085,207700,3715,155252
2822,18598,55436,665066,478848,186218,3450,155252
2823,18462,55525,543024,390977,152047,3222,155252
2824,18063,55784,383976,276463,107513,3047,155252
2825,17427,56198,198761,143108,55653,2937,155252
2826,16598,56736,0,0,0,2900,155252
2827,15634,57363,0,0,0,2937,155252
2828,14598,58036,0,0,0,3047,155252
2829,13563,58709,0,0,0,3222,155252
2830,12598,59336,0,0,0,3450,155252
2831,11770,59875,0,0,0,3715,155252
2832,11281,60193,0,0,0,4000,161045
2833,10881,60452,0,0,0,4285,161045
2834,10745,60541,0,0,0,4550,161045
2835,10881,60452,0,0,0,4778,161045
2836,11281,60193,0,0,0,4953,161045
2837,11916,59779,0,0,0,5063,161045
2838,12745,59241,0,0,0,5100,161045
2839,13709,58614,199896,143925,55971,5063,161045
2840,14745,57941,386169,278042,108127,4953,161045
2841,15780,57268,546126,393211,152915,4778,161045
2842,16745,56641,668865,481583,187282,4550,161045
2843,17573,56103,746022,537136,208886,4285,161045
2844,18209,55689,772339,556084,216255,4000,161045
2845,18608,55430,746022,537136,208886,3715,161045
2846,18745,55341,668865,481583,187282,3450,161045
2847,18608,55430,546126,393211,152915,3222,161045
2848,18209,55689,386169,278042,108127,3047,161045
2849,17573,56103,199896,143925,55971,2937,161045
2850,16745,56641,0,0,0,2900,161045
2851,15780,57268,0,0,0,2937,161045
2852,14745,57941,0,0,0,3047,161045
2853,13709,58614,0,0,0,3222,161045
2854,12745,59241,0,0,0,3450,161045
2855,11916,59779,0,0,0,3715,161045
2856,11425,60099,0,0,0,4000,184500
2857,11025,60359,0,0,0,4285,184500
2858,10889,60447,0,0,0,4550,184500
2859,11025,60359,0,0,0,4778,184500
2860,11425,60099,0,0,0,4953,184500
2861,12061,59686,0,0,0,5063,184500
2862,12889,59147,0,0,0,5100,184500
2863,13854,58520,201017,144732,56285,5063,184500
2864,14889,57847,388335,279601,108734,4953,184500
2865,15924,57174,549189,395416,153773,4778,184500
2866,16889,56547,672616,484284,188333,4550,184500
2867,17717,56009,750206,540148,210058,4285,184500
2868,18353,55595,776670,559203,217468,4000,184500
2869,18753,55336,750206,540148,210058,3715,184500
2870,18889,55247,672616,484284,188333,3450,184500
2871,18753,55336,549189,395416,153773,3222,184500
2872,18353,55595,388335,279601,108734,3047,184500
2873,17717,56009,201017,144732,56285,2937,184500
2874,16889,56547,0,0,0,2900,184500
2875,15924,57174,0,0,0,2937,184500
2876,14889,57847,0,0,0,3047,184500
2877,13854,58520,0,0,0,3222,184500
2878,12889,59147,0,0,0,3450,184500
2879,12061,59686,0,0,0,3715,184500
2880,11567,60006,0,0,0,4000,207955
2881,11168,60266,0,0,0,4285,207955
2882,11031,60355,0,0,0,4550,207955
2883,11168,60266,0,0,0,4778,207955
2884,11567,60006,0,0,0,4953,207955
2885,12203,59593,0,0,0,5063,207955
2886,13031,59055,0,0,0,5100,207955
2887,13996,58427,202123,145529,56595,5063,207955
2888,15031,57755,390472,281140,109332,4953,207955
2889,16067,57082,552211,397592,154619,4778,207955
2890,17031,56455,676318,486949,189369,4550,207955
2891,17860,55916,754335,543121,211214,4285,207955
2892,18496,55503,780945,562280,218665,4000,207955
2893,18895,55243,754335,543121,211214,3715,207955
2894,19031,55155,676318,486949,189369,3450,207955
2895,18895,55243,552211,397592,154619,3222,207955
2896,18496,55503,390472,281140,109332,3047,207955
2897,17860,55916,202123,145529,56595,2937,207955
2898,17031,56455,0,0,0,2900,207955
2899,16067,57082,0,0,0,2937,207955
2900,15031,57755,0,0,0,3047,207955
2901,13996,58427,0,0,0,3222,207955
2902,13031,59055,0,0,0,3450,207955
2903,12203,59593,0,0,0,3715,207955
2904,11708,59915,0,0,0,4000,213748
2905,11308,60175,0,0,0,4285,213748
2906,11172,60263,0,0,0,4550,213748
2907,11308,60175,0,0,0,4778,213748
2908,11708,59915,0,0,0,4953,213748
2909,12344,59502,0,0,0,5063,213748
2910,13172,58963,0,0,0,5100,213748
2911,14137,58336,203215,146315,56900,5063,213748
2912,15172,57663,392581,282658,109923,4953,213748
2913,16207,56990,555193,399739,155454,4778,213748
2914,17172,56363,679970,489578,190391,4550,213748
2915,18000,55825,758407,546053,212354,4285,213748
2916,18636,55412,785161,565316,219845,4000,213748
2917,19036,55152,758407,546053,212354,3715,213748
2918,19172,55063,679970,489578,190391,3450,213748
2919,19036,55152,555193,399739,155454,3222,213748
2920,18636,55412,392581,282658,109923,3047,213748
2921,18000,55825,203215,146315,56900,2937,213748
2922,17172,56363,0,0,0,2900,213748
2923,16207,56990,0,0,0,2937,213748
2924,15172,57663,0,0,0,3047,213748
2925,14137,58336,0,0,0,3222,213748
2926,13172,58963,0,0,0,3450,213748
2927,12344,59502,0,0,0,3715,213748
2928,11847,59825,0,0,0,4000,197517
2929,11447,60085,0,0,0,4285,197517
2930,11311,60173,0,0,0,4550,197517
2931,11447,60085,0,0,0,4778,197517
2932,11847,59825,0,0,0,4953,197517
2933,12482,59412,0,0,0,5063,197517
2934,13311,58873,0,0,0,5100,197517
2935,14275,58246,204291,147089,57201,5063,197517
2936,15311,57573,394659,284155,110505,4953,197517
2937,16346,56900,558132,401855,156277,4778,197517
2938,17311,56273,683570,492170,191400,4550,197517
2939,18139,55735,762423,548945,213478,4285,197517
2940,18775,55321,789318,568309,221009,4000,197517
2941,19174,55062,762423,548945,213478,3715,197517
2942,19311,54973,683570,492170,191400,3450,197517
2943,19174,55062,558132,401855,156277,3222,197517
2944,18775,55321,394659,284155,110505,3047,197517
2945,18139,55735,204291,147089,57201,2937,197517
2946,17311,56273,0,0,0,2900,197517
2947,16346,56900,0,0,0,2937,197517
2948,15311,57573,0,0,0,3047,197517
2949,14275,58246,0,0,0,3222,197517
2950,13311,58873,0,0,0,3450,197517
2951,12482,59412,0,0,0,3715,197517
2952,11983,59736,0,0,0,4000,171483
2953,11583,59996,0,0,0,4285,171483
2954,11447,60084,0,0,0,4550,171483
2955,11583,59996,0,0,0,4778,171483
2956,11983,59736,0,0,0,4953,171483
2957,12619,59323,0,0,0,5063,171483
2958,13447,58784,0,0,0,5100,171483
2959,14412,58157,205351,147853,57498,5063,171483
2960,15447,57484,396707,285629,111078,4953,171483
2961,16482,56811,561029,403941,157088,4778,171483
2962,17447,56184,687117,494725,192393,4550,171483
2963,18276,55646,766380,551794,214586,4285,171483
2964,18911,55233,793415,571259,222156,4000,171483
2965,19311,54973,766380,551794,214586,3715,171483
2966,19447,54884,687117,494725,192393,3450,171483
2967,19311,54973,561029,403941,157088,3222,171483
2968,18911,55233,396707,285629,111078,3047,171483
2969,18276,55646,205351,147853,57498,2937,171483
2970,17447,56184,0,0,0,2900,171483
2971,16482,56811,0,0,0,2937,171483
2972,15447,57484,0,0,0,3047,171483
2973,14412,58157,0,0,0,3222,171483
2974,13447,58784,0,0,0,3450,171483
2975,12619,59323,0,0,0,3715,171483
2976,12118,59649,0,0,0,4000,155252
2977,11718,59908,0,0,0,4285,155252
2978,11582,59997,0,0,0,4550,155252
2979,11718,59908,0,0,0,4778,155252
2980,12118,59649,0,0,0,4953,155252
2981,12753,59235,0,0,0,5063,155252
2982,13582,58697,0,0,0,5100,155252
2983,14546,58070,206395,148605,57791,5063,155252
2984,15582,57397,398725,287082,111643,4953,155252
2985,16617,56724,563882,405995,157887,4778,155252
2986,17582,56097,690612,497240,193371,4550,155252
2987,18410,55558,770277,554600,215678,4285,155252
2988,19046,55145,797450,574164,223286,4000,155252
2989,19445,54886,770277,554600,215678,3715,155252
2990,19582,54797,690612,497240,193371,3450,155252
2991,19445,54886,563882,405995,157887,3222,155252
2992,19046,55145,398725,287082,111643,3047,155252
2993,18410,55558,206395,148605,57791,2937,155252
2994,17582,56097,0,0,0,2900,155252
2995,16617,56724,0,0,0,2937,155252
2996,15582,57397,0,0,0,3047,155252
2997,14546,58070,0,0,0,3222,155252
2998,13582,58697,0,0,0,3450,155252
2999,12753,59235,0,0,0,3715,155252
3000,12250,59563,0,0,0,4000,161045
3001,11850,59822,0,0,0,4285,161045
3002,11714,59911,0,0,0,4550,161045
3003,11850,59822,0,0,0,4778,161045
3004,12250,59563,0,0,0,4953,161045
3005,12886,59149,0,0,0,5063,161045
3006,13714,58611,0,0,0,5100,161045
3007,14679,57984,207423,149345,58078,5063,161045
3008,15714,57311,400711,288512,112199,4953,161045
3009,16749,56638,566691,408017,158673,4778,161045
3010,17714,56011,694051,499717,194334,4550,161045
3011,18542,55472,774114,557362,216752,4285,161045
3012,19178,55059,801422,577024,224398,4000,161045
3013,19578,54799,774114,557362,216752,3715,161045
3014,19714,54711,694051,499717,194334,3450,161045
3015,19578,54799,566691,408017,158673,3222,161045
3016,19178,55059,400711,288512,112199,3047,161045
3017,18542,55472,207423,149345,58078,2937,161045
3018,17714,56011,0,0,0,2900,161045
3019,16749,56638,0,0,0,2937,161045
3020,15714,57311,0,0,0,3047,161045
3021,14679,57984,0,0,0,3222,161045
3022,13714,58611,0,0,0,3450,161045
3023,12886,59149,0,0,0,3715,161045
3024,12380,59478,0,0,0,4000,184500
3025,11981,59738,0,0,0,4285,184500
3026,11844,59826,0,0,0,4550,184500
3027,11981,59738,0,0,0,4778,184500
3028,12380,59478,0,0,0,4953,184500
3029,13016,59065,0,0,0,5063,184500
3030,13844,58526,0,0,0,5100,184500
3031,14809,57899,208435,150073,58362,5063,184500
3032,15844,57226,402665,289919,112746,4953,184500
3033,16880,56553,569454,410007,159447,4778,184500
3034,17844,55926,697436,502154,195282,4550,184500
3035,18673,55388,777888,560080,217809,4285,184500
3036,19308,54975,805329,579837,225492,4000,184500
3037,19708,54715,777888,560080,217809,3715,184500
3038,19844,54626,697436,502154,195282,3450,184500
3039,19708,54715,569454,410007,159447,3222,184500
3040,19308,54975,402665,289919,112746,3047,184500
3041,18673,55388,208435,150073,58362,2937,184500
3042,17844,55926,0,0,0,2900,184500
3043,16880,56553,0,0,0,2937,184500
3044,15844,57226,0,0,0,3047,184500
3045,14809,57899,0,0,0,3222,184500
3046,13844,58526,0,0,0,3450,184500
3047,13016,59065,0,0,0,3715,184500
3048,12508,59395,0,0,0,4000,207955
3049,12109,59654,0,0,0,4285,207955
3050,11972,59743,0,0,0,4550,207955
3051,12109,59654,0,0,0,4778,207955
3052,12508,59395,0,0,0,4953,207955
3053,13144,58981,0,0,0,5063,207955
3054,13972,58443,0,0,0,5100,207955
3055,14937,57816,209429,150789,58640,5063,207955
3056,15972,57143,404586,291302,113284,4953,207955
3057,17008,56470,572171,411963,160208,4778,207955
3058,17972,55843,700763,504550,196214,4550,207955
3059,18801,55304,781600,562752,218848,4285,207955
3060,19436,54891,809172,582604,226568,4000,207955
3061,19836,54632,781600,562752,218848,3715,207955
3062,19972,54543,700763,504550,196214,3450,207955
3063,19836,54632,572171,411963,160208,3222,207955
3064,19436,54891,404586,291302,113284,3047,207955
3065,18801,55304,209429,150789,58640,2937,207955
3066,17972,55843,0,0,0,2900,207955
3067,17008,56470,0,0,0,2937,207955
3068,15972,57143,0,0,0,3047,207955
3069,14937,57816,0,0,0,3222,207955
3070,13972,58443,0,0,0,3450,207955
3071,13144,58981,0,0,0,3715,207955
3072,12634,59313,0,0,0,4000,213748
3073,12235,59573,0,0,0,4285,213748
3074,12098,59661,0,0,0,4550,213748
3075,12235,59573,0,0,0,4778,213748
3076,12634,59313,0,0,0,4953,213748
3077,13270,58900,0,0,0,5063,213748
3078,14098,58361,0,0,0,5100,213748
3079,15063,57734,210406,151493,58914,5063,213748
3080,16098,57061,406474,292661,113813,4953,213748
3081,17134,56388,574841,413885,160955,4778,213748
3082,18098,55761,704034,506904,197129,4550,213748
3083,18927,55223,785247,565378,219869,4285,213748
3084,19562,54809,812948,585322,227625,4000,213748
3085,19962,54550,785247,565378,219869,3715,213748
3086,20098,54461,704034,506904,197129,3450,213748
3087,19962,54550,574841,413885,160955,3222,213748
3088,19562,54809,406474,292661,113813,3047,213748
3089,18927,55223,210406,151493,58914,2937,213748
3090,18098,55761,0,0,0,2900,213748
3091,17134,56388,0,0,0,2937,213748
3092,16098,57061,0,0,0,3047,213748
3093,15063,57734,0,0,0,3222,213748
3094,14098,58361,0,0,0,3450,213748
3095,13270,58900,0,0,0,3715,213748
3096,12758,59232,0,0,0,4000,197517
3097,12358,59492,0,0,0,4285,197517
3098,12222,59581,0,0,0,4550,197517
3099,12358,59492,0,0,0,4778,197517
3100,12758,59232,0,0,0,4953,197517
3101,13393,58819,0,0,0,5063,197517
3102,14222,58281,0,0,0,5100,197517
3103,15187,57654,211366,152184,59183,5063,197517
3104,16222,56981,408328,293996,114332,4953,197517
3105,17257,56308,577463,415774,161690,4778,197517
3106,18222,55681,707245,509217,198029,4550,197517
3107,19050,55142,788829,567957,220872,4285,197517
3108,19686,54729,816656,587993,228664,4000,197517
3109,20086,54469,788829,567957,220872,3715,197517
3110,20222,54381,707245,509217,198029,3450,197517
3111,20086,54469,577463,415774,161690,3222,197517
3112,19686,54729,408328,293996,114332,3047,197517
3113,19050,55142,211366,152184,59183,2937,197517
3114,18222,55681,0,0,0,2900,197517
3115,17257,56308,0,0,0,2937,197517
3116,16222,56981,0,0,0,3047,197517
3117,15187,57654,0,0,0,3222,197517
3118,14222,58281,0,0,0,3450,197517
3119,13393,58819,0,0,0,3715,197517
3120,12879,59154,0,0,0,4000,171483
3121,12480,59413,0,0,0,4285,171483
3122,12343,59502,0,0,0,4550,171483
3123,12480,59413,0,0,0,4778,171483
3124,12879,59154,0,0,0,4953,171483
3125,13515,58740,0,0,0,5063,171483
3126,14343,58202,0,0,0,5100,171483
3127,15308,57575,212308,152862,59446,5063,171483
3128,16343,56902,410148,295307,114841,4953,171483
3129,17378,56229,580037,417627,162410,4778,171483
3130,18343,55602,710397,511486,198911,4550,171483
3131,19172,55063,792345,570489,221857,4285,171483
3132,19807,54650,820296,590613,229683,4000,171483
3133,20207,54391,792345,570489,221857,3715,171483
3134,20343,54302,710397,511486,198911,3450,171483
3135,20207,54391,580037,417627,162410,3222,171483
3136,19807,54650,410148,295307,114841,3047,171483
3137,19172,55063,212308,152862,59446,2937,171483
3138,18343,55602,0,0,0,2900,171483
3139,17378,56229,0,0,0,2937,171483
3140,16343,56902,0,0,0,3047,171483
3141,15308,57575,0,0,0,3222,171483
3142,14343,58202,0,0,0,3450,171483
3143,13515,58740,0,0,0,3715,171483
3144,12998,59076,0,0,0,4000,155252
3145,12599,59336,0,0,0,4285,155252
3146,12462,59425,0,0,0,4550,155252
3147,12599,59336,0,0,0,4778,155252
3148,12998,59076,0,0,0,4953,155252
3149,13634,58663,0,0,0,5063,155252
3150,14462,58125,0,0,0,5100,155252
3151,15427,57497,213232,153527,59705,5063,155252
3152,16462,56825,411933,296592,115341,4953,155252
3153,17497,56152,582561,419444,163117,4778,155252
3154,18462,55525,713489,513712,199777,4550,155252
3155,19291,54986,795794,572972,222822,4285,155252
3156,19926,54573,823866,593184,230683,4000,155252
3157,20326,54313,795794,572972,222822,3715,155252
3158,20462,54225,713489,513712,199777,3450,155252
3159,20326,54313,582561,419444,163117,3222,155252
3160,19926,54573,411933,296592,115341,3047,155252
3161,19291,54986,213232,153527,59705,2937,155252
3162,18462,55525,0,0,0,2900,155252
3163,17497,56152,0,0,0,2937,155252
3164,16462,56825,0,0,0,3047,155252
3165,15427,57497,0,0,0,3222,155252
3166,14462,58125,0,0,0,3450,155252
3167,13634,58663,0,0,0,3715,155252
3168,13115,59000,0,0,0,4000,161045
3169,12715,59260,0,0,0,4285,161045
3170,12579,59349,0,0,0,4550,161045
3171,12715,59260,0,0,0,4778,161045
3172,13115,59000,0,0,0,4953,161045
3173,13750,58587,0,0,0,5063,161045
3174,14579,58049,0,0,0,5100,161045
3175,15544,57422,214138,154179,59959,5063,161045
3176,16579,56749,413683,297852,115831,4953,161045
3177,17614,56076,585036,421226,163810,4778,161045
3178,18579,55449,716520,515894,200626,4550,161045
3179,19407,54910,799174,575405,223769,4285,161045
3180,20043,54497,827366,595703,231662,4000,161045
3181,20443,54237,799174,575405,223769,3715,161045
3182,20579,54149,716520,515894,200626,3450,161045
3183,20443,54237,585036,421226,163810,3222,161045
3184,20043,54497,413683,297852,115831,3047,161045
3185,19407,54910,214138,154179,59959,2937,161045
3186,18579,55449,0,0,0,2900,161045
3187,17614,56076,0,0,0,2937,161045
3188,16579,56749,0,0,0,3047,161045
3189,15544,57422,0,0,0,3222,161045
3190,14579,58049,0,0,0,3450,161045
3191,13750,58587,0,0,0,3715,161045
3192,13229,58926,0,0,0,4000,184500
3193,12829,59186,0,0,0,4285,184500
3194,12693,59274,0,0,0,4550,184500
3195,12829,59186,0,0,0,4778,184500
3196,13229,58926,0,0,0,4953,184500
3197,13865,58513,0,0,0,5063,184500
3198,14693,57974,0,0,0,5100,184500
3199,15658,57347,215025,154818,60207,5063,184500
3200,16693,56674,415397,299086,116311,4953,184500
3201,17728,56002,587460,422971,164489,4778,184500
3202,18693,55374,719488,518031,201457,4550,184500
3203,19522,54836,802485,577789,224696,4285,184500
3204,20157,54423,830793,598171,232622,4000,184500
3205,20557,54163,802485,577789,224696,3715,184500
3206,20693,54074,719488,518031,201457,3450,184500
3207,20557,54163,587460,422971,164489,3222,184500
3208,20157,54423,415397,299086,116311,3047,184500
3209,19522,54836,215025,154818,60207,2937,184500
3210,18693,55374,0,0,0,2900,184500
3211,17728,56002,0,0,0,2937,184500
3212,16693,56674,0,0,0,3047,184500
3213,15658,57347,0,0,0,3222,184500
3214,14693,57974,0,0,0,3450,184500
3215,13865,58513,0,0,0,3715,184500
3216,13341,58853,0,0,0,4000,207955
3217,12941,59113,0,0,0,4285,207955
3218,12805,59202,0,0,0,4550,207955
3219,12941,59113,0,0,0,4778,207955
3220,13341,58853,0,0,0,4953,207955
3221,13977,58440,0,0,0,5063,207955
3222,14805,57902,0,0,0,5100,207955
3223,15770,57275,215893,155443,60450,5063,207955
3224,16805,56602,417074,300293,116781,4953,207955
3225,17840,55929,589832,424679,165153,4778,207955
3226,18805,55302,722393,520123,202270,4550,207955
3227,19633,54763,805725,580122,225603,4285,207955
3228,20269,54350,834148,600586,233561,4000,207955
3229,20669,54090,805725,580122,225603,3715,207955
3230,20805,54002,722393,520123,202270,3450,207955
3231,20669,54090,589832,424679,165153,3222,207955
3232,20269,54350,417074,300293,116781,3047,207955
3233,19633,54763,215893,155443,60450,2937,207955
3234,18805,55302,0,0,0,2900,207955
3235,17840,55929,0,0,0,2937,207955
3236,16805,56602,0,0,0,3047,207955
3237,15770,57275,0,0,0,3222,207955
3238,14805,57902,0,0,0,3450,207955
3239,13977,58440,0,0,0,3715,207955
3240,13450,58782,0,0,0,4000,213748
3241,13051,59042,0,0,0,4285,213748
3242,12914,59131,0,0,0,4550,213748
3243,13051,59042,0,0,0,4778,213748
3244,13450,58782,0,0,0,4953,213748
3245,14086,58369,0,0,0,5063,213748
3246,14914,57831,0,0,0,5100,213748
3247,15879,57204,216743,156055,60688,5063,213748
3248,16914,56531,418714,301474,117240,4953,213748
3249,17950,55858,592152,426349,165802,4778,213748
3250,18914,55231,725235,522169,203066,4550,213748
3251,19743,54692,808894,582404,226490,4285,213748
3252,20378,54279,837429,602949,234480,4000,213748
3253,20778,54019,808894,582404,226490,3715,213748
3254,20914,53931,725235,522169,203066,3450,213748
3255,20778,54019,592152,426349,165802,3222,213748
3256,20378,54279,418714,301474,117240,3047,213748
3257,19743,54692,216743,156055,60688,2937,213748
3258,18914,55231,0,0,0,2900,213748
3259,17950,55858,0,0,0,2937,213748
3260,16914,56531,0,0,0,3047,213748
3261,15879,57204,0,0,0,3222,213748
3262,14914,57831,0,0,0,3450,213748
3263,14086,58369,0,0,0,3715,213748
3264,13557,58713,0,0,0,4000,197517
3265,13157,58973,0,0,0,4285,197517
3266,13021,59061,0,0,0,4550,197517
3267,13157,58973,0,0,0,4778,197517
3268,13557,58713,0,0,0,4953,197517
3269,14193,58300,0,0,0,5063,197517
3270,15021,57761,0,0,0,5100,197517
3271,15986,57134,217572,156652,60920,5063,197517
3272,17021,56461,420317,302629,117689,4953,197517
3273,18056,55788,594419,427981,166437,4778,197517
3274,19021,55161,728011,524168,203843,4550,197517
3275,19850,54623,811991,584633,227357,4285,197517
3276,20485,54210,840635,605257,235378,4000,197517
3277,20885,53950,811991,584633,227357,3715,197517
3278,21021,53861,728011,524168,203843,3450,197517
3279,20885,53950,594419,427981,166437,3222,197517
3280,20485,54210,420317,302629,117689,3047,197517
3281,19850,54623,217572,156652,60920,2937,197517
3282,19021,55161,0,0,0,2900,197517
3283,18056,55788,0,0,0,2937,197517
3284,17021,56461,0,0,0,3047,197517
3285,15986,57134,0,0,0,3222,197517
3286,15021,57761,0,0,0,3450,197517
3287,14193,58300,0,0,0,3715,197517
3288,13661,58645,0,0,0,4000,171483
3289,13262,58905,0,0,0,4285,171483
3290,13126,58993,0,0,0,4550,171483
3291,13262,58905,0,0,0,4778,171483
3292,13661,58645,0,0,0,4953,171483
3293,14297,58232,0,0,0,5063,171483
3294,15126,57693,0,0,0,5100,171483
3295,16090,57066,218382,157235,61147,5063,171483
3296,17126,56393,421883,303755,118127,4953,171483
3297,18161,55720,596632,429575,167057,4778,171483
3298,19126,55093,730722,526120,204602,4550,171483
3299,19954,54555,815015,586810,228204,4285,171483
3300,20590,54142,843765,607511,236254,4000,171483
3301,20989,53882,815015,586810,228204,3715,171483
3302,21126,53793,730722,526120,204602,3450,171483
3303,20989,53882,596632,429575,167057,3222,171483
3304,20590,54142,421883,303755,118127,3047,171483
3305,19954,54555,218382,157235,61147,2937,171483
3306,19126,55093,0,0,0,2900,171483
3307,18161,55720,0,0,0,2937,171483
3308,17126,56393,0,0,0,3047,171483
3309,16090,57066,0,0,0,3222,171483
3310,15126,57693,0,0,0,3450,171483
3311,14297,58232,0,0,0,3715,171483
3312,13763,58579,0,0,0,4000,155252
3313,13364,58839,0,0,0,4285,155252
3314,13227,58927,0,0,0,4550,155252
3315,13364,58839,0,0,0,4778,155252
3316,13763,58579,0,0,0,4953,155252
3317,14399,58166,0,0,0,5063,155252
3318,15227,57627,0,0,0,5100,155252
3319,16192,57000,219173,157804,61368,5063,155252
3320,17227,56327,423409,304855,118555,4953,155252
3321,18263,55654,598791,431130,167662,4778,155252
3322,19227,55027,733367,528024,205343,4550,155252
3323,20056,54489,817964,588934,229030,4285,155252
3324,20691,54076,846819,609709,237109,4000,155252
3325,21091,53816,817964,588934,229030,3715,155252
3326,21227,53727,733367,528024,205343,3450,155252
3327,21091,53816,598791,431130,167662,3222,155252
3328,20691,54076,423409,304855,118555,3047,155252
3329,20056,54489,219173,157804,61368,2937,155252
3330,19227,55027,0,0,0,2900,155252
3331,18263,55654,0,0,0,2937,155252
3332,17227,56327,0,0,0,3047,155252
3333,16192,57000,0,0,0,3222,155252
3334,15227,57627,0,0,0,3450,155252
3335,14399,58166,0,0,0,3715,155252
3336,13862,58514,0,0,0,4000,161045
3337,13463,58774,0,0,0,4285,161045
3338,13326,58863,0,0,0,4550,161045
3339,13463,58774,0,0,0,4778,161045
3340,13862,58514,0,0,0,4953,161045
3341,14498,58101,0,0,0,5063,161045
3342,15326,57563,0,0,0,5100,161045
3343,16291,56936,219943,158359,61584,5063,161045
3344,17326,56263,424897,305926,118971,4953,161045
3345,18362,55590,600896,432645,168251,4778,161045
3346,19326,54963,735944,529880,206064,4550,161045
3347,20155,54424,820839,591004,229835,4285,161045
3348,20791,54011,849795,611852,237943,4000,161045
3349,21190,53751,820839,591004,229835,3715,161045
3350,21326,53663,735944,529880,206064,3450,161045
3351,21190,53751,600896,432645,168251,3222,161045
3352,20791,54011,424897,305926,118971,3047,161045
3353,20155,54424,219943,158359,61584,2937,161045
3354,19326,54963,0,0,0,2900,161045
3355,18362,55590,0,0,0,2937,161045
3356,17326,56263,0,0,0,3047,161045
3357,16291,56936,0,0,0,3222,161045
3358,15326,57563,0,0,0,3450,161045
3359,14498,58101,0,0,0,3715,161045
3360,13959,58452,0,0,0,4000,184500
3361,13559,58711,0,0,0,4285,184500
3362,13423,58800,0,0,0,4550,184500
3363,13559,58711,0,0,0,4778,184500
3364,13959,58452,0,0,0,4953,184500
3365,14595,58038,0,0,0,5063,184500
3366,15423,57500,0,0,0,5100,184500
3367,16388,56873,220693,158899,61794,5063,184500
3368,17423,56200,426346,306969,119377,4953,184500
3369,18458,55527,602945,434120,168824,4778,184500
3370,19423,54900,738453,531686,206767,4550,184500
3371,20252,54362,823638,593019,230619,4285,184500
3372,20887,53948,852692,613939,238754,4000,184500
3373,21287,53689,823638,593019,230619,3715,184500
3374,21423,53600,738453,531686,206767,3450,184500
3375,21287,53689,602945,434120,168824,3222,184500
3376,20887,53948,426346,306969,119377,3047,184500
3377,20252,54362,220693,158899,61794,2937,184500
3378,19423,54900,0,0,0,2900,184500
3379,18458,55527,0,0,0,2937,184500
3380,17423,56200,0,0,0,3047,184500
3381,16388,56873,0,0,0,3222,184500
3382,15423,57500,0,0,0,3450,184500
3383,14595,58038,0,0,0,3715,184500
3384,14053,58391,0,0,0,4000,207955
3385,13653,58650,0,0,0,4285,207955
3386,13517,58739,0,0,0,4550,207955
3387,13653,58650,0,0,0,4778,207955
3388,14053,58391,0,0,0,4953,207955
3389,14689,57977,0,0,0,5063,207955
3390,15517,57439,0,0,0,5100,207955
3391,16482,56812,221422,159424,61998,5063,207955
3392,17517,56139,427755,307984,119771,4953,207955
3393,18552,55466,604937,435555,169382,4778,207955
3394,19517,54839,740894,533444,207450,4550,207955
3395,20345,54300,826360,594979,231381,4285,207955
3396,20981,53887,855511,615968,239543,4000,207955
3397,21381,53628,826360,594979,231381,3715,207955
3398,21517,53539,740894,533444,207450,3450,207955
3399,21381,53628,604937,435555,169382,3222,207955
3400,20981,53887,427755,307984,119771,3047,207955
3401,20345,54300,221422,159424,61998,2937,207955
3402,19517,54839,0,0,0,2900,207955
3403,18552,55466,0,0,0,2937,207955
3404,17517,56139,0,0,0,3047,207955
3405,16482,56812,0,0,0,3222,207955
3406,15517,57439,0,0,0,3450,207955
3407,14689,57977,0,0,0,3715,207955
3408,14144,58331,0,0,0,4000,213748
3409,13745,58591,0,0,0,4285,213748
3410,13608,58680,0,0,0,4550,213748
3411,13745,58591,0,0,0,4778,213748
3412,14144,58331,0,0,0,4953,213748
3413,14780,57918,0,0,0,5063,213748
3414,15608,57380,0,0,0,5100,213748
3415,16573,56753,222131,159934,62197,5063,213748
3416,17608,56080,429124,308970,120155,4953,213748
3417,18644,55407,606874,436949,169925,4778,213748
3418,19608,54780,743265,535151,208114,4550,213748
3419,20437,54241,829005,596883,232121,4285,213748
3420,21072,53828,858249,617939,240310,4000,213748
3421,21472,53568,829005,596883,232121,3715,213748
3422,21608,53480,743265,535151,208114,3450,213748
3423,21472,53568,606874,436949,169925,3222,213748
3424,21072,53828,429124,308970,120155,3047,213748
3425,20437,54241,222131,159934,62197,2937,213748
3426,19608,54780,0,0,0,2900,213748
3427,18644,55407,0,0,0,2937,213748
3428,17608,56080,0,0,0,3047,213748
3429,16573,56753,0,0,0,3222,213748
3430,15608,57380,0,0,0,3450,213748
3431,14780,57918,0,0,0,3715,213748
3432,14233,58274,0,0,0,4000,197517
3433,13833,58533,0,0,0,4285,197517
3434,13697,58622,0,0,0,4550,197517
3435,13833,58533,0,0,0,4778,197517
3436,14233,58274,0,0,0,4953,197517
3437,14868,57861,0,0,0,5063,197517
3438,15697,57322,0,0,0,5100,197517
3439,16662,56695,222819,160430,62389,5063,197517
3440,17697,56022,430453,309926,120527,4953,197517
3441,18732,55349,608752,438302,170451,4778,197517
3442,19697,54722,745566,536808,208759,4550,197517
3443,20525,54184,831571,598731,232840,4285,197517
3444,21161,53770,860906,619852,241054,4000,197517
3445,21561,53511,831571,598731,232840,3715,197517
3446,21697,53422,745566,536808,208759,3450,197517
3447,21561,53511,608752,438302,170451,3222,197517
3448,21161,53770,430453,309926,120527,3047,197517
3449,20525,54184,222819,160430,62389,2937,197517
3450,19697,54722,0,0,0,2900,197517
3451,18732,55349,0,0,0,2937,197517
3452,17697,56022,0,0,0,3047,197517
3453,16662,56695,0,0,0,3222,197517
3454,15697,57322,0,0,0,3450,197517
3455,14868,57861,0,0,0,3715,197517
3456,14319,58218,0,0,0,4000,171483
3457,13919,58478,0,0,0,4285,171483
3458,13783,58566,0,0,0,4550,171483
3459,13919,58478,0,0,0,4778,171483
3460,14319,58218,0,0,0,4953,171483
3461,14954,57805,0,0,0,5063,171483
3462,15783,57266,0,0,0,5100,171483
3463,16747,56639,223485,160909,62576,5063,171483
3464,17783,55966,431741,310853,120887,4953,171483
3465,18818,55293,610573,439613,170961,4778,171483
3466,19783,54666,747797,538414,209383,4550,171483
3467,20611,54128,834059,600522,233536,4285,171483
3468,21247,53715,863481,621707,241775,4000,171483
3469,21646,53455,834059,600522,233536,3715,171483
3470,21783,53366,747797,538414,209383,3450,171483
3471,21646,53455,610573,439613,170961,3222,171483
3472,21247,53715,431741,310853,120887,3047,171483
3473,20611,54128,223485,160909,62576,2937,171483
3474,19783,54666,0,0,0,2900,171483
3475,18818,55293,0,0,0,2937,171483
3476,17783,55966,0,0,0,3047,171483
3477,16747,56639,0,0,0,3222,171483
3478,15783,57266,0,0,0,3450,171483
3479,14954,57805,0,0,0,3715,171483
3480,14402,58164,0,0,0,4000,155252
3481,14002,58424,0,0,0,4285,155252
3482,13866,58512,0,0,0,4550,155252
3483,14002,58424,0,0,0,4778,155252
3484,14402,58164,0,0,0,4953,155252
3485,15037,57751,0,0,0,5063,155252
3486,15866,57212,0,0,0,5100,155252
3487,16831,56585,224131,161374,62757,5063,155252
3488,17866,55912,432987,311751,121236,4953,155252
3489,18901,55239,612336,440882,171454,4778,155252
3490,19866,54612,749956,539968,209988,4550,155252
3491,20694,54074,836467,602256,234211,4285,155252
3492,21330,53661,865974,623501,242473,4000,155252
3493,21730,53401,836467,602256,234211,3715,155252
3494,21866,53312,749956,539968,209988,3450,155252
3495,21730,53401,612336,440882,171454,3222,155252
3496,21330,53661,432987,311751,121236,3047,155252
3497,20694,54074,224131,161374,62757,2937,155252
3498,19866,54612,0,0,0,2900,155252
3499,18901,55239,0,0,0,2937,155252
3500,17866,55912,0,0,0,3047,155252
3501,16831,56585,0,0,0,3222,155252
3502,15866,57212,0,0,0,3450,155252
3503,15037,57751,0,0,0,3715,155252
3504,14482,58112,0,0,0,4000,161045
3505,14082,58371,0,0,0,4285,161045
3506,13946,58460,0,0,0,4550,161045
3507,14082,58371,0,0,0,4778,161045
3508,14482,58112,0,0,0,4953,161045
3509,15118,57698,0,0,0,5063,161045
3510,15946,57160,0,0,0,5100,161045
3511,16911,56533,224754,161823,62931,5063,161045
3512,17946,55860,434192,312618,121574,4953,161045
3513,18981,55187,614040,442109,171931,4778,161045
3514,19946,54560,752042,541471,210572,4550,161045
3515,20775,54022,838794,603932,234862,4285,161045
3516,21410,53608,868384,625236,243147,4000,161045
3517,21810,53349,838794,603932,234862,3715,161045
3518,21946,53260,752042,541471,210572,3450,161045
3519,21810,53349,614040,442109,171931,3222,161045
3520,21410,53608,434192,312618,121574,3047,161045
3521,20775,54022,224754,161823,62931,2937,161045
3522,19946,54560,0,0,0,2900,161045
3523,18981,55187,0,0,0,2937,161045
3524,17946,55860,0,0,0,3047,161045
3525,16911,56533,0,0,0,3222,161045
3526,15946,57160,0,0,0,3450,161045
3527,15118,57698,0,0,0,3715,161045
3528,14560,58061,0,0,0,4000,184500
3529,14160,58321,0,0,0,4285,184500
3530,14024,58410,0,0,0,4550,184500
3531,14160,58321,0,0,0,4778,184500
3532,14560,58061,0,0,0,4953,184500
3533,15195,57648,0,0,0,5063,184500
3534,16024,57110,0,0,0,5100,184500
3535,16988,56483,225356,162256,63100,5063,184500
3536,18024,55810,435355,313455,121899,4953,184500
3537,19059,55137,615684,443293,172392,4778,184500
3538,20024,54510,754056,542921,211136,4550,184500
3539,20852,53971,841041,605549,235491,4285,184500
3540,21488,53558,870709,626911,243799,4000,184500
3541,21887,53298,841041,605549,235491,3715,184500
3542,22024,53210,754056,542921,211136,3450,184500
3543,21887,53298,615684,443293,172392,3222,184500
3544,21488,53558,435355,313455,121899,3047,184500
3545,20852,53971,225356,162256,63100,2937,184500
3546,20024,54510,0,0,0,2900,184500
3547,19059,55137,0,0,0,2937,184500
3548,18024,55810,0,0,0,3047,184500
3549,16988,56483,0,0,0,3222,184500
3550,16024,57110,0,0,0,3450,184500
3551,15195,57648,0,0,0,3715,184500
3552,14634,58013,0,0,0,4000,207955
3553,14235,58272,0,0,0,4285,207955
3554,14098,58361,0,0,0,4550,207955
3555,14235,58272,0,0,0,4778,207955
3556,14634,58013,0,0,0,4953,207955
3557,15270,57600,0,0,0,5063,207955
3558,16098,57061,0,0,0,5100,207955
3559,17063,56434,225936,162674,63262,5063,207955
3560,18098,55761,436475,314262,122213,4953,207955
3561,19134,55088,617269,444434,172835,4778,207955
3562,20098,54461,755997,544318,211679,4550,207955
3563,20927,53923,843205,607108,236097,4285,207955
3564,21562,53509,872950,628524,244426,4000,207955
3565,21962,53250,843205,607108,236097,3715,207955
3566,22098,53161,755997,544318,211679,3450,207955
3567,21962,53250,617269,444434,172835,3222,207955
3568,21562,53509,436475,314262,122213,3047,207955
3569,20927,53923,225936,162674,63262,2937,207955
3570,20098,54461,0,0,0,2900,207955
3571,19134,55088,0,0,0,2937,207955
3572,18098,55761,0,0,0,3047,207955
3573,17063,56434,0,0,0,3222,207955
3574,16098,57061,0,0,0,3450,207955
3575,15270,57600,0,0,0,3715,207955
3576,14706,57966,0,0,0,4000,213748
3577,14306,58226,0,0,0,4285,213748
3578,14170,58314,0,0,0,4550,213748
3579,14306,58226,0,0,0,4778,213748
3580,14706,57966,0,0,0,4953,213748
3581,15342,57553,0,0,0,5063,213748
3582,16170,57014,0,0,0,5100,213748
3583,17135,56387,226494,163076,63418,5063,213748
3584,18170,55714,437553,315038,122515,4953,213748
3585,19205,55041,618793,445531,173262,4778,213748
3586,20170,54414,757864,545662,212202,4550,213748
3587,20999,53876,845287,608607,236680,4285,213748
3588,21634,53463,875106,630076,245030,4000,213748
3589,22034,53203,845287,608607,236680,3715,213748
3590,22170,53114,757864,545662,212202,3450,213748
3591,22034,53203,618793,445531,173262,3222,213748
3592,21634,53463,437553,315038,122515,3047,213748
3593,20999,53876,226494,163076,63418,2937,213748
3594,20170,54414,0,0,0,2900,213748
3595,19205,55041,0,0,0,2937,213748
3596,18170,55714,0,0,0,3047,213748
3597,17135,56387,0,0,0,3222,213748
3598,16170,57014,0,0,0,3450,213748
3599,15342,57553,0,0,0,3715,213748
3600,14775,57921,0,0,0,4000,197517
3601,14375,58181,0,0,0,4285,197517
3602,14239,58270,0,0,0,4550,197517
3603,14375,58181,0,0,0,4778,197517
3604,14775,57921,0,0,0,4953,197517
3605,15411,57508,0,0,0,5063,197517
3606,16239,56970,0,0,0,5100,197517
3607,17204,56342,227030,163461,63568,5063,197517
3608,18239,55670,438588,315783,122805,4953,197517
3609,19274,54997,620257,446585,173672,4778,197517
3610,20239,54370,759656,546953,212704,4550,197517
3611,21068,53831,847287,610046,237240,4285,197517
3612,21703,53418,877176,631566,245609,4000,197517
3613,22103,53158,847287,610046,237240,3715,197517
3614,22239,53070,759656,546953,212704,3450,197517
3615,22103,53158,620257,446585,173672,3222,197517
3616,21703,53418,438588,315783,122805,3047,197517
3617,21068,53831,227030,163461,63568,2937,197517
3618,20239,54370,0,0,0,2900,197517
3619,19274,54997,0,0,0,2937,197517
3620,18239,55670,0,0,0,3047,197517
3621,17204,56342,0,0,0,3222,197517
3622,16239,56970,0,0,0,3450,197517
3623,15411,57508,0,0,0,3715,197517
3624,14841,57878,0,0,0,4000,171483
3625,14442,58138,0,0,0,4285,171483
3626,14305,58227,0,0,0,4550,171483
3627,14442,58138,0,0,0,4778,171483
3628,14841,57878,0,0,0,4953,171483
3629,15477,57465,0,0,0,5063,171483
3630,16305,56927,0,0,0,5100,171483
3631,17270,56299,227543,163831,63712,5063,171483
3632,18305,55627,439579,316497,123082,4953,171483
3633,19341,54954,621659,447595,174065,4778,171483
3634,20305,54327,761374,548189,213185,4550,171483
3635,21134,53788,849202,611426,237777,4285,171483
3636,21769,53375,879159,632994,246164,4000,171483
3637,22169,53115,849202,611426,237777,3715,171483
3638,22305,53027,761374,548189,213185,3450,171483
3639,22169,53115,621659,447595,174065,3222,171483
3640,21769,53375,439579,316497,123082,3047,171483
3641,21134,53788,227543,163831,63712,2937,171483
3642,20305,54327,0,0,0,2900,171483
3643,19341,54954,0,0,0,2937,171483
3644,18305,55627,0,0,0,3047,171483
3645,17270,56299,0,0,0,3222,171483
3646,16305,56927,0,0,0,3450,171483
3647,15477,57465,0,0,0,3715,171483
3648,14904,57837,0,0,0,4000,155252
3649,14505,58097,0,0,0,4285,155252
3650,14368,58185,0,0,0,4550,155252
3651,14505,58097,0,0,0,4778,155252
3652,14904,57837,0,0,0,4953,155252
3653,15540,57424,0,0,0,5063,155252
3654,16368,56885,0,0,0,5100,155252
3655,17333,56258,228034,164184,63849,5063,155252
3656,18368,55585,440527,317180,123348,4953,155252
3657,19404,54913,623000,448560,174440,4778,155252
3658,20368,54285,763016,549371,213644,4550,155252
3659,21197,53747,851033,612744,238289,4285,155252
3660,21833,53334,881055,634359,246695,4000,155252
3661,22232,53074,851033,612744,238289,3715,155252
3662,22368,52985,763016,549371,213644,3450,155252
3663,22232,53074,623000,448560,174440,3222,155252
3664,21833,53334,440527,317180,123348,3047,155252
3665,21197,53747,228034,164184,63849,2937,155252
3666,20368,54285,0,0,0,2900,155252
3667,19404,54913,0,0,0,2937,155252
3668,18368,55585,0,0,0,3047,155252
3669,17333,56258,0,0,0,3222,155252
3670,16368,56885,0,0,0,3450,155252
3671,15540,57424,0,0,0,3715,155252
3672,14965,57798,0,0,0,4000,161045
3673,14565,58058,0,0,0,4285,161045
3674,14429,58146,0,0,0,4550,161045
3675,14565,58058,0,0,0,4778,161045
3676,14965,57798,0,0,0,4953,161045
3677,15600,57385,0,0,0,5063,161045
3678,16429,56846,0,0,0,5100,161045
3679,17393,56219,228502,164521,63980,5063,161045
3680,18429,55546,441431,317831,123601,4953,161045
3681,19464,54873,624278,449480,174798,4778,161045
3682,20429,54246,764582,550499,214083,4550,161045
3683,21257,53708,852780,614002,238778,4285,161045
3684,21893,53295,882863,635661,247202,4000,161045
3685,22292,53035,852780,614002,238778,3715,161045
3686,22429,52946,764582,550499,214083,3450,161045
3687,22292,53035,624278,449480,174798,3222,161045
3688,21893,53295,441431,317831,123601,3047,161045
3689,21257,53708,228502,164521,63980,2937,161045
3690,20429,54246,0,0,0,2900,161045
3691,19464,54873,0,0,0,2937,161045
3692,18429,55546,0,0,0,3047,161045
3693,17393,56219,0,0,0,3222,161045
3694,16429,56846,0,0,0,3450,161045
3695,15600,57385,0,0,0,3715,161045
3696,15022,57761,0,0,0,4000,184500
3697,14622,58020,0,0,0,4285,184500
3698,14486,58109,0,0,0,4550,184500
3699,14622,58020,0,0,0,4778,184500
3700,15022,57761,0,0,0,4953,184500
3701,15658,57348,0,0,0,5063,184500
3702,16486,56809,0,0,0,5100,184500
3703,17451,56182,228947,164842,64105,5063,184500
3704,18486,55509,442291,318450,123842,4953,184500
3705,19521,54836,625494,450356,175138,4778,184500
3706,20486,54209,766071,551571,214500,4550,184500
3707,21315,53671,854441,615198,239244,4285,184500
3708,21950,53257,884583,636900,247683,4000,184500
3709,22350,52998,854441,615198,239244,3715,184500
3710,22486,52909,766071,551571,214500,3450,184500
3711,22350,52998,625494,450356,175138,3222,184500
3712,21950,53257,442291,318450,123842,3047,184500
3713,21315,53671,228947,164842,64105,2937,184500
3714,20486,54209,0,0,0,2900,184500
3715,19521,54836,0,0,0,2937,184500
3716,18486,55509,0,0,0,3047,184500
3717,17451,56182,0,0,0,3222,184500
3718,16486,56809,0,0,0,3450,184500
3719,15658,57348,0,0,0,3715,184500
3720,15076,57725,0,0,0,4000,207955
3721,14677,57985,0,0,0,4285,207955
3722,14540,58074,0,0,0,4550,207955
3723,14677,57985,0,0,0,4778,207955
3724,15076,57725,0,0,0,4953,207955
3725,15712,57312,0,0,0,5063,207955
3726,16540,56774,0,0,0,5100,207955
3727,17505,56147,229369,165146,64223,5063,207955
3728,18540,55474,443107,319037,124070,4953,207955
3729,19576,54801,626648,451186,175461,4778,207955
3730,20540,54174,767484,552588,214895,4550,207955
3731,21369,53635,856017,616332,239685,4285,207955
3732,22005,53222,886214,638074,248140,4000,207955
3733,22404,52962,856017,616332,239685,3715,207955
3734,22540,52874,767484,552588,214895,3450,207955
3735,22404,52962,626648,451186,175461,3222,207955
3736,22005,53222,443107,319037,124070,3047,207955
3737,21369,53635,229369,165146,64223,2937,207955
3738,20540,54174,0,0,0,2900,207955
3739,19576,54801,0,0,0,2937,207955
3740,18540,55474,0,0,0,3047,207955
3741,17505,56147,0,0,0,3222,207955
3742,16540,56774,0,0,0,3450,207955
3743,15712,57312,0,0,0,3715,207955
3744,15128,57692,0,0,0,4000,213748
3745,14728,57952,0,0,0,4285,213748
3746,14592,58040,0,0,0,4550,213748
3747,14728,57952,0,0,0,4778,213748
3748,15128,57692,0,0,0,4953,213748
3749,15763,57279,0,0,0,5063,213748
3750,16592,56740,0,0,0,5100,213748
3751,17557,56113,229768,165433,64335,5063,213748
3752,18592,55440,443878,319592,124286,4953,213748
3753,19627,54767,627738,451972,175767,4778,213748
3754,20592,54140,768819,553550,215269,4550,213748
3755,21420,53602,857506,617405,240102,4285,213748
3756,22056,53189,887756,639184,248572,4000,213748
3757,22456,52929,857506,617405,240102,3715,213748
3758,22592,52840,768819,553550,215269,3450,213748
3759,22456,52929,627738,451972,175767,3222,213748
3760,22056,53189,443878,319592,124286,3047,213748
3761,21420,53602,229768,165433,64335,2937,213748
3762,20592,54140,0,0,0,2900,213748
3763,19627,54767,0,0,0,2937,213748
3764,18592,55440,0,0,0,3047,213748
3765,17557,56113,0,0,0,3222,213748
3766,16592,56740,0,0,0,3450,213748
3767,15763,57279,0,0,0,3715,213748
3768,15176,57660,0,0,0,4000,197517
3769,14777,57920,0,0,0,4285,197517
3770,14640,58009,0,0,0,4550,197517
3771,14777,57920,0,0,0,4778,197517
3772,15176,57660,0,0,0,4953,197517
3773,15812,57247,0,0,0,5063,197517
3774,16640,56709,0,0,0,5100,197517
3775,17605,56082,230144,165704,64440,5063,197517
3776,18640,55409,444604,320115,124489,4953,197517
3777,19676,54736,628765,452711,176054,4778,197517
3778,20640,54109,770077,554455,215622,4550,197517
3779,21469,53570,858909,618415,240495,4285,197517
3780,22104,53157,889208,640230,248978,4000,197517
3781,22504,52897,858909,618415,240495,3715,197517
3782,22640,52809,770077,554455,215622,3450,197517
3783,22504,52897,628765,452711,176054,3222,197517
3784,22104,53157,444604,320115,124489,3047,197517
3785,21469,53570,230144,165704,64440,2937,197517
3786,20640,54109,0,0,0,2900,197517
3787,19676,54736,0,0,0,2937,197517
3788,18640,55409,0,0,0,3047,197517
3789,17605,56082,0,0,0,3222,197517
3790,16640,56709,0,0,0,3450,197517
3791,15812,57247,0,0,0,3715,197517
3792,15222,57631,0,0,0,4000,171483
3793,14822,57891,0,0,0,4285,171483
3794,14686,57979,0,0,0,4550,171483
3795,14822,57891,0,0,0,4778,171483
3796,15222,57631,0,0,0,4953,171483
3797,15857,57218,0,0,0,5063,171483
3798,16686,56679,0,0,0,5100,171483
3799,17650,56052,230497,165957,64539,5063,171483
3800,18686,55379,445285,320605,124680,4953,171483
3801,19721,54706,629728,453404,176324,4778,171483
3802,20686,54079,771256,555305,215952,4550,171483
3803,21514,53541,860225,619362,240863,4285,171483
3804,22150,53128,890570,641210,249360,4000,171483
3805,22549,52868,860225,619362,240863,3715,171483
3806,22686,52779,771256,555305,215952,3450,171483
3807,22549,52868,629728,453404,176324,3222,171483
3808,22150,53128,445285,320605,124680,3047,171483
3809,21514,53541,230497,165957,64539,2937,171483
3810,20686,54079,0,0,0,2900,171483
3811,19721,54706,0,0,0,2937,171483
3812,18686,55379,0,0,0,3047,171483
3813,17650,56052,0,0,0,3222,171483
3814,16686,56679,0,0,0,3450,171483
3815,15857,57218,0,0,0,3715,171483
3816,15264,57603,0,0,0,4000,155252
3817,14864,57863,0,0,0,4285,155252
3818,14728,57952,0,0,0,4550,155252
3819,14864,57863,0,0,0,4778,155252
3820,15264,57603,0,0,0,4953,155252
3821,15900,57190,0,0,0,5063,155252
3822,16728,56652,0,0,0,5100,155252
3823,17693,56025,230826,166194,64631,5063,155252
3824,18728,55352,445921,321063,124858,4953,155252
3825,19763,54679,630627,454052,176576,4778,155252
3826,20728,54052,772358,556097,216260,4550,155252
3827,21556,53513,861453,620246,241207,4285,155252
3828,22192,53100,891842,642126,249716,4000,155252
3829,22592,52840,861453,620246,241207,3715,155252
3830,22728,52752,772358,556097,216260,3450,155252
3831,22592,52840,630627,454052,176576,3222,155252
3832,22192,53100,445921,321063,124858,3047,155252
3833,21556,53513,230826,166194,64631,2937,155252
3834,20728,54052,0,0,0,2900,155252
3835,19763,54679,0,0,0,2937,155252
3836,18728,55352,0,0,0,3047,155252
3837,17693,56025,0,0,0,3222,155252
3838,16728,56652,0,0,0,3450,155252
3839,15900,57190,0,0,0,3715,155252
3840,15303,57578,0,0,0,4000,161045
3841,14904,57838,0,0,0,4285,161045
3842,14767,57926,0,0,0,4550,161045
3843,14904,57838,0,0,0,4778,161045
3844,15303,57578,0,0,0,4953,161045
3845,15939,57165,0,0,0,5063,161045
3846,16767,56626,0,0,0,5100,161045
3847,17732,55999,231131,166414,64717,5063,161045
3848,18767,55326,446511,321488,125023,4953,161045
3849,19803,54653,631462,454653,176809,4778,161045
3850,20767,54026,773380,556834,216546,4550,161045
3851,21596,53488,862593,621067,241526,4285,161045
3852,22232,53075,893022,642976,250046,4000,161045
3853,22631,52815,862593,621067,241526,3715,161045
3854,22767,52726,773380,556834,216546,3450,161045
3855,22631,52815,631462,454653,176809,3222,161045
3856,22232,53075,446511,321488,125023,3047,161045
3857,21596,53488,231131,166414,64717,2937,161045
3858,20767,54026,0,0,0,2900,161045
3859,19803,54653,0,0,0,2937,161045
3860,18767,55326,0,0,0,3047,161045
3861,17732,55999,0,0,0,3222,161045
3862,16767,56626,0,0,0,3450,161045
3863,15939,57165,0,0,0,3715,161045
3864,15340,57554,0,0,0,4000,184500
3865,14940,57814,0,0,0,4285,184500
3866,14804,57903,0,0,0,4550,184500
3867,14940,57814,0,0,0,4778,184500
3868,15340,57554,0,0,0,4953,184500
3869,15975,57141,0,0,0,5063,184500
3870,16804,56603,0,0,0,5100,184500
3871,17768,55976,231413,166617,64796,5063,184500
3872,18804,55303,447056,321880,125176,4953,184500
3873,19839,54630,632232,455207,177025,4778,184500
3874,20804,54003,774323,557513,216811,4550,184500
3875,21632,53464,863645,621825,241821,4285,184500
3876,22268,53051,894112,643760,250351,4000,184500
3877,22667,52791,863645,621825,241821,3715,184500
3878,22804,52703,774323,557513,216811,3450,184500
3879,22667,52791,632232,455207,177025,3222,184500
3880,22268,53051,447056,321880,125176,3047,184500
3881,21632,53464,231413,166617,64796,2937,184500
3882,20804,54003,0,0,0,2900,184500
3883,19839,54630,0,0,0,2937,184500
3884,18804,55303,0,0,0,3047,184500
3885,17768,55976,0,0,0,3222,184500
3886,16804,56603,0,0,0,3450,184500
3887,15975,57141,0,0,0,3715,184500
3888,15373,57533,0,0,0,4000,207955
3889,14973,57792,0,0,0,4285,207955
3890,14837,57881,0,0,0,4550,207955
3891,14973,57792,0,0,0,4778,207955
3892,15373,57533,0,0,0,4953,207955
3893,16009,57119,0,0,0,5063,207955
3894,16837,56581,0,0,0,5100,207955
3895,17802,55954,231671,166803,64868,5063,207955
3896,18837,55281,447555,322239,125315,4953,207955
3897,19872,54608,632938,455715,177223,4778,207955
3898,20837,53981,775187,558135,217052,4550,207955
3899,21665,53442,864609,622519,242091,4285,207955
3900,22301,53029,895109,644479,250631,4000,207955
3901,22701,52770,864609,622519,242091,3715,207955
3902,22837,52681,775187,558135,217052,3450,207955
3903,22701,52770,632938,455715,177223,3222,207955
3904,22301,53029,447555,322239,125315,3047,207955
3905,21665,53442,231671,166803,64868,2937,207955
3906,20837,53981,0,0,0,2900,207955
3907,19872,54608,0,0,0,2937,207955
3908,18837,55281,0,0,0,3047,207955
3909,17802,55954,0,0,0,3222,207955
3910,16837,56581,0,0,0,3450,207955
3911,16009,57119,0,0,0,3715,207955
3912,15403,57513,0,0,0,4000,213748
3913,15003,57773,0,0,0,4285,213748
3914,14867,57861,0,0,0,4550,213748
3915,15003,57773,0,0,0,4778,213748
3916,15403,57513,0,0,0,4953,213748
3917,16039,57100,0,0,0,5063,213748
3918,16867,56561,0,0,0,5100,213748
3919,17832,55934,231906,166972,64934,5063,213748
3920,18867,55261,448008,322565,125442,4953,213748
3921,19902,54588,633578,456176,177402,4778,213748
3922,20867,53961,775972,558700,217272,4550,213748
3923,21696,53423,865484,623149,242336,4285,213748
3924,22331,53010,896015,645131,250884,4000,213748
3925,22731,52750,865484,623149,242336,3715,213748
3926,22867,52661,775972,558700,217272,3450,213748
3927,22731,52750,633578,456176,177402,3222,213748
3928,22331,53010,448008,322565,125442,3047,213748
3929,21696,53423,231906,166972,64934,2937,213748
3930,20867,53961,0,0,0,2900,213748
3931,19902,54588,0,0,0,2937,213748
3932,18867,55261,0,0,0,3047,213748
3933,17832,55934,0,0,0,3222,213748
3934,16867,56561,0,0,0,3450,213748
3935,16039,57100,0,0,0,3715,213748
3936,15430,57495,0,0,0,4000,197517
3937,15031,57755,0,0,0,4285,197517
3938,14894,57844,0,0,0,4550,197517
3939,15031,57755,0,0,0,4778,197517
3940,15430,57495,0,0,0,4953,197517
3941,16066,57082,0,0,0,5063,197517
3942,16894,56544,0,0,0,5100,197517
3943,17859,55917,232116,167124,64993,5063,197517
3944,18894,55244,448414,322858,125556,4953,197517
3945,19930,54571,634154,456591,177563,4778,197517
3946,20894,53944,776676,559207,217469,4550,197517
3947,21723,53405,866270,623714,242556,4285,197517
3948,22358,52992,896829,645717,251112,4000,197517
3949,22758,52732,866270,623714,242556,3715,197517
3950,22894,52644,776676,559207,217469,3450,197517
3951,22758,52732,634154,456591,177563,3222,197517
3952,22358,52992,448414,322858,125556,3047,197517
3953,21723,53405,232116,167124,64993,2937,197517
3954,20894,53944,0,0,0,2900,197517
3955,19930,54571,0,0,0,2937,197517
3956,18894,55244,0,0,0,3047,197517
3957,17859,55917,0,0,0,3222,197517
3958,16894,56544,0,0,0,3450,197517
3959,16066,57082,0,0,0,3715,197517
3960,15454,57480,0,0,0,4000,171483
3961,15055,57739,0,0,0,4285,171483
3962,14918,57828,0,0,0,4550,171483
3963,15055,57739,0,0,0,4778,171483
3964,15454,57480,0,0,0,4953,171483
3965,16090,57067,0,0,0,5063,171483
3966,16918,56528,0,0,0,5100,171483
3967,17883,55901,232303,167258,65045,5063,171483
3968,18918,55228,448775,323118,125657,4953,171483
3969,19954,54555,634664,456958,177706,4778,171483
3970,20918,53928,777301,559657,217644,4550,171483
3971,21747,53390,866967,624216,242751,4285,171483
3972,22382,52976,897550,646236,251314,4000,171483
3973,22782,52717,866967,624216,242751,3715,171483
3974,22918,52628,777301,559657,217644,3450,171483
3975,22782,52717,634664,456958,177706,3222,171483
3976,22382,52976,448775,323118,125657,3047,171483
3977,21747,53390,232303,167258,65045,2937,171483
3978,20918,53928,0,0,0,2900,171483
3979,19954,54555,0,0,0,2937,171483
3980,18918,55228,0,0,0,3047,171483
3981,17883,55901,0,0,0,3222,171483
3982,16918,56528,0,0,0,3450,171483
3983,16090,57067,0,0,0,3715,171483
3984,15475,57466,0,0,0,4000,155252
3985,15076,57726,0,0,0,4285,155252
3986,14939,57814,0,0,0,4550,155252
3987,15076,57726,0,0,0,4778,155252
3988,15475,57466,0,0,0,4953,155252
3989,16111,57053,0,0,0,5063,155252
3990,16939,56514,0,0,0,5100,155252
3991,17904,55887,232466,167375,65090,5063,155252
3992,18939,55214,449089,323344,125745,4953,155252
3993,19975,54542,635108,457278,177830,4778,155252
3994,20939,53914,777846,560049,217797,4550,155252
3995,21768,53376,867574,624653,242921,4285,155252
3996,22403,52963,898179,646689,251490,4000,155252
3997,22803,52703,867574,624653,242921,3715,155252
3998,22939,52614,777846,560049,217797,3450,155252
3999,22803,52703,635108,457278,177830,3222,155252
4000,22403,52963,449089,323344,125745,3047,155252
4001,21768,53376,232466,167375,65090,2937,155252
4002,20939,53914,0,0,0,2900,155252
4003,19975,54542,0,0,0,2937,155252
4004,18939,55214,0,0,0,3047,155252
4005,17904,55887,0,0,0,3222,155252
4006,16939,56514,0,0,0,3450,155252
4007,16111,57053,0,0,0,3715,155252
4008,15493,57455,0,0,0,4000,161045
4009,15093,57714,0,0,0,4285,161045
4010,14957,57803,0,0,0,4550,161045
4011,15093,57714,0,0,0,4778,161045
4012,15493,57455,0,0,0,4953,161045
4013,16129,57041,0,0,0,5063,161045
4014,16957,56503,0,0,0,5100,161045
4015,17922,55876,232604,167475,65129,5063,161045
4016,18957,55203,449357,323537,125820,4953,161045
4017,19992,54530,635487,457551,177936,4778,161045
4018,20957,53903,778310,560383,217927,4550,161045
4019,21786,53364,868092,625026,243066,4285,161045
4020,22421,52951,898714,647074,251640,4000,161045
4021,22821,52691,868092,625026,243066,3715,161045
4022,22957,52603,778310,560383,217927,3450,161045
4023,22821,52691,635487,457551,177936,3222,161045
4024,22421,52951,449357,323537,125820,3047,161045
4025,21786,53364,232604,167475,65129,2937,161045
4026,20957,53903,0,0,0,2900,161045
4027,19992,54530,0,0,0,2937,161045
4028,18957,55203,0,0,0,3047,161045
4029,17922,55876,0,0,0,3222,161045
4030,16957,56503,0,0,0,3450,161045
4031,16129,57041,0,0,0,3715,161045
4032,15508,57445,0,0,0,4000,184500
4033,15108,57705,0,0,0,4285,184500
4034,14972,57793,0,0,0,4550,184500
4035,15108,57705,0,0,0,4778,184500
4036,15508,57445,0,0,0,4953,184500
4037,16143,57032,0,0,0,5063,184500
4038,16972,56493,0,0,0,5100,184500
4039,17937,55866,232719,167558,65161,5063,184500
4040,18972,55193,449579,323697,125882,4953,184500
4041,20007,54520,635800,457776,178024,4778,184500
4042,20972,53893,778693,560659,218034,4550,184500
4043,21800,53355,868519,625334,243185,4285,184500
4044,22436,52942,899157,647393,251764,4000,184500
4045,22836,52682,868519,625334,243185,3715,184500
4046,22972,52593,778693,560659,218034,3450,184500
4047,22836,52682,635800,457776,178024,3222,184500
4048,22436,52942,449579,323697,125882,3047,184500
4049,21800,53355,232719,167558,65161,2937,184500
4050,20972,53893,0,0,0,2900,184500
4051,20007,54520,0,0,0,2937,184500
4052,18972,55193,0,0,0,3047,184500
4053,17937,55866,0,0,0,3222,184500
4054,16972,56493,0,0,0,3450,184500
4055,16143,57032,0,0,0,3715,184500
4056,15519,57437,0,0,0,4000,207955
4057,15120,57697,0,0,0,4285,207955
4058,14984,57786,0,0,0,4550,207955
4059,15120,57697,0,0,0,4778,207955
4060,15519,57437,0,0,0,4953,207955
4061,16155,57024,0,0,0,5063,207955
4062,16984,56486,0,0,0,5100,207955
4063,17948,55859,232810,167623,65187,5063,207955
4064,18984,55186,449754,323823,125931,4953,207955
4065,20019,54513,636048,457954,178093,4778,207955
4066,20984,53886,778996,560877,218119,4550,207955
4067,21812,53347,868857,625577,243280,4285,207955
4068,22448,52934,899507,647645,251862,4000,207955
4069,22847,52674,868857,625577,243280,3715,207955
4070,22984,52586,778996,560877,218119,3450,207955
4071,22847,52674,636048,457954,178093,3222,207955
4072,22448,52934,449754,323823,125931,3047,207955
4073,21812,53347,232810,167623,65187,2937,207955
4074,20984,53886,0,0,0,2900,207955
4075,20019,54513,0,0,0,2937,207955
4076,18984,55186,0,0,0,3047,207955
4077,17948,55859,0,0,0,3222,207955
4078,16984,56486,0,0,0,3450,207955
4079,16155,57024,0,0,0,3715,207955
4080,15528,57432,0,0,0,4000,213748
4081,15128,57692,0,0,0,4285,213748
4082,14992,57780,0,0,0,4550,213748
4083,15128,57692,0,0,0,4778,213748
4084,15528,57432,0,0,0,4953,213748
4085,16164,57019,0,0,0,5063,213748
4086,16992,56480,0,0,0,5100,213748
4087,17957,55853,232876,167671,65205,5063,213748
4088,18992,55180,449882,323915,125967,4953,213748
4089,20027,54507,636229,458085,178144,4778,213748
4090,20992,53880,779218,561037,218181,4550,213748
4091,21821,53342,869105,625756,243349,4285,213748
4092,22456,52928,899764,647830,251934,4000,213748
4093,22856,52669,869105,625756,243349,3715,213748
4094,22992,52580,779218,561037,218181,3450,213748
4095,22856,52669,636229,458085,178144,3222,213748
4096,22456,52928,449882,323915,125967,3047,213748
4097,21821,53342,232876,167671,65205,2937,213748
4098,20992,53880,0,0,0,2900,213748
4099,20027,54507,0,0,0,2937,213748
4100,18992,55180,0,0,0,3047,213748
4101,17957,55853,0,0,0,3222,213748
4102,16992,56480,0,0,0,3450,213748
4103,16164,57019,0,0,0,3715,213748
4104,15533,57428,0,0,0,4000,197517
4105,15134,57688,0,0,0,4285,197517
4106,14998,57777,0,0,0,4550,197517
4107,15134,57688,0,0,0,4778,197517
4108,15533,57428,0,0,0,4953,197517
4109,16169,57015,0,0,0,5063,197517
4110,16998,56477,0,0,0,5100,197517
4111,17962,55850,232918,167701,65217,5063,197517
4112,18998,55177,449964,323974,125990,4953,197517
4113,20033,54504,636345,458168,178176,4778,197517
4114,20998,53877,779360,561139,218221,4550,197517
4115,21826,53338,869263,625869,243394,4285,197517
4116,22462,52925,899927,647947,251980,4000,197517
4117,22861,52665,869263,625869,243394,3715,197517
4118,22998,52577,779360,561139,218221,3450,197517
4119,22861,52665,636345,458168,178176,3222,197517
4120,22462,52925,449964,323974,125990,3047,197517
4121,21826,53338,232918,167701,65217,2937,197517
4122,20998,53877,0,0,0,2900,197517
4123,20033,54504,0,0,0,2937,197517
4124,18998,55177,0,0,0,3047,197517
4125,17962,55850,0,0,0,3222,197517
4126,16998,56477,0,0,0,3450,197517
4127,16169,57015,0,0,0,3715,197517
4128,15536,57427,0,0,0,4000,171483
4129,15136,57686,0,0,0,4285,171483
4130,15000,57775,0,0,0,4550,171483
4131,15136,57686,0,0,0,4778,171483
4132,15536,57427,0,0,0,4953,171483
4133,16171,57014,0,0,0,5063,171483
4134,17000,56475,0,0,0,5100,171483
4135,17965,55848,232936,167714,65222,5063,171483
4136,19000,55175,449999,323999,126000,4953,171483
4137,20035,54502,636394,458204,178190,4778,171483
4138,21000,53875,779420,561183,218238,4550,171483
4139,21828,53337,869330,625918,243413,4285,171483
4140,22464,52923,899997,647998,251999,4000,171483
4141,22864,52664,869330,625918,243413,3715,171483
4142,23000,52575,779420,561183,218238,3450,171483
4143,22864,52664,636394,458204,178190,3222,171483
4144,22464,52923,449999,323999,126000,3047,171483
4145,21828,53337,232936,167714,65222,2937,171483
4146,21000,53875,0,0,0,2900,171483
4147,20035,54502,0,0,0,2937,171483
4148,19000,55175,0,0,0,3047,171483
4149,17965,55848,0,0,0,3222,171483
4150,17000,56475,0,0,0,3450,171483
4151,16171,57014,0,0,0,3715,171483
4152,15535,57427,0,0,0,4000,155252
4153,15135,57687,0,0,0,4285,155252
4154,14999,57776,0,0,0,4550,155252
4155,15135,57687,0,0,0,4778,155252
4156,15535,57427,0,0,0,4953,155252
4157,16171,57014,0,0,0,5063,155252
4158,16999,56476,0,0,0,5100,155252
4159,17964,55848,232930,167710,65220,5063,155252
4160,18999,55176,449987,323991,125996,4953,155252
4161,20034,54503,636378,458192,178186,4778,155252
4162,20999,53876,779400,561168,218232,4550,155252
4163,21828,53337,869308,625902,243406,4285,155252
4164,22463,52924,899974,647981,251993,4000,155252
4165,22863,52664,869308,625902,243406,3715,155252
4166,22999,52576,779400,561168,218232,3450,155252
4167,22863,52664,636378,458192,178186,3222,155252
4168,22463,52924,449987,323991,125996,3047,155252
4169,21828,53337,232930,167710,65220,2937,155252
4170,20999,53876,0,0,0,2900,155252
4171,20034,54503,0,0,0,2937,155252
4172,18999,55176,0,0,0,3047,155252
4173,17964,55848,0,0,0,3222,155252
4174,16999,56476,0,0,0,3450,155252
4175,16171,57014,0,0,0,3715,155252
4176,15531,57430,0,0,0,4000,161045
4177,15132,57690,0,0,0,4285,161045
4178,14995,57778,0,0,0,4550,161045
4179,15132,57690,0,0,0,4778,161045
4180,15531,57430,0,0,0,4953,161045
4181,16167,57017,0,0,0,5063,161045
4182,16995,56478,0,0,0,5100,161045
4183,17960,55851,232900,167688,65212,5063,161045
4184,18995,55178,449929,323949,125980,4953,161045
4185,20031,54505,636295,458132,178163,4778,161045
4186,20995,53878,779299,561095,218204,4550,161045
4187,21824,53340,869195,625821,243375,4285,161045
4188,22459,52926,899857,647897,251960,4000,161045
4189,22859,52667,869195,625821,243375,3715,161045
4190,22995,52578,779299,561095,218204,3450,161045
4191,22859,52667,636295,458132,178163,3222,161045
4192,22459,52926,449929,323949,125980,3047,161045
4193,21824,53340,232900,167688,65212,2937,161045
4194,20995,53878,0,0,0,2900,161045
4195,20031,54505,0,0,0,2937,161045
4196,18995,55178,0,0,0,3047,161045
4197,17960,55851,0,0,0,3222,161045
4198,16995,56478,0,0,0,3450,161045
4199,16167,57017,0,0,0,3715,161045
4200,15524,57434,0,0,0,4000,184500
4201,15125,57694,0,0,0,4285,184500
4202,14988,57783,0,0,0,4550,184500
4203,15125,57694,0,0,0,4778,184500
4204,15524,57434,0,0,0,4953,184500
4205,16160,57021,0,0,0,5063,184500
4206,16988,56483,0,0,0,5100,184500
4207,17953,55856,232846,167649,65197,5063,184500
4208,18988,55183,449824,323873,125951,4953,184500
4209,20024,54510,636147,458026,178121,4778,184500
4210,20988,53883,779117,560964,218153,4550,184500
4211,21817,53344,868992,625675,243318,4285,184500
4212,22452,52931,899647,647746,251901,4000,184500
4213,22852,52671,868992,625675,243318,3715,184500
4214,22988,52583,779117,560964,218153,3450,184500
4215,22852,52671,636147,458026,178121,3222,184500
4216,22452,52931,449824,323873,125951,3047,184500
4217,21817,53344,232846,167649,65197,2937,184500
4218,20988,53883,0,0,0,2900,184500
4219,20024,54510,0,0,0,2937,184500
4220,18988,55183,0,0,0,3047,184500
4221,17953,55856,0,0,0,3222,184500
4222,16988,56483,0,0,0,3450,184500
4223,16160,57021,0,0,0,3715,184500
4224,15514,57441,0,0,0,4000,207955
4225,15114,57701,0,0,0,4285,207955
4226,14978,57789,0,0,0,4550,207955
4227,15114,57701,0,0,0,4778,207955
4228,15514,57441,0,0,0,4953,207955
4229,16150,57028,0,0,0,5063,207955
4230,16978,56489,0,0,0,5100,207955
4231,17943,55862,232767,167592,65175,5063,207955
4232,18978,55189,449672,323764,125908,4953,207955
4233,20013,54516,635932,457871,178061,4778,207955
4234,20978,53889,778855,560775,218079,4550,207955
4235,21807,53351,868700,625464,243236,4285,207955
4236,22442,52938,899344,647528,251816,4000,207955
4237,22842,52678,868700,625464,243236,3715,207955
4238,22978,52589,778855,560775,218079,3450,207955
4239,22842,52678,635932,457871,178061,3222,207955
4240,22442,52938,449672,323764,125908,3047,207955
4241,21807,53351,232767,167592,65175,2937,207955
4242,20978,53889,0,0,0,2900,207955
4243,20013,54516,0,0,0,2937,207955
4244,18978,55189,0,0,0,3047,207955
4245,17943,55862,0,0,0,3222,207955
4246,16978,56489,0,0,0,3450,207955
4247,16150,57028,0,0,0,3715,207955
4248,15501,57449,0,0,0,4000,213748
4249,15101,57709,0,0,0,4285,213748
4250,14965,57798,0,0,0,4550,213748
4251,15101,57709,0,0,0,4778,213748
4252,15501,57449,0,0,0,4953,213748
4253,16136,57036,0,0,0,5063,213748
4254,16965,56498,0,0,0,5100,213748
4255,17930,55871,232665,167519,65146,5063,213748
4256,18965,55198,449474,323621,125853,4953,213748
4257,20000,54525,635652,457669,177983,4778,213748
4258,20965,53898,778511,560528,217983,4550,213748
4259,21793,53359,868317,625188,243129,4285,213748
4260,22429,52946,898948,647242,251705,4000,213748
4261,22829,52686,868317,625188,243129,3715,213748
4262,22965,52598,778511,560528,217983,3450,213748
4263,22829,52686,635652,457669,177983,3222,213748
4264,22429,52946,449474,323621,125853,3047,213748
4265,21793,53359,232665,167519,65146,2937,213748
4266,20965,53898,0,0,0,2900,213748
4267,20000,54525,0,0,0,2937,213748
4268,18965,55198,0,0,0,3047,213748
4269,17930,55871,0,0,0,3222,213748
4270,16965,56498,0,0,0,3450,213748
4271,16136,57036,0,0,0,3715,213748
4272,15485,57460,0,0,0,4000,197517
4273,15085,57720,0,0,0,4285,197517
4274,14949,57808,0,0,0,4550,197517
4275,15085,57720,0,0,0,4778,197517
4276,15485,57460,0,0,0,4953,197517
4277,16120,57047,0,0,0,5063,197517
4278,16949,56508,0,0,0,5100,197517
4279,17913,55881,232538,167427,65111,5063,197517
4280,18949,55208,449229,323445,125784,4953,197517
4281,19984,54535,635306,457420,177886,4778,197517
4282,20949,53908,778088,560223,217865,4550,197517
4283,21777,53370,867844,624848,242996,4285,197517
4284,22413,52957,898458,646890,251568,4000,197517
4285,22812,52697,867844,624848,242996,3715,197517
4286,22949,52608,778088,560223,217865,3450,197517
4287,22812,52697,635306,457420,177886,3222,197517
4288,22413,52957,449229,323445,125784,3047,197517
4289,21777,53370,232538,167427,65111,2937,197517
4290,20949,53908,0,0,0,2900,197517
4291,19984,54535,0,0,0,2937,197517
4292,18949,55208,0,0,0,3047,197517
4293,17913,55881,0,0,0,3222,197517
4294,16949,56508,0,0,0,3450,197517
4295,16120,57047,0,0,0,3715,197517
4296,15465,57473,0,0,0,4000,171483
4297,15065,57732,0,0,0,4285,171483
4298,14929,57821,0,0,0,4550,171483
4299,15065,57732,0,0,0,4778,171483
4300,15465,57473,0,0,0,4953,171483
4301,16101,57059,0,0,0,5063,171483
4302,16929,56521,0,0,0,5100,171483
4303,17894,55894,232387,167319,65068,5063,171483
4304,18929,55221,448938,323235,125703,4953,171483
4305,19964,54548,634894,457124,177770,4778,171483
4306,20929,53921,777583,559860,217723,4550,171483
4307,21758,53383,867282,624443,242839,4285,171483
4308,22393,52969,897876,646471,251405,4000,171483
4309,22793,52710,867282,624443,242839,3715,171483
4310,22929,52621,777583,559860,217723,3450,171483
4311,22793,52710,634894,457124,177770,3222,171483
4312,22393,52969,448938,323235,125703,3047,171483
4313,21758,53383,232387,167319,65068,2937,171483
4314,20929,53921,0,0,0,2900,171483
4315,19964,54548,0,0,0,2937,171483
4316,18929,55221,0,0,0,3047,171483
4317,17894,55894,0,0,0,3222,171483
4318,16929,56521,0,0,0,3450,171483
4319,16101,57059,0,0,0,3715,171483
4320,15443,57487,0,0,0,4000,155252
4321,15043,57747,0,0,0,4285,155252
4322,14907,57836,0,0,0,4550,155252
4323,15043,57747,0,0,0,4778,155252
4324,15443,57487,0,0,0,4953,155252
4325,16078,57074,0,0,0,5063,155252
4326,16907,56536,0,0,0,5100,155252
4327,17871,55909,232213,167193,65020,5063,155252
4328,18907,55236,448600,322992,125608,4953,155252
4329,19942,54563,634417,456780,177637,4778,155252
4330,20907,53936,776999,559439,217560,4550,155252
4331,21735,53397,866630,623973,242656,4285,155252
4332,22371,52984,897201,645985,251216,4000,155252
4333,22770,52724,866630,623973,242656,3715,155252
4334,22907,52636,776999,559439,217560,3450,155252
4335,22770,52724,634417,456780,177637,3222,155252
4336,22371,52984,448600,322992,125608,3047,155252
4337,21735,53397,232213,167193,65020,2937,155252
4338,20907,53936,0,0,0,2900,155252
4339,19942,54563,0,0,0,2937,155252
4340,18907,55236,0,0,0,3047,155252
4341,17871,55909,0,0,0,3222,155252
4342,16907,56536,0,0,0,3450,155252
4343,16078,57074,0,0,0,3715,155252
4344,15417,57504,0,0,0,4000,161045
4345,15017,57764,0,0,0,4285,161045
4346,14881,57852,0,0,0,4550,161045
4347,15017,57764,0,0,0,4778,161045
4348,15417,57504,0,0,0,4953,161045
4349,16053,57091,0,0,0,5063,161045
4350,16881,56552,0,0,0,5100,161045
4351,17846,55925,232014,167050,64964,5063,161045
4352,18881,55252,448217,322716,125501,4953,161045
4353,19916,54579,633874,456389,177485,4778,161045
4354,20881,53952,776334,558961,217374,4550,161045
4355,21710,53414,865888,623440,242449,4285,161045
4356,22345,53001,896433,645432,251001,4000,161045
4357,22745,52741,865888,623440,242449,3715,161045
4358,22881,52652,776334,558961,217374,3450,161045
4359,22745,52741,633874,456389,177485,3222,161045
4360,22345,53001,448217,322716,125501,3047,161045
4361,21710,53414,232014,167050,64964,2937,161045
4362,20881,53952,0,0,0,2900,161045
4363,19916,54579,0,0,0,2937,161045
4364,18881,55252,0,0,0,3047,161045
4365,17846,55925,0,0,0,3222,161045
4366,16881,56552,0,0,0,3450,161045
4367,16053,57091,0,0,0,3715,161045
4368,15388,57523,0,0,0,4000,184500
4369,14989,57782,0,0,0,4285,184500
4370,14852,57871,0,0,0,4550,184500
4371,14989,57782,0,0,0,4778,184500
4372,15388,57523,0,0,0,4953,184500
4373,16024,57109,0,0,0,5063,184500
4374,16852,56571,0,0,0,5100,184500
4375,17817,55944,231792,166890,64902,5063,184500
4376,18852,55271,447787,322407,125380,4953,184500
4377,19888,54598,633266,455952,177315,4778,184500
4378,20852,53971,775590,558424,217165,4550,184500
4379,21681,53432,865058,622842,242216,4285,184500
4380,22317,53019,895574,644813,250761,4000,184500
4381,22716,52759,865058,622842,242216,3715,184500
4382,22852,52671,775590,558424,217165,3450,184500
4383,22716,52759,633266,455952,177315,3222,184500
4384,22317,53019,447787,322407,125380,3047,184500
4385,21681,53432,231792,166890,64902,2937,184500
4386,20852,53971,0,0,0,2900,184500
4387,19888,54598,0,0,0,2937,184500
4388,18852,55271,0,0,0,3047,184500
4389,17817,55944,0,0,0,3222,184500
4390,16852,56571,0,0,0,3450,184500
4391,16024,57109,0,0,0,3715,184500
4392,15357,57543,0,0,0,4000,207955
4393,14957,57803,0,0,0,4285,207955
4394,14821,57892,0,0,0,4550,207955
4395,14957,57803,0,0,0,4778,207955
4396,15357,57543,0,0,0,4953,207955
4397,15992,57130,0,0,0,5063,207955
4398,16821,56592,0,0,0,5100,207955
4399,17785,55964,231545,166713,64833,5063,207955
4400,18821,55292,447311,322064,125247,4953,207955
4401,19856,54619,632593,455467,177126,4778,207955
4402,20821,53992,774765,557831,216934,4550,207955
4403,21649,53453,864138,622180,241959,4285,207955
4404,22285,53040,894622,644128,250494,4000,207955
4405,22684,52780,864138,622180,241959,3715,207955
4406,22821,52692,774765,557831,216934,3450,207955
4407,22684,52780,632593,455467,177126,3222,207955
4408,22285,53040,447311,322064,125247,3047,207955
4409,21649,53453,231545,166713,64833,2937,207955
4410,20821,53992,0,0,0,2900,207955
4411,19856,54619,0,0,0,2937,207955
4412,18821,55292,0,0,0,3047,207955
4413,17785,55964,0,0,0,3222,207955
4414,16821,56592,0,0,0,3450,207955
4415,15992,57130,0,0,0,3715,207955
4416,15322,57566,0,0,0,4000,213748
4417,14922,57826,0,0,0,4285,213748
4418,14786,57914,0,0,0,4550,213748
4419,14922,57826,0,0,0,4778,213748
4420,15322,57566,0,0,0,4953,213748
4421,15958,57153,0,0,0,5063,213748
4422,16786,56614,0,0,0,5100,213748
4423,17751,55987,231275,166518,64757,5063,213748
4424,18786,55314,446789,321688,125101,4953,213748
4425,19821,54641,631855,454936,176919,4778,213748
4426,20786,54014,773862,557180,216681,4550,213748
4427,21614,53476,863130,621454,241677,4285,213748
4428,22250,53062,893578,643376,250202,4000,213748
4429,22650,52803,863130,621454,241677,3715,213748
4430,22786,52714,773862,557180,216681,3450,213748
4431,22650,52803,631855,454936,176919,3222,213748
4432,22250,53062,446789,321688,125101,3047,213748
4433,21614,53476,231275,166518,64757,2937,213748
4434,20786,54014,0,0,0,2900,213748
4435,19821,54641,0,0,0,2937,213748
4436,18786,55314,0,0,0,3047,213748
4437,17751,55987,0,0,0,3222,213748
4438,16786,56614,0,0,0,3450,213748
4439,15958,57153,0,0,0,3715,213748
4440,15284,57590,0,0,0,4000,197517
4441,14884,57850,0,0,0,4285,197517
4442,14748,57939,0,0,0,4550,197517
4443,14884,57850,0,0,0,4778,197517
4444,15284,57590,0,0,0,4953,197517
4445,15920,57177,0,0,0,5063,197517
4446,16748,56639,0,0,0,5100,197517
4447,17713,56012,230981,166307,64675,5063,197517
4448,18748,55339,446222,321280,124942,4953,197517
4449,19783,54666,631053,454358,176695,4778,197517
4450,20748,54039,772879,556473,216406,4550,197517
4451,21577,53500,862034,620665,241370,4285,197517
4452,22212,53087,892443,642559,249884,4000,197517
4453,22612,52827,862034,620665,241370,3715,197517
4454,22748,52739,772879,556473,216406,3450,197517
4455,22612,52827,631053,454358,176695,3222,197517
4456,22212,53087,446222,321280,124942,3047,197517
4457,21577,53500,230981,166307,64675,2937,197517
4458,20748,54039,0,0,0,2900,197517
4459,19783,54666,0,0,0,2937,197517
4460,18748,55339,0,0,0,3047,197517
4461,17713,56012,0,0,0,3222,197517
4462,16748,56639,0,0,0,3450,197517
4463,15920,57177,0,0,0,3715,197517
4464,15243,57617,0,0,0,4000,171483
4465,14844,57877,0,0,0,4285,171483
4466,14707,57965,0,0,0,4550,171483
4467,14844,57877,0,0,0,4778,171483
4468,15243,57617,0,0,0,4953,171483
4469,15879,57204,0,0,0,5063,171483
4470,16707,56665,0,0,0,5100,171483
4471,17672,56038,230664,166078,64586,5063,171483
4472,18707,55365,445609,320838,124770,4953,171483
4473,19743,54692,630186,453734,176452,4778,171483
4474,20707,54065,771817,555708,216109,4550,171483
4475,21536,53527,860850,619812,241038,4285,171483
4476,22171,53114,891217,641676,249541,4000,171483
4477,22571,52854,860850,619812,241038,3715,171483
4478,22707,52765,771817,555708,216109,3450,171483
4479,22571,52854,630186,453734,176452,3222,171483
4480,22171,53114,445609,320838,124770,3047,171483
4481,21536,53527,230664,166078,64586,2937,171483
4482,20707,54065,0,0,0,2900,171483
4483,19743,54692,0,0,0,2937,171483
4484,18707,55365,0,0,0,3047,171483
4485,17672,56038,0,0,0,3222,171483
4486,16707,56665,0,0,0,3450,171483
4487,15879,57204,0,0,0,3715,171483
4488,15199,57645,0,0,0,4000,155252
4489,14800,57905,0,0,0,4285,155252
4490,14663,57994,0,0,0,4550,155252
4491,14800,57905,0,0,0,4778,155252
4492,15199,57645,0,0,0,4953,155252
4493,15835,57232,0,0,0,5063,155252
4494,16663,56694,0,0,0,5100,155252
4495,17628,56067,230323,165833,64490,5063,155252
4496,18663,55394,444950,320364,124586,4953,155252
4497,19699,54721,629255,453063,176191,4778,155252
4498,20663,54094,770676,554887,215789,4550,155252
4499,21492,53555,859578,618896,240682,4285,155252
4500,22127,53142,889900,640728,249172,4000,155252
4501,22527,52882,859578,618896,240682,3715,155252
4502,22663,52794,770676,554887,215789,3450,155252
4503,22527,52882,629255,453063,176191,3222,155252
4504,22127,53142,444950,320364,124586,3047,155252
4505,21492,53555,230323,165833,64490,2937,155252
4506,20663,54094,0,0,0,2900,155252
4507,19699,54721,0,0,0,2937,155252
4508,18663,55394,0,0,0,3047,155252
4509,17628,56067,0,0,0,3222,155252
4510,16663,56694,0,0,0,3450,155252
4511,15835,57232,0,0,0,3715,155252
4512,15152,57676,0,0,0,4000,161045
4513,14753,57936,0,0,0,4285,161045
4514,14616,58024,0,0,0,4550,161045
4515,14753,57936,0,0,0,4778,161045
4516,15152,57676,0,0,0,4953,161045
4517,15788,57263,0,0,0,5063,161045
4518,16616,56724,0,0,0,5100,161045
4519,17581,56097,229959,165570,64389,5063,161045
4520,18616,55424,444247,319858,124389,4953,161045
4521,19652,54751,628260,452347,175913,4778,161045
4522,20616,54124,769458,554010,215448,4550,161045
4523,21445,53586,858219,617917,240301,4285,161045
4524,22081,53173,888493,639715,248778,4000,161045
4525,22480,52913,858219,617917,240301,3715,161045
4526,22616,52824,769458,554010,215448,3450,161045
4527,22480,52913,628260,452347,175913,3222,161045
4528,22081,53173,444247,319858,124389,3047,161045
4529,21445,53586,229959,165570,64389,2937,161045
4530,20616,54124,0,0,0,2900,161045
4531,19652,54751,0,0,0,2937,161045
4532,18616,55424,0,0,0,3047,161045
4533,17581,56097,0,0,0,3222,161045
4534,16616,56724,0,0,0,3450,161045
4535,15788,57263,0,0,0,3715,161045
4536,15102,57708,0,0,0,4000,184500
4537,14703,57968,0,0,0,4285,184500
4538,14567,58057,0,0,0,4550,184500
4539,14703,57968,0,0,0,4778,184500
4540,15102,57708,0,0,0,4953,184500
4541,15738,57295,0,0,0,5063,184500
4542,16567,56757,0,0,0,5100,184500
4543,17531,56130,229571,165291,64280,5063,184500
4544,18567,55457,443498,319319,124179,4953,184500
4545,19602,54784,627201,451585,175616,4778,184500
4546,20567,54157,768161,553076,215085,4550,184500
4547,21395,53618,856772,616876,239896,4285,184500
4548,22031,53205,886996,638637,248359,4000,184500
4549,22430,52945,856772,616876,239896,3715,184500
4550,22567,52857,768161,553076,215085,3450,184500
4551,22430,52945,627201,451585,175616,3222,184500
4552,22031,53205,443498,319319,124179,3047,184500
4553,21395,53618,229571,165291,64280,2937,184500
4554,20567,54157,0,0,0,2900,184500
4555,19602,54784,0,0,0,2937,184500
4556,18567,55457,0,0,0,3047,184500
4557,17531,56130,0,0,0,3222,184500
4558,16567,56757,0,0,0,3450,184500
4559,15738,57295,0,0,0,3715,184500
4560,15050,57743,0,0,0,4000,207955
4561,14650,58003,0,0,0,4285,207955
4562,14514,58091,0,0,0,4550,207955
4563,14650,58003,0,0,0,4778,207955
4564,15050,57743,0,0,0,4953,207955
4565,15685,57330,0,0,0,5063,207955
4566,16514,56791,0,0,0,5100,207955
4567,17478,56164,229161,164996,64165,5063,207955
4568,18514,55491,442705,318747,123957,4953,207955
4569,19549,54818,626079,450777,175302,4778,207955
4570,20514,54191,766787,552087,214700,4550,207955
4571,21342,53653,855240,615773,239467,4285,207955
4572,21978,53239,885410,637495,247915,4000,207955
4573,22377,52980,855240,615773,239467,3715,207955
4574,22514,52891,766787,552087,214700,3450,207955
4575,22377,52980,626079,450777,175302,3222,207955
4576,21978,53239,442705,318747,123957,3047,207955
4577,21342,53653,229161,164996,64165,2937,207955
4578,20514,54191,0,0,0,2900,207955
4579,19549,54818,0,0,0,2937,207955
4580,18514,55491,0,0,0,3047,207955
4581,17478,56164,0,0,0,3222,207955
4582,16514,56791,0,0,0,3450,207955
4583,15685,57330,0,0,0,3715,207955
4584,14994,57779,0,0,0,4000,213748
4585,14594,58039,0,0,0,4285,213748
4586,14458,58127,0,0,0,4550,213748
4587,14594,58039,0,0,0,4778,213748
4588,14994,57779,0,0,0,4953,213748
4589,15629,57366,0,0,0,5063,213748
4590,16458,56827,0,0,0,5100,213748
4591,17423,56200,228727,164684,64044,5063,213748
4592,18458,55527,441867,318144,123723,4953,213748
4593,19493,54855,624894,449924,174970,4778,213748
4594,20458,54227,765336,551042,214294,4550,213748
4595,21286,53689,853621,614607,239014,4285,213748
4596,21922,53276,883734,636288,247445,4000,213748
4597,22321,53016,853621,614607,239014,3715,213748
4598,22458,52927,765336,551042,214294,3450,213748
4599,22321,53016,624894,449924,174970,3222,213748
4600,21922,53276,441867,318144,123723,3047,213748
4601,21286,53689,228727,164684,64044,2937,213748
4602,20458,54227,0,0,0,2900,213748
4603,19493,54855,0,0,0,2937,213748
4604,18458,55527,0,0,0,3047,213748
4605,17423,56200,0,0,0,3222,213748
4606,16458,56827,0,0,0,3450,213748
4607,15629,57366,0,0,0,3715,213748
4608,14935,57817,0,0,0,4000,197517
4609,14535,58077,0,0,0,4285,197517
4610,14399,58166,0,0,0,4550,197517
4611,14535,58077,0,0,0,4778,197517
4612,14935,57817,0,0,0,4953,197517
4613,15571,57404,0,0,0,5063,197517
4614,16399,56866,0,0,0,5100,197517
4615,17364,56239,228271,164355,63916,5063,197517
4616,18399,55566,440985,317509,123476,4953,197517
4617,19434,54893,623647,449026,174621,4778,197517
4618,20399,54266,763808,549942,213866,4550,197517
4619,21227,53727,851917,613381,238537,4285,197517
4620,21863,53314,881970,635018,246952,4000,197517
4621,22263,53054,851917,613381,238537,3715,197517
4622,22399,52966,763808,549942,213866,3450,197517
4623,22263,53054,623647,449026,174621,3222,197517
4624,21863,53314,440985,317509,123476,3047,197517
4625,21227,53727,228271,164355,63916,2937,197517
4626,20399,54266,0,0,0,2900,197517
4627,19434,54893,0,0,0,2937,197517
4628,18399,55566,0,0,0,3047,197517
4629,17364,56239,0,0,0,3222,197517
4630,16399,56866,0,0,0,3450,197517
4631,15571,57404,0,0,0,3715,197517
4632,14873,57857,0,0,0,4000,171483
4633,14474,58117,0,0,0,4285,171483
4634,14337,58206,0,0,0,4550,171483
4635,14474,58117,0,0,0,4778,171483
4636,14873,57857,0,0,0,4953,171483
4637,15509,57444,0,0,0,5063,171483
4638,16337,56906,0,0,0,5100,171483
4639,17302,56279,227791,164010,63782,5063,171483
4640,18337,55606,440059,316842,123216,4953,171483
4641,19373,54933,622337,448083,174254,4778,171483
4642,20337,54306,762204,548787,213417,4550,171483
4643,21166,53767,850128,612092,238036,4285,171483
4644,21801,53354,880118,633685,246433,4000,171483
4645,22201,53094,850128,612092,238036,3715,171483
4646,22337,53006,762204,548787,213417,3450,171483
4647,22201,53094,622337,448083,174254,3222,171483
4648,21801,53354,440059,316842,123216,3047,171483
4649,21166,53767,227791,164010,63782,2937,171483
4650,20337,54306,0,0,0,2900,171483
4651,19373,54933,0,0,0,2937,171483
4652,18337,55606,0,0,0,3047,171483
4653,17302,56279,0,0,0,3222,171483
4654,16337,56906,0,0,0,3450,171483
4655,15509,57444,0,0,0,3715,171483
4656,14808,57899,0,0,0,4000,155252
4657,14409,58159,0,0,0,4285,155252
4658,14273,58248,0,0,0,4550,155252
4659,14409,58159,0,0,0,4778,155252
4660,14808,57899,0,0,0,4953,155252
4661,15444,57486,0,0,0,5063,155252
4662,16273,56948,0,0,0,5100,155252
4663,17237,56321,227289,163648,63641,5063,155252
4664,18273,55648,439089,316144,122945,4953,155252
4665,19308,54975,620966,447095,173870,4778,155252
4666,20273,54348,760524,547578,212947,4550,155252
4667,21101,53809,848255,610743,237511,4285,155252
4668,21737,53396,878178,632288,245890,4000,155252
4669,22136,53136,848255,610743,237511,3715,155252
4670,22273,53048,760524,547578,212947,3450,155252
4671,22136,53136,620966,447095,173870,3222,155252
4672,21737,53396,439089,316144,122945,3047,155252
4673,21101,53809,227289,163648,63641,2937,155252
4674,20273,54348,0,0,0,2900,155252
4675,19308,54975,0,0,0,2937,155252
4676,18273,55648,0,0,0,3047,155252
4677,17237,56321,0,0,0,3222,155252
4678,16273,56948,0,0,0,3450,155252
4679,15444,57486,0,0,0,3715,155252
4680,14741,57943,0,0,0,4000,161045
4681,14341,58203,0,0,0,4285,161045
4682,14205,58292,0,0,0,4550,161045
4683,14341,58203,0,0,0,4778,161045
4684,14741,57943,0,0,0,4953,161045
4685,15377,57530,0,0,0,5063,161045
4686,16205,56992,0,0,0,5100,161045
4687,17170,56365,226765,163271,63494,5063,161045
4688,18205,55692,438076,315415,122661,4953,161045
4689,19240,55019,619533,446064,173469,4778,161045
4690,20205,54392,758770,546314,212455,4550,161045
4691,21033,53853,846297,609334,236963,4285,161045
4692,21669,53440,876152,630829,245322,4000,161045
4693,22069,53180,846297,609334,236963,3715,161045
4694,22205,53092,758770,546314,212455,3450,161045
4695,22069,53180,619533,446064,173469,3222,161045
4696,21669,53440,438076,315415,122661,3047,161045
4697,21033,53853,226765,163271,63494,2937,161045
4698,20205,54392,0,0,0,2900,161045
4699,19240,55019,0,0,0,2937,161045
4700,18205,55692,0,0,0,3047,161045
4701,17170,56365,0,0,0,3222,161045
4702,16205,56992,0,0,0,3450,161045
4703,15377,57530,0,0,0,3715,161045
4704,14671,57989,0,0,0,4000,184500
4705,14271,58249,0,0,0,4285,184500
4706,14135,58337,0,0,0,4550,184500
4707,14271,58249,0,0,0,4778,184500
4708,14671,57989,0,0,0,4953,184500
4709,15306,57576,0,0,0,5063,184500
4710,16135,57037,0,0,0,5100,184500
4711,17099,56410,226218,162877,63341,5063,184500
4712,18135,55737,437019,314654,122365,4953,184500
4713,19170,55065,618039,444988,173051,4778,184500
4714,20135,54437,756940,544997,211943,4550,184500
4715,20963,53899,844257,607865,236392,4285,184500
4716,21599,53486,874039,629308,244731,4000,184500
4717,21998,53226,844257,607865,236392,3715,184500
4718,22135,53137,756940,544997,211943,3450,184500
4719,21998,53226,618039,444988,173051,3222,184500
4720,21599,53486,437019,314654,122365,3047,184500
4721,20963,53899,226218,162877,63341,2937,184500
4722,20135,54437,0,0,0,2900,184500
4723,19170,55065,0,0,0,2937,184500
4724,18135,55737,0,0,0,3047,184500
4725,17099,56410,0,0,0,3222,184500
4726,16135,57037,0,0,0,3450,184500
4727,15306,57576,0,0,0,3715,184500
4728,14597,58037,0,0,0,4000,207955
4729,14198,58297,0,0,0,4285,207955
4730,14061,58385,0,0,0,4550,207955
4731,14198,58297,0,0,0,4778,207955
4732,14597,58037,0,0,0,4953,207955
4733,15233,57624,0,0,0,5063,207955
4734,16061,57085,0,0,0,5100,207955
4735,17026,56458,225649,162467,63182,5063,207955
4736,18061,55785,435920,313863,122058,4953,207955
4737,19097,55112,616484,443869,172616,4778,207955
4738,20061,54485,755036,543626,211410,4550,207955
4739,20890,53947,842133,606336,235797,4285,207955
4740,21525,53533,871840,627725,244115,4000,207955
4741,21925,53274,842133,606336,235797,3715,207955
4742,22061,53185,755036,543626,211410,3450,207955
4743,21925,53274,616484,443869,172616,3222,207955
4744,21525,53533,435920,313863,122058,3047,207955
4745,20890,53947,225649,162467,63182,2937,207955
4746,20061,54485,0,0,0,2900,207955
4747,19097,55112,0,0,0,2937,207955
4748,18061,55785,0,0,0,3047,207955
4749,17026,56458,0,0,0,3222,207955
4750,16061,57085,0,0,0,3450,207955
4751,15233,57624,0,0,0,3715,207955
4752,14521,58086,0,0,0,4000,213748
4753,14122,58346,0,0,0,4285,213748
4754,13985,58435,0,0,0,4550,213748
4755,14122,58346,0,0,0,4778,213748
4756,14521,58086,0,0,0,4953,213748
4757,15157,57673,0,0,0,5063,213748
4758,15985,57135,0,0,0,5100,213748
4759,16950,56508,225058,162042,63016,5063,213748
4760,17985,55835,434779,313041,121738,4953,213748
4761,19021,55162,614870,442706,172164,4778,213748
4762,19985,54535,753059,542202,210856,4550,213748
4763,20814,53996,839928,604748,235180,4285,213748
4764,21449,53583,869557,626081,243476,4000,213748
4765,21849,53323,839928,604748,235180,3715,213748
4766,21985,53235,753059,542202,210856,3450,213748
4767,21849,53323,614870,442706,172164,3222,213748
4768,21449,53583,434779,313041,121738,3047,213748
4769,20814,53996,225058,162042,63016,2937,213748
4770,19985,54535,0,0,0,2900,213748
4771,19021,55162,0,0,0,2937,213748
4772,17985,55835,0,0,0,3047,213748
4773,16950,56508,0,0,0,3222,213748
4774,15985,57135,0,0,0,3450,213748
4775,15157,57673,0,0,0,3715,213748
4776,14442,58138,0,0,0,4000,197517
4777,14043,58397,0,0,0,4285,197517
4778,13906,58486,0,0,0,4550,197517
4779,14043,58397,0,0,0,4778,197517
4780,14442,58138,0,0,0,4953,197517
4781,15078,57724,0,0,0,5063,197517
4782,15906,57186,0,0,0,5100,197517
4783,16871,56559,224445,161600,62845,5063,197517
4784,17906,55886,433595,312188,121407,4953,197517
4785,18942,55213,613195,441501,171695,4778,197517
4786,19906,54586,751008,540726,210282,4550,197517
4787,20735,54047,837641,603101,234539,4285,197517
4788,21370,53634,867189,624376,242813,4000,197517
4789,21770,53374,837641,603101,234539,3715,197517
4790,21906,53286,751008,540726,210282,3450,197517
4791,21770,53374,613195,441501,171695,3222,197517
4792,21370,53634,433595,312188,121407,3047,197517
4793,20735,54047,224445,161600,62845,2937,197517
4794,19906,54586,0,0,0,2900,197517
4795,18942,55213,0,0,0,2937,197517
4796,17906,55886,0,0,0,3047,197517
4797,16871,56559,0,0,0,3222,197517
4798,15906,57186,0,0,0,3450,197517
4799,15078,57724,0,0,0,3715,197517
4800,14361,58191,0,0,0,4000,171483
4801,13961,58450,0,0,0,4285,171483
4802,13825,58539,0,0,0,4550,171483
4803,13961,58450,0,0,0,4778,171483
4804,14361,58191,0,0,0,4953,171483
4805,14996,57777,0,0,0,5063,171483
4806,15825,57239,0,0,0,5100,171483
4807,16789,56612,223811,161144,62667,5063,171483
4808,17825,55939,432369,311306,121063,4953,171483
4809,18860,55266,611462,440253,171209,4778,171483
4810,19825,54639,748885,539197,209688,4550,171483
4811,20653,54101,835273,601396,233876,4285,171483
4812,21289,53687,864738,622611,242127,4000,171483
4813,21688,53428,835273,601396,233876,3715,171483
4814,21825,53339,748885,539197,209688,3450,171483
4815,21688,53428,611462,440253,171209,3222,171483
4816,21289,53687,432369,311306,121063,3047,171483
4817,20653,54101,223811,161144,62667,2937,171483
4818,19825,54639,0,0,0,2900,171483
4819,18860,55266,0,0,0,2937,171483
4820,17825,55939,0,0,0,3047,171483
4821,16789,56612,0,0,0,3222,171483
4822,15825,57239,0,0,0,3450,171483
4823,14996,57777,0,0,0,3715,171483
4824,14276,58246,0,0,0,4000,155252
4825,13876,58505,0,0,0,4285,155252
4826,13740,58594,0,0,0,4550,155252
4827,13876,58505,0,0,0,4778,155252
4828,14276,58246,0,0,0,4953,155252
4829,14912,57832,0,0,0,5063,155252
4830,15740,57294,0,0,0,5100,155252
4831,16705,56667,223155,160671,62483,5063,155252
4832,17740,55994,431102,310393,120709,4953,155252
4833,18775,55321,609670,438963,170708,4778,155252
4834,19740,54694,746690,537617,209073,4550,155252
4835,20569,54155,832825,599634,233191,4285,155252
4836,21204,53742,862204,620787,241417,4000,155252
4837,21604,53483,832825,599634,233191,3715,155252
4838,21740,53394,746690,537617,209073,3450,155252
4839,21604,53483,609670,438963,170708,3222,155252
4840,21204,53742,431102,310393,120709,3047,155252
4841,20569,54155,223155,160671,62483,2937,155252
4842,19740,54694,0,0,0,2900,155252
4843,18775,55321,0,0,0,2937,155252
4844,17740,55994,0,0,0,3047,155252
4845,16705,56667,0,0,0,3222,155252
4846,15740,57294,0,0,0,3450,155252
4847,14912,57832,0,0,0,3715,155252
4848,14189,58302,0,0,0,4000,161045
4849,13789,58562,0,0,0,4285,161045
4850,13653,58651,0,0,0,4550,161045
4851,13789,58562,0,0,0,4778,161045
4852,14189,58302,0,0,0,4953,161045
4853,14824,57889,0,0,0,5063,161045
4854,15653,57351,0,0,0,5100,161045
4855,16618,56724,222478,160184,62294,5063,161045
4856,17653,56051,429794,309451,120342,4953,161045
4857,18688,55378,607820,437631,170190,4778,161045
4858,19653,54751,744425,535986,208439,4550,161045
4859,20481,54212,830298,597814,232483,4285,161045
4860,21117,53799,859587,618903,240684,4000,161045
4861,21517,53539,830298,597814,232483,3715,161045
4862,21653,53451,744425,535986,208439,3450,161045
4863,21517,53539,607820,437631,170190,3222,161045
4864,21117,53799,429794,309451,120342,3047,161045
4865,20481,54212,222478,160184,62294,2937,161045
4866,19653,54751,0,0,0,2900,161045
4867,18688,55378,0,0,0,2937,161045
4868,17653,56051,0,0,0,3047,161045
4869,16618,56724,0,0,0,3222,161045
4870,15653,57351,0,0,0,3450,161045
4871,14824,57889,0,0,0,3715,161045
4872,14099,58361,0,0,0,4000,184500
4873,13699,58620,0,0,0,4285,184500
4874,13563,58709,0,0,0,4550,184500
4875,13699,58620,0,0,0,4778,184500
4876,14099,58361,0,0,0,4953,184500
4877,14735,57948,0,0,0,5063,184500
4878,15563,57409,0,0,0,5100,184500
4879,16528,56782,221779,159681,62098,5063,184500
4880,17563,56109,428445,308480,119965,4953,184500
4881,18598,55436,605913,436257,169656,4778,184500
4882,19563,54809,742088,534304,207785,4550,184500
4883,20391,54271,827692,595938,231754,4285,184500
4884,21027,53857,856890,616961,239929,4000,184500
4885,21427,53598,827692,595938,231754,3715,184500
4886,21563,53509,742088,534304,207785,3450,184500
4887,21427,53598,605913,436257,169656,3222,184500
4888,21027,53857,428445,308480,119965,3047,184500
4889,20391,54271,221779,159681,62098,2937,184500
4890,19563,54809,0,0,0,2900,184500
4891,18598,55436,0,0,0,2937,184500
4892,17563,56109,0,0,0,3047,184500
4893,16528,56782,0,0,0,3222,184500
4894,15563,57409,0,0,0,3450,184500
4895,14735,57948,0,0,0,3715,184500
4896,14006,58421,0,0,0,4000,207955
4897,13607,58681,0,0,0,4285,207955
4898,13470,58769,0,0,0,4550,207955
4899,13607,58681,0,0,0,4778,207955
4900,14006,58421,0,0,0,4953,207955
4901,14642,58008,0,0,0,5063,207955
4902,15470,57469,0,0,0,5100,207955
4903,16435,56842,221060,159163,61897,5063,207955
4904,17470,56169,427056,307480,119576,4953,207955
4905,18506,55496,603948,434843,169105,4778,207955
4906,19470,54869,739682,532571,207111,4550,207955
4907,20299,54331,825008,594006,231002,4285,207955
4908,20934,53918,854111,614960,239151,4000,207955
4909,21334,53658,825008,594006,231002,3715,207955
4910,21470,53569,739682,532571,207111,3450,207955
4911,21334,53658,603948,434843,169105,3222,207955
4912,20934,53918,427056,307480,119576,3047,207955
4913,20299,54331,221060,159163,61897,2937,207955
4914,19470,54869,0,0,0,2900,207955
4915,18506,55496,0,0,0,2937,207955
4916,17470,56169,0,0,0,3047,207955
4917,16435,56842,0,0,0,3222,207955
4918,15470,57469,0,0,0,3450,207955
4919,14642,58008,0,0,0,3715,207955
4920,13911,58483,0,0,0,4000,213748
4921,13511,58743,0,0,0,4285,213748
4922,13375,58831,0,0,0,4550,213748
4923,13511,58743,0,0,0,4778,213748
4924,13911,58483,0,0,0,4953,213748
4925,14547,58070,0,0,0,5063,213748
4926,15375,57531,0,0,0,5100,213748
4927,16340,56904,220321,158631,61690,5063,213748
4928,17375,56231,425627,306451,119175,4953,213748
4929,18410,55558,601927,433388,168540,4778,213748
4930,19375,54931,737207,530789,206418,4550,213748
4931,20204,54393,822248,592018,230229,4285,213748
4932,20839,53980,851253,612902,238351,4000,213748
4933,21239,53720,822248,592018,230229,3715,213748
4934,21375,53631,737207,530789,206418,3450,213748
4935,21239,53720,601927,433388,168540,3222,213748
4936,20839,53980,425627,306451,119175,3047,213748
4937,20204,54393,220321,158631,61690,2937,213748
4938,19375,54931,0,0,0,2900,213748
4939,18410,55558,0,0,0,2937,213748
4940,17375,56231,0,0,0,3047,213748
4941,16340,56904,0,0,0,3222,213748
4942,15375,57531,0,0,0,3450,213748
4943,14547,58070,0,0,0,3715,213748
4944,13813,58546,0,0,0,4000,197517
4945,13414,58806,0,0,0,4285,197517
4946,13277,58895,0,0,0,4550,197517
4947,13414,58806,0,0,0,4778,197517
4948,13813,58546,0,0,0,4953,197517
4949,14449,58133,0,0,0,5063,197517
4950,15277,57595,0,0,0,5100,197517
4951,16242,56968,219560,158084,61477,5063,197517
4952,17277,56295,424158,305394,118764,4953,197517
4953,18312,55622,599850,431892,167958,4778,197517
4954,19277,54995,734664,528958,205706,4550,197517
4955,20106,54456,819411,589976,229435,4285,197517
4956,20741,54043,848317,610788,237529,4000,197517
4957,21141,53783,819411,589976,229435,3715,197517
4958,21277,53695,734664,528958,205706,3450,197517
4959,21141,53783,599850,431892,167958,3222,197517
4960,20741,54043,424158,305394,118764,3047,197517
4961,20106,54456,219560,158084,61477,2937,197517
4962,19277,54995,0,0,0,2900,197517
4963,18312,55622,0,0,0,2937,197517
4964,17277,56295,0,0,0,3047,197517
4965,16242,56968,0,0,0,3222,197517
4966,15277,57595,0,0,0,3450,197517
4967,14449,58133,0,0,0,3715,197517
4968,13713,58612,0,0,0,4000,171483
4969,13313,58872,0,0,0,4285,171483
4970,13177,58960,0,0,0,4550,171483
4971,13313,58872,0,0,0,4778,171483
4972,13713,58612,0,0,0,4953,171483
4973,14348,58199,0,0,0,5063,171483
4974,15177,57660,0,0,0,5100,171483
4975,16141,57033,218780,157522,61258,5063,171483
4976,17177,56360,422651,304309,118342,4953,171483
4977,18212,55687,597718,430357,167361,4778,171483
4978,19177,55060,732053,527078,204975,4550,171483
4979,20005,54522,816499,587879,228620,4285,171483
4980,20641,54108,845302,608617,236684,4000,171483
4981,21040,53849,816499,587879,228620,3715,171483
4982,21177,53760,732053,527078,204975,3450,171483
4983,21040,53849,597718,430357,167361,3222,171483
4984,20641,54108,422651,304309,118342,3047,171483
4985,20005,54522,218780,157522,61258,2937,171483
4986,19177,55060,0,0,0,2900,171483
4987,18212,55687,0,0,0,2937,171483
4988,17177,56360,0,0,0,3047,171483
4989,16141,57033,0,0,0,3222,171483
4990,15177,57660,0,0,0,3450,171483
4991,14348,58199,0,0,0,3715,171483
4992,13610,58679,0,0,0,4000,155252
4993,13210,58939,0,0,0,4285,155252
4994,13074,59027,0,0,0,4550,155252
4995,13210,58939,0,0,0,4778,155252
4996,13610,58679,0,0,0,4953,155252
4997,14245,58266,0,0,0,5063,155252
4998,15074,57727,0,0,0,5100,155252
4999,16038,57100,217980,156945,61034,5063,155252
5000,17074,56427,421105,303195,117909,4953,155252
5001,18109,55754,595532,428783,166749,4778,155252
5002,19074,55127,729375,525150,204225,4550,155252
5003,19902,54589,813512,585729,227783,4285,155252
5004,20538,54175,842209,606391,235819,4000,155252
5005,20937,53916,813512,585729,227783,3715,155252
5006,21074,53827,729375,525150,204225,3450,155252
5007,20937,53916,595532,428783,166749,3222,155252
5008,20538,54175,421105,303195,117909,3047,155252
5009,19902,54589,217980,156945,61034,2937,155252
5010,19074,55127,0,0,0,2900,155252
5011,18109,55754,0,0,0,2937,155252
5012,17074,56427,0,0,0,3047,155252
5013,16038,57100,0,0,0,3222,155252
5014,15074,57727,0,0,0,3450,155252
5015,14245,58266,0,0,0,3715,155252
5016,13504,58747,0,0,0,4000,161045
5017,13104,59007,0,0,0,4285,161045
5018,12968,59096,0,0,0,4550,161045
5019,13104,59007,0,0,0,4778,161045
5020,13504,58747,0,0,0,4953,161045
5021,14140,58334,0,0,0,5063,161045
5022,14968,57796,0,0,0,5100,161045
5023,15933,57169,217160,156355,60805,5063,161045
5024,16968,56496,419521,302055,117466,4953,161045
5025,18003,55823,593292,427170,166122,4778,161045
5026,18968,55196,726631,523174,203457,4550,161045
5027,19796,54657,810452,583525,226926,4285,161045
5028,20432,54244,839041,604110,234932,4000,161045
5029,20832,53984,810452,583525,226926,3715,161045
5030,20968,53896,726631,523174,203457,3450,161045
5031,20832,53984,593292,427170,166122,3222,161045
5032,20432,54244,419521,302055,117466,3047,161045
5033,19796,54657,217160,156355,60805,2937,161045
5034,18968,55196,0,0,0,2900,161045
5035,18003,55823,0,0,0,2937,161045
5036,16968,56496,0,0,0,3047,161045
5037,15933,57169,0,0,0,3222,161045
5038,14968,57796,0,0,0,3450,161045
5039,14140,58334,0,0,0,3715,161045
5040,13396,58818,0,0,0,4000,184500
5041,12996,59077,0,0,0,4285,184500
5042,12860,59166,0,0,0,4550,184500
5043,12996,59077,0,0,0,4778,184500
5044,13396,58818,0,0,0,4953,184500
5045,14031,58405,0,0,0,5063,184500
5046,14860,57866,0,0,0,5100,184500
5047,15825,57239,216320,155751,60570,5063,184500
5048,16860,56566,417899,300887,117012,4953,184500
5049,17895,55893,590998,425519,165479,4778,184500
5050,18860,55266,723822,521152,202670,4550,184500
5051,19688,54728,807318,581269,226049,4285,184500
5052,20324,54314,835798,601774,234023,4000,184500
5053,20724,54055,807318,581269,226049,3715,184500
5054,20860,53966,723822,521152,202670,3450,184500
5055,20724,54055,590998,425519,165479,3222,184500
5056,20324,54314,417899,300887,117012,3047,184500
5057,19688,54728,216320,155751,60570,2937,184500
5058,18860,55266,0,0,0,2900,184500
5059,17895,55893,0,0,0,2937,184500
5060,16860,56566,0,0,0,3047,184500
5061,15825,57239,0,0,0,3222,184500
5062,14860,57866,0,0,0,3450,184500
5063,14031,58405,0,0,0,3715,184500
5064,13285,58890,0,0,0,4000,207955
5065,12886,59149,0,0,0,4285,207955
5066,12749,59238,0,0,0,4550,207955
5067,12886,59149,0,0,0,4778,207955
5068,13285,58890,0,0,0,4953,207955
5069,13921,58476,0,0,0,5063,207955
5070,14749,57938,0,0,0,5100,207955
5071,15714,57311,215462,155132,60329,5063,207955
5072,16749,56638,416240,299693,116547,4953,207955
5073,17785,55965,588652,423829,164823,4778,207955
5074,18749,55338,720949,519083,201866,4550,207955
5075,19578,54799,804114,578962,225152,4285,207955
5076,20213,54386,832480,599385,233094,4000,207955
5077,20613,54127,804114,578962,225152,3715,207955
5078,20749,54038,720949,519083,201866,3450,207955
5079,20613,54127,588652,423829,164823,3222,207955
5080,20213,54386,416240,299693,116547,3047,207955
5081,19578,54799,215462,155132,60329,2937,207955
5082,18749,55338,0,0,0,2900,207955
5083,17785,55965,0,0,0,2937,207955
5084,16749,56638,0,0,0,3047,207955
5085,15714,57311,0,0,0,3222,207955
5086,14749,57938,0,0,0,3450,207955
5087,13921,58476,0,0,0,3715,207955
5088,13172,58963,0,0,0,4000,213748
5089,12773,59223,0,0,0,4285,213748
5090,12636,59311,0,0,0,4550,213748
5091,12773,59223,0,0,0,4778,213748
5092,13172,58963,0,0,0,4953,213748
5093,13808,58550,0,0,0,5063,213748
5094,14636,58011,0,0,0,5100,213748
5095,15601,57384,214584,154500,60083,5063,213748
5096,16636,56711,414544,298472,116072,4953,213748
5097,17672,56038,586254,422103,164151,4778,213748
5098,18636,55411,718012,516968,201043,4550,213748
5099,19465,54873,800838,576603,224235,4285,213748
5100,20100,54460,829088,596944,232145,4000,213748
5101,20500,54200,800838,576603,224235,3715,213748
5102,20636,54111,718012,516968,201043,3450,213748
5103,20500,54200,586254,422103,164151,3222,213748
5104,20100,54460,414544,298472,116072,3047,213748
5105,19465,54873,214584,154500,60083,2937,213748
5106,18636,55411,0,0,0,2900,213748
5107,17672,56038,0,0,0,2937,213748
5108,16636,56711,0,0,0,3047,213748
5109,15601,57384,0,0,0,3222,213748
5110,14636,58011,0,0,0,3450,213748
5111,13808,58550,0,0,0,3715,213748
5112,13057,59038,0,0,0,4000,197517
5113,12657,59298,0,0,0,4285,197517
5114,12521,59386,0,0,0,4550,197517
5115,12657,59298,0,0,0,4778,197517
5116,13057,59038,0,0,0,4953,197517
5117,13692,58625,0,0,0,5063,197517
5118,14521,58086,0,0,0,5100,197517
5119,15486,57459,213687,153855,59832,5063,197517
5120,16521,56786,412812,297225,115587,4953,197517
5121,17556,56114,583805,420340,163465,4778,197517
5122,18521,55486,715012,514809,200203,4550,197517
5123,19349,54948,797492,574195,223298,4285,197517
5124,19985,54535,825625,594450,231175,4000,197517
5125,20385,54275,797492,574195,223298,3715,197517
5126,20521,54186,715012,514809,200203,3450,197517
5127,20385,54275,583805,420340,163465,3222,197517
5128,19985,54535,412812,297225,115587,3047,197517
5129,19349,54948,213687,153855,59832,2937,197517
5130,18521,55486,0,0,0,2900,197517
5131,17556,56114,0,0,0,2937,197517
5132,16521,56786,0,0,0,3047,197517
5133,15486,57459,0,0,0,3222,197517
5134,14521,58086,0,0,0,3450,197517
5135,13692,58625,0,0,0,3715,197517
5136,12939,59115,0,0,0,4000,171483
5137,12539,59374,0,0,0,4285,171483
5138,12403,59463,0,0,0,4550,171483
5139,12539,59374,0,0,0,4778,171483
5140,12939,59115,0,0,0,4953,171483
5141,13575,58702,0,0,0,5063,171483
5142,14403,58163,0,0,0,5100,171483
5143,15368,57536,212773,153196,59576,5063,171483
5144,16403,56863,411045,295952,115093,4953,171483
5145,17438,56190,581305,418540,162766,4778,171483
5146,18403,55563,711951,512605,199346,4550,171483
5147,19231,55025,794078,571736,222342,4285,171483
5148,19867,54611,822090,591905,230185,4000,171483
5149,20267,54352,794078,571736,222342,3715,171483
5150,20403,54263,711951,512605,199346,3450,171483
5151,20267,54352,581305,418540,162766,3222,171483
5152,19867,54611,411045,295952,115093,3047,171483
5153,19231,55025,212773,153196,59576,2937,171483
5154,18403,55563,0,0,0,2900,171483
5155,17438,56190,0,0,0,2937,171483
5156,16403,56863,0,0,0,3047,171483
5157,15368,57536,0,0,0,3222,171483
5158,14403,58163,0,0,0,3450,171483
5159,13575,58702,0,0,0,3715,171483
5160,12819,59193,0,0,0,4000,155252
5161,12419,59453,0,0,0,4285,155252
5162,12283,59541,0,0,0,4550,155252
5163,12419,59453,0,0,0,4778,155252
5164,12819,59193,0,0,0,4953,155252
5165,13454,58780,0,0,0,5063,155252
5166,14283,58241,0,0,0,5100,155252
5167,15248,57614,211839,152524,59315,5063,155252
5168,16283,56941,409242,294655,114588,4953,155252
5169,17318,56268,578756,416704,162052,4778,155252
5170,18283,55641,708829,510357,198472,4550,155252
5171,19111,55103,790596,569229,221367,4285,155252
5172,19747,54689,818485,589309,229176,4000,155252
5173,20147,54430,790596,569229,221367,3715,155252
5174,20283,54341,708829,510357,198472,3450,155252
5175,20147,54430,578756,416704,162052,3222,155252
5176,19747,54689,409242,294655,114588,3047,155252
5177,19111,55103,211839,152524,59315,2937,155252
5178,18283,55641,0,0,0,2900,155252
5179,17318,56268,0,0,0,2937,155252
5180,16283,56941,0,0,0,3047,155252
5181,15248,57614,0,0,0,3222,155252
5182,14283,58241,0,0,0,3450,155252
5183,13454,58780,0,0,0,3715,155252
5184,12696,59272,0,0,0,4000,161045
5185,12297,59532,0,0,0,4285,161045
5186,12160,59621,0,0,0,4550,161045
5187,12297,59532,0,0,0,4778,161045
5188,12696,59272,0,0,0,4953,161045
5189,13332,58859,0,0,0,5063,161045
5190,14160,58321,0,0,0,5100,161045
5191,15125,57694,210889,151840,59049,5063,161045
5192,16160,57021,407405,293332,114073,4953,161045
5193,17196,56348,576158,414834,161324,4778,161045
5194,18160,55721,705647,508066,197581,4550,161045
5195,18989,55182,787047,566674,220373,4285,161045
5196,19624,54769,814811,586664,228147,4000,161045
5197,20024,54509,787047,566674,220373,3715,161045
5198,20160,54421,705647,508066,197581,3450,161045
5199,20024,54509,576158,414834,161324,3222,161045
5200,19624,54769,407405,293332,114073,3047,161045
5201,18989,55182,210889,151840,59049,2937,161045
5202,18160,55721,0,0,0,2900,161045
5203,17196,56348,0,0,0,2937,161045
5204,16160,57021,0,0,0,3047,161045
5205,15125,57694,0,0,0,3222,161045
5206,14160,58321,0,0,0,3450,161045
5207,13332,58859,0,0,0,3715,161045
5208,12572,59354,0,0,0,4000,184500
5209,12172,59613,0,0,0,4285,184500
5210,12036,59702,0,0,0,4550,184500
5211,12172,59613,0,0,0,4778,184500
5212,12572,59354,0,0,0,4953,184500
5213,13207,58940,0,0,0,5063,184500
5214,14036,58402,0,0,0,5100,184500
5215,15000,57775,209920,151142,58778,5063,184500
5216,16036,57102,405534,291985,113550,4953,184500
5217,17071,56429,573512,412929,160583,4778,184500
5218,18036,55802,702406,505732,196674,4550,184500
5219,18864,55263,783432,564071,219361,4285,184500
5220,19500,54850,811068,583969,227099,4000,184500
5221,19899,54590,783432,564071,219361,3715,184500
5222,20036,54502,702406,505732,196674,3450,184500
5223,19899,54590,573512,412929,160583,3222,184500
5224,19500,54850,405534,291985,113550,3047,184500
5225,18864,55263,209920,151142,58778,2937,184500
5226,18036,55802,0,0,0,2900,184500
5227,17071,56429,0,0,0,2937,184500
5228,16036,57102,0,0,0,3047,184500
5229,15000,57775,0,0,0,3222,184500
5230,14036,58402,0,0,0,3450,184500
5231,13207,58940,0,0,0,3715,184500
5232,12445,59436,0,0,0,4000,207955
5233,12045,59696,0,0,0,4285,207955
5234,11909,59784,0,0,0,4550,207955
5235,12045,59696,0,0,0,4778,207955
5236,12445,59436,0,0,0,4953,207955
5237,13080,59023,0,0,0,5063,207955
5238,13909,58484,0,0,0,5100,207955
5239,14873,57857,208934,150432,58502,5063,207955
5240,15909,57184,403629,290613,113016,4953,207955
5241,16944,56511,570818,410989,159829,4778,207955
5242,17909,55884,699107,503357,195750,4550,207955
5243,18737,55346,779752,561422,218331,4285,207955
5244,19373,54933,807259,581226,226032,4000,207955
5245,19772,54673,779752,561422,218331,3715,207955
5246,19909,54584,699107,503357,195750,3450,207955
5247,19772,54673,570818,410989,159829,3222,207955
5248,19373,54933,403629,290613,113016,3047,207955
5249,18737,55346,208934,150432,58502,2937,207955
5250,17909,55884,0,0,0,2900,207955
5251,16944,56511,0,0,0,2937,207955
5252,15909,57184,0,0,0,3047,207955
5253,14873,57857,0,0,0,3222,207955
5254,13909,58484,0,0,0,3450,207955
5255,13080,59023,0,0,0,3715,207955
5256,12315,59520,0,0,0,4000,213748
5257,11916,59780,0,0,0,4285,213748
5258,11779,59868,0,0,0,4550,213748
5259,11916,59780,0,0,0,4778,213748
5260,12315,59520,0,0,0,4953,213748
5261,12951,59107,0,0,0,5063,213748
5262,13779,58568,0,0,0,5100,213748
5263,14744,57941,207931,149710,58221,5063,213748
5264,15779,57268,401692,289218,112474,4953,213748
5265,16815,56595,568078,409016,159062,4778,213748
5266,17779,55968,695751,500940,194810,4550,213748
5267,18608,55430,776009,558726,217283,4285,213748
5268,19244,55017,803384,578436,224947,4000,213748
5269,19643,54757,776009,558726,217283,3715,213748
5270,19779,54668,695751,500940,194810,3450,213748
5271,19643,54757,568078,409016,159062,3222,213748
5272,19244,55017,401692,289218,112474,3047,213748
5273,18608,55430,207931,149710,58221,2937,213748
5274,17779,55968,0,0,0,2900,213748
5275,16815,56595,0,0,0,2937,213748
5276,15779,57268,0,0,0,3047,213748
5277,14744,57941,0,0,0,3222,213748
5278,13779,58568,0,0,0,3450,213748
5279,12951,59107,0,0,0,3715,213748
5280,12184,59605,0,0,0,4000,197517
5281,11784,59865,0,0,0,4285,197517
5282,11648,59954,0,0,0,4550,197517
5283,11784,59865,0,0,0,4778,197517
5284,12184,59605,0,0,0,4953,197517
5285,12820,59192,0,0,0,5063,197517
5286,13648,58654,0,0,0,5100,197517
5287,14613,58027,206911,148976,57935,5063,197517
5288,15648,57354,399722,287800,111922,4953,197517
5289,16683,56681,565292,407010,158282,4778,197517
5290,17648,56054,692338,498484,193855,4550,197517
5291,18477,55515,772203,555986,216217,4285,197517
5292,19112,55102,799444,575599,223844,4000,197517
5293,19512,54842,772203,555986,216217,3715,197517
5294,19648,54754,692338,498484,193855,3450,197517
5295,19512,54842,565292,407010,158282,3222,197517
5296,19112,55102,399722,287800,111922,3047,197517
5297,18477,55515,206911,148976,57935,2937,197517
5298,17648,56054,0,0,0,2900,197517
5299,16683,56681,0,0,0,2937,197517
5300,15648,57354,0,0,0,3047,197517
5301,14613,58027,0,0,0,3222,197517
5302,13648,58654,0,0,0,3450,197517
5303,12820,59192,0,0,0,3715,197517
5304,12051,59692,0,0,0,4000,171483
5305,11651,59952,0,0,0,4285,171483
5306,11515,60040,0,0,0,4550,171483
5307,11651,59952,0,0,0,4778,171483
5308,12051,59692,0,0,0,4953,171483
5309,12686,59279,0,0,0,5063,171483
5310,13515,58740,0,0,0,5100,171483
5311,14479,58113,205875,148230,57645,5063,171483
5312,15515,57440,397720,286358,111362,4953,171483
5313,16550,56768,562461,404972,157489,4778,171483
5314,17515,56140,688871,495987,192884,4550,171483
5315,18343,55602,768336,553202,215134,4285,171483
5316,18979,55189,795440,572717,222723,4000,171483
5317,19378,54929,768336,553202,215134,3715,171483
5318,19515,54840,688871,495987,192884,3450,171483
5319,19378,54929,562461,404972,157489,3222,171483
5320,18979,55189,397720,286358,111362,3047,171483
5321,18343,55602,205875,148230,57645,2937,171483
5322,17515,56140,0,0,0,2900,171483
5323,16550,56768,0,0,0,2937,171483
5324,15515,57440,0,0,0,3047,171483
5325,14479,58113,0,0,0,3222,171483
5326,13515,58740,0,0,0,3450,171483
5327,12686,59279,0,0,0,3715,171483
5328,11915,59780,0,0,0,4000,155252
5329,11515,60040,0,0,0,4285,155252
5330,11379,60129,0,0,0,4550,155252
5331,11515,60040,0,0,0,4778,155252
5332,11915,59780,0,0,0,4953,155252
5333,12551,59367,0,0,0,5063,155252
5334,13379,58829,0,0,0,5100,155252
5335,14344,58201,204823,147472,57350,5063,155252
5336,15379,57529,395687,284895,110792,4953,155252
5337,16414,56856,559586,402902,156684,4778,155252
5338,17379,56229,685350,493452,191898,4550,155252
5339,18208,55690,764409,550374,214034,4285,155252
5340,18843,55277,791374,569789,221585,4000,155252
5341,19243,55017,764409,550374,214034,3715,155252
5342,19379,54929,685350,493452,191898,3450,155252
5343,19243,55017,559586,402902,156684,3222,155252
5344,18843,55277,395687,284895,110792,3047,155252
5345,18208,55690,204823,147472,57350,2937,155252
5346,17379,56229,0,0,0,2900,155252
5347,16414,56856,0,0,0,2937,155252
5348,15379,57529,0,0,0,3047,155252
5349,14344,58201,0,0,0,3222,155252
5350,13379,58829,0,0,0,3450,155252
5351,12551,59367,0,0,0,3715,155252
5352,11777,59870,0,0,0,4000,161045
5353,11378,60129,0,0,0,4285,161045
5354,11242,60218,0,0,0,4550,161045
5355,11378,60129,0,0,0,4778,161045
5356,11777,59870,0,0,0,4953,161045
5357,12413,59456,0,0,0,5063,161045
5358,13242,58918,0,0,0,5100,161045
5359,14206,58291,203755,146703,57051,5063,161045
5360,15242,57618,393624,283409,110215,4953,161045
5361,16277,56945,556668,400801,155867,4778,161045
5362,17242,56318,681776,490879,190897,4550,161045
5363,18070,55779,760422,547504,212918,4285,161045
5364,18706,55366,787247,566818,220429,4000,161045
5365,19105,55107,760422,547504,212918,3715,161045
5366,19242,55018,681776,490879,190897,3450,161045
5367,19105,55107,556668,400801,155867,3222,161045
5368,18706,55366,393624,283409,110215,3047,161045
5369,18070,55779,203755,146703,57051,2937,161045
5370,17242,56318,0,0,0,2900,161045
5371,16277,56945,0,0,0,2937,161045
5372,15242,57618,0,0,0,3047,161045
5373,14206,58291,0,0,0,3222,161045
5374,13242,58918,0,0,0,3450,161045
5375,12413,59456,0,0,0,3715,161045
5376,11638,59960,0,0,0,4000,184500
5377,11238,60220,0,0,0,4285,184500
5378,11102,60309,0,0,0,4550,184500
5379,11238,60220,0,0,0,4778,184500
5380,11638,59960,0,0,0,4953,184500
5381,12274,59547,0,0,0,5063,184500
5382,13102,59009,0,0,0,5100,184500
5383,14067,58382,202671,145923,56748,5063,184500
5384,15102,57709,391530,281902,109628,4953,184500
5385,16137,57036,553707,398669,155038,4778,184500
5386,17102,56409,678150,488268,189882,4550,184500
5387,17930,55870,756378,544592,211786,4285,184500
5388,18566,55457,783060,563803,219257,4000,184500
5389,18966,55197,756378,544592,211786,3715,184500
5390,19102,55109,678150,488268,189882,3450,184500
5391,18966,55197,553707,398669,155038,3222,184500
5392,18566,55457,391530,281902,109628,3047,184500
5393,17930,55870,202671,145923,56748,2937,184500
5394,17102,56409,0,0,0,2900,184500
5395,16137,57036,0,0,0,2937,184500
5396,15102,57709,0,0,0,3047,184500
5397,14067,58382,0,0,0,3222,184500
5398,13102,59009,0,0,0,3450,184500
5399,12274,59547,0,0,0,3715,184500
5400,11496,60052,0,0,0,4000,207955
5401,11097,60312,0,0,0,4285,207955
5402,10960,60401,0,0,0,4550,207955
5403,11097,60312,0,0,0,4778,207955
5404,11496,60052,0,0,0,4953,207955
5405,12132,59639,0,0,0,5063,207955
5406,12960,59101,0,0,0,5100,207955
5407,13925,58474,201572,145132,56440,5063,207955
5408,14960,57801,389407,280373,109034,4953,207955
5409,15996,57128,550705,396508,154197,4778,207955
5410,16960,56501,674473,485621,188853,4550,207955
5411,17789,55962,752277,541640,210638,4285,207955
5412,18425,55549,778815,560747,218068,4000,207955
5413,18824,55289,752277,541640,210638,3715,207955
5414,18960,55201,674473,485621,188853,3450,207955
5415,18824,55289,550705,396508,154197,3222,207955
5416,18425,55549,389407,280373,109034,3047,207955
5417,17789,55962,201572,145132,56440,2937,207955
5418,16960,56501,0,0,0,2900,207955
5419,15996,57128,0,0,0,2937,207955
5420,14960,57801,0,0,0,3047,207955
5421,13925,58474,0,0,0,3222,207955
5422,12960,59101,0,0,0,3450,207955
5423,12132,59639,0,0,0,3715,207955
5424,11353,60146,0,0,0,4000,213748
5425,10953,60405,0,0,0,4285,213748
5426,10817,60494,0,0,0,4550,213748
5427,10953,60405,0,0,0,4778,213748
5428,11353,60146,0,0,0,4953,213748
5429,11989,59732,0,0,0,5063,213748
5430,12817,59194,0,0,0,5100,213748
5431,13782,58567,200458,144330,56128,5063,213748
5432,14817,57894,387256,278824,108432,4953,213748
5433,15852,57221,547662,394317,153345,4778,213748
5434,16817,56594,670747,482938,187809,4550,213748
5435,17645,56055,748121,538647,209474,4285,213748
5436,18281,55642,774512,557648,216863,4000,213748
5437,18681,55383,748121,538647,209474,3715,213748
5438,18817,55294,670747,482938,187809,3450,213748
5439,18681,55383,547662,394317,153345,3222,213748
5440,18281,55642,387256,278824,108432,3047,213748
5441,17645,56055,200458,144330,56128,2937,213748
5442,16817,56594,0,0,0,2900,213748
5443,15852,57221,0,0,0,2937,213748
5444,14817,57894,0,0,0,3047,213748
5445,13782,58567,0,0,0,3222,213748
5446,12817,59194,0,0,0,3450,213748
5447,11989,59732,0,0,0,3715,213748
5448,11208,60240,0,0,0,4000,197517
5449,10808,60500,0,0,0,4285,197517
5450,10672,60588,0,0,0,4550,197517
5451,10808,60500,0,0,0,4778,197517
5452,11208,60240,0,0,0,4953,197517
5453,11843,59827,0,0,0,5063,197517
5454,12672,59288,0,0,0,5100,197517
5455,13636,58661,199330,143518,55812,5063,197517
5456,14672,57988,385076,277255,107821,4953,197517
5457,15707,57315,544580,392098,152482,4778,197517
5458,16672,56688,666972,480219,186752,4550,197517
5459,17500,56150,743910,535615,208295,4285,197517
5460,18136,55737,770152,554510,215643,4000,197517
5461,18535,55477,743910,535615,208295,3715,197517
5462,18672,55388,666972,480219,186752,3450,197517
5463,18535,55477,544580,392098,152482,3222,197517
5464,18136,55737,385076,277255,107821,3047,197517
5465,17500,56150,199330,143518,55812,2937,197517
5466,16672,56688,0,0,0,2900,197517
5467,15707,57315,0,0,0,2937,197517
5468,14672,57988,0,0,0,3047,197517
5469,13636,58661,0,0,0,3222,197517
5470,12672,59288,0,0,0,3450,197517
5471,11843,59827,0,0,0,3715,197517
5472,11061,60336,0,0,0,4000,171483
5473,10661,60595,0,0,0,4285,171483
5474,10525,60684,0,0,0,4550,171483
5475,10661,60595,0,0,0,4778,171483
5476,11061,60336,0,0,0,4953,171483
5477,11696,59922,0,0,0,5063,171483
5478,12525,59384,0,0,0,5100,171483
5479,13489,58757,198188,142695,55493,5063,171483
5480,14525,58084,382869,275666,107203,4953,171483
5481,15560,57411,541459,389850,151608,4778,171483
5482,16525,56784,663149,477467,185682,4550,171483
5483,17353,56246,739646,532545,207101,4285,171483
5484,17989,55832,765738,551332,214407,4000,171483
5485,18388,55573,739646,532545,207101,3715,171483
5486,18525,55484,663149,477467,185682,3450,171483
5487,18388,55573,541459,389850,151608,3222,171483
5488,17989,55832,382869,275666,107203,3047,171483
5489,17353,56246,198188,142695,55493,2937,171483
5490,16525,56784,0,0,0,2900,171483
5491,15560,57411,0,0,0,2937,171483
5492,14525,58084,0,0,0,3047,171483
5493,13489,58757,0,0,0,3222,171483
5494,12525,59384,0,0,0,3450,171483
5495,11696,59922,0,0,0,3715,171483
5496,10912,60432,0,0,0,4000,155252
5497,10512,60692,0,0,0,4285,155252
5498,10376,60781,0,0,0,4550,155252
5499,10512,60692,0,0,0,4778,155252
5500,10912,60432,0,0,0,4953,155252
5501,11547,60019,0,0,0,5063,155252
5502,12376,59481,0,0,0,5100,155252
5503,13340,58854,197031,141863,55169,5063,155252
5504,14376,58181,380635,274057,106578,4953,155252
5505,15411,57508,538300,387576,150724,4778,155252
5506,16376,56881,659280,474681,184598,4550,155252
5507,17204,56342,735331,529438,205893,4285,155252
5508,17840,55929,761271,548115,213156,4000,155252
5509,18239,55669,735331,529438,205893,3715,155252
5510,18376,55581,659280,474681,184598,3450,155252
5511,18239,55669,538300,387576,150724,3222,155252
5512,17840,55929,380635,274057,106578,3047,155252
5513,17204,56342,197031,141863,55169,2937,155252
5514,16376,56881,0,0,0,2900,155252
5515,15411,57508,0,0,0,2937,155252
5516,14376,58181,0,0,0,3047,155252
5517,13340,58854,0,0,0,3222,155252
5518,12376,59481,0,0,0,3450,155252
5519,11547,60019,0,0,0,3715,155252
5520,10761,60530,0,0,0,4000,161045
5521,10361,60790,0,0,0,4285,161045
5522,10225,60879,0,0,0,4550,161045
5523,10361,60790,0,0,0,4778,161045
5524,10761,60530,0,0,0,4953,161045
5525,11397,60117,0,0,0,5063,161045
5526,12225,59579,0,0,0,5100,161045
5527,13190,58952,195862,141020,54841,5063,161045
5528,14225,58279,378375,272430,105945,4953,161045
5529,15260,57606,535104,385275,149829,4778,161045
5530,16225,56979,655365,471863,183502,4550,161045
5531,17053,56440,730965,526295,204670,4285,161045
5532,17689,56027,756751,544861,211890,4000,161045
5533,18089,55767,730965,526295,204670,3715,161045
5534,18225,55679,655365,471863,183502,3450,161045
5535,18089,55767,535104,385275,149829,3222,161045
5536,17689,56027,378375,272430,105945,3047,161045
5537,17053,56440,195862,141020,54841,2937,161045
5538,16225,56979,0,0,0,2900,161045
5539,15260,57606,0,0,0,2937,161045
5540,14225,58279,0,0,0,3047,161045
5541,13190,58952,0,0,0,3222,161045
5542,12225,59579,0,0,0,3450,161045
5543,11397,60117,0,0,0,3715,161045
5544,10609,60629,0,0,0,4000,184500
5545,10209,60889,0,0,0,4285,184500
5546,10073,60978,0,0,0,4550,184500
5547,10209,60889,0,0,0,4778,184500
5548,10609,60629,0,0,0,4953,184500
5549,11244,60216,0,0,0,5063,184500
5550,12073,59678,0,0,0,5100,184500
5551,13037,59051,194679,140169,54510,5063,184500
5552,14073,58378,376090,270785,105305,4953,184500
5553,15108,57705,531872,382948,148924,4778,184500
5554,16073,57078,651407,469013,182394,4550,184500
5555,16901,56539,726550,523116,203434,4285,184500
5556,17537,56126,752180,541570,210610,4000,184500
5557,17936,55866,726550,523116,203434,3715,184500
5558,18073,55778,651407,469013,182394,3450,184500
5559,17936,55866,531872,382948,148924,3222,184500
5560,17537,56126,376090,270785,105305,3047,184500
5561,16901,56539,194679,140169,54510,2937,184500
5562,16073,57078,0,0,0,2900,184500
5563,15108,57705,0,0,0,2937,184500
5564,14073,58378,0,0,0,3047,184500
5565,13037,59051,0,0,0,3222,184500
5566,12073,59678,0,0,0,3450,184500
5567,11244,60216,0,0,0,3715,184500
5568,10455,60730,0,0,0,4000,207955
5569,10055,60989,0,0,0,4285,207955
5570,9919,61078,0,0,0,4550,207955
5571,10055,60989,0,0,0,4778,207955
5572,10455,60730,0,0,0,4953,207955
5573,11090,60316,0,0,0,5063,207955
5574,11919,59778,0,0,0,5100,207955
5575,12883,59151,193483,139308,54175,5063,207955
5576,13919,58478,373780,269121,104658,4953,207955
5577,14954,57805,528605,380595,148009,4778,207955
5578,15919,57178,647406,466132,181274,4550,207955
5579,16747,56639,722087,519903,202184,4285,207955
5580,17383,56226,747560,538243,209317,4000,207955
5581,17782,55966,722087,519903,202184,3715,207955
5582,17919,55878,647406,466132,181274,3450,207955
5583,17782,55966,528605,380595,148009,3222,207955
5584,17383,56226,373780,269121,104658,3047,207955
5585,16747,56639,193483,139308,54175,2937,207955
5586,15919,57178,0,0,0,2900,207955
5587,14954,57805,0,0,0,2937,207955
5588,13919,58478,0,0,0,3047,207955
5589,12883,59151,0,0,0,3222,207955
5590,11919,59778,0,0,0,3450,207955
5591,11090,60316,0,0,0,3715,207955
5592,10299,60831,0,0,0,4000,213748
5593,9899,61090,0,0,0,4285,213748
5594,9763,61179,0,0,0,4550,213748
5595,9899,61090,0,0,0,4778,213748
5596,10299,60831,0,0,0,4953,213748
5597,10935,60418,0,0,0,5063,213748
5598,11763,59879,0,0,0,5100,213748
5599,12728,59252,192274,138438,53837,5063,213748
5600,13763,58579,371446,267441,104005,4953,213748
5601,14798,57906,525303,378218,147085,4778,213748
5602,15763,57279,643363,463221,180142,4550,213748
5603,16591,56741,717578,516656,200922,4285,213748
5604,17227,56327,742891,534882,208010,4000,213748
5605,17627,56068,717578,516656,200922,3715,213748
5606,17763,55979,643363,463221,180142,3450,213748
5607,17627,56068,525303,378218,147085,3222,213748
5608,17227,56327,371446,267441,104005,3047,213748
5609,16591,56741,192274,138438,53837,2937,213748
5610,15763,57279,0,0,0,2900,213748
5611,14798,57906,0,0,0,2937,213748
5612,13763,58579,0,0,0,3047,213748
5613,12728,59252,0,0,0,3222,213748
5614,11763,59879,0,0,0,3450,213748
5615,10935,60418,0,0,0,3715,213748
5616,10142,60933,0,0,0,4000,197517
5617,9742,61193,0,0,0,4285,197517
5618,9606,61281,0,0,0,4550,197517
5619,9742,61193,0,0,0,4778,197517
5620,10142,60933,0,0,0,4953,197517
5621,10777,60520,0,0,0,5063,197517
5622,11606,59981,0,0,0,5100,197517
5623,12571,59354,191054,137559,53495,5063,197517
5624,13606,58681,369088,265743,103345,4953,197517
5625,14641,58008,521969,375818,146151,4778,197517
5626,15606,57381,639279,460281,178998,4550,197517
5627,16434,56843,713023,513377,199646,4285,197517
5628,17070,56430,738176,531487,206689,4000,197517
5629,17470,56170,713023,513377,199646,3715,197517
5630,17606,56081,639279,460281,178998,3450,197517
5631,17470,56170,521969,375818,146151,3222,197517
5632,17070,56430,369088,265743,103345,3047,197517
5633,16434,56843,191054,137559,53495,2937,197517
5634,15606,57381,0,0,0,2900,197517
5635,14641,58008,0,0,0,2937,197517
5636,13606,58681,0,0,0,3047,197517
5637,12571,59354,0,0,0,3222,197517
5638,11606,59981,0,0,0,3450,197517
5639,10777,60520,0,0,0,3715,197517
5640,9983,61036,0,0,0,4000,171483
5641,9583,61296,0,0,0,4285,171483
5642,9447,61384,0,0,0,4550,171483
5643,9583,61296,0,0,0,4778,171483
5644,9983,61036,0,0,0,4953,171483
5645,10619,60623,0,0,0,5063,171483
5646,11447,60084,0,0,0,5100,171483
5647,12412,59457,189822,136672,53150,5063,171483
5648,13447,58784,366708,264029,102678,4953,171483
5649,14482,58111,518603,373394,145209,4778,171483
5650,15447,57484,635156,457312,177844,4550,171483
5651,16276,56946,708425,510066,198359,4285,171483
5652,16911,56533,733415,528059,205356,4000,171483
5653,17311,56273,708425,510066,198359,3715,171483
5654,17447,56184,635156,457312,177844,3450,171483
5655,17311,56273,518603,373394,145209,3222,171483
5656,16911,56533,366708,264029,102678,3047,171483
5657,16276,56946,189822,136672,53150,2937,171483
5658,15447,57484,0,0,0,2900,171483
5659,14482,58111,0,0,0,2937,171483
5660,13447,58784,0,0,0,3047,171483
5661,12412,59457,0,0,0,3222,171483
5662,11447,60084,0,0,0,3450,171483
5663,10619,60623,0,0,0,3715,171483
5664,9823,61140,0,0,0,4000,155252
5665,9423,61400,0,0,0,4285,155252
5666,9287,61488,0,0,0,4550,155252
5667,9423,61400,0,0,0,4778,155252
5668,9823,61140,0,0,0,4953,155252
5669,10459,60727,0,0,0,5063,155252
5670,11287,60188,0,0,0,5100,155252
5671,12252,59561,188578,135776,52802,5063,155252
5672,13287,58888,364305,262300,102005,4953,155252
5673,14322,58216,515206,370948,144258,4778,155252
5674,15287,57588,630995,454317,176679,4550,155252
5675,16115,57050,703784,506724,197059,4285,155252
5676,16751,56637,728611,524600,204011,4000,155252
5677,17151,56377,703784,506724,197059,3715,155252
5678,17287,56288,630995,454317,176679,3450,155252
5679,17151,56377,515206,370948,144258,3222,155252
5680,16751,56637,364305,262300,102005,3047,155252
5681,16115,57050,188578,135776,52802,2937,155252
5682,15287,57588,0,0,0,2900,155252
5683,14322,58216,0,0,0,2937,155252
5684,13287,58888,0,0,0,3047,155252
5685,12252,59561,0,0,0,3222,155252
5686,11287,60188,0,0,0,3450,155252
5687,10459,60727,0,0,0,3715,155252
5688,9661,61245,0,0,0,4000,161045
5689,9262,61505,0,0,0,4285,161045
5690,9125,61593,0,0,0,4550,161045
5691,9262,61505,0,0,0,4778,161045
5692,9661,61245,0,0,0,4953,161045
5693,10297,60832,0,0,0,5063,161045
5694,11125,60293,0,0,0,5100,161045
5695,12090,59666,187324,134873,52451,5063,161045
5696,13125,58993,361882,260555,101327,4953,161045
5697,14161,58321,511778,368480,143298,4778,161045
5698,15125,57693,626798,451294,175503,4550,161045
5699,15954,57155,699102,503353,195748,4285,161045
5700,16590,56742,723763,521110,202654,4000,161045
5701,16989,56482,699102,503353,195748,3715,161045
5702,17125,56393,626798,451294,175503,3450,161045
5703,16989,56482,511778,368480,143298,3222,161045
5704,16590,56742,361882,260555,101327,3047,161045
5705,15954,57155,187324,134873,52451,2937,161045
5706,15125,57693,0,0,0,2900,161045
5707,14161,58321,0,0,0,2937,161045
5708,13125,58993,0,0,0,3047,161045
5709,12090,59666,0,0,0,3222,161045
5710,11125,60293,0,0,0,3450,161045
5711,10297,60832,0,0,0,3715,161045
5712,9498,61351,0,0,0,4000,184500
5713,9099,61611,0,0,0,4285,184500
5714,8963,61699,0,0,0,4550,184500
5715,9099,61611,0,0,0,4778,184500
5716,9498,61351,0,0,0,4953,184500
5717,10134,60938,0,0,0,5063,184500
5718,10963,60399,0,0,0,5100,184500
5719,11927,59772,186059,133962,52096,5063,184500
5720,12963,59099,359438,258795,100643,4953,184500
5721,13998,58426,508321,365991,142330,4778,184500
5722,14963,57799,622564,448246,174318,4550,184500
5723,15791,57261,694380,499954,194426,4285,184500
5724,16427,56848,718875,517590,201285,4000,184500
5725,16826,56588,694380,499954,194426,3715,184500
5726,16963,56499,622564,448246,174318,3450,184500
5727,16826,56588,508321,365991,142330,3222,184500
5728,16427,56848,359438,258795,100643,3047,184500
5729,15791,57261,186059,133962,52096,2937,184500
5730,14963,57799,0,0,0,2900,184500
5731,13998,58426,0,0,0,2937,184500
5732,12963,59099,0,0,0,3047,184500
5733,11927,59772,0,0,0,3222,184500
5734,10963,60399,0,0,0,3450,184500
5735,10134,60938,0,0,0,3715,184500
5736,9334,61458,0,0,0,4000,207955
5737,8935,61718,0,0,0,4285,207955
5738,8798,61806,0,0,0,4550,207955
5739,8935,61718,0,0,0,4778,207955
5740,9334,61458,0,0,0,4953,207955
5741,9970,61045,0,0,0,5063,207955
5742,10798,60506,0,0,0,5100,207955
5743,11763,59879,184783,133044,51739,5063,207955
5744,12798,59206,356974,257021,99953,4953,207955
5745,13834,58533,504837,363483,141354,4778,207955
5746,14798,57906,618296,445173,173123,4550,207955
5747,15627,57368,689620,496526,193094,4285,207955
5748,16262,56954,713947,514042,199905,4000,207955
5749,16662,56695,689620,496526,193094,3715,207955
5750,16798,56606,618296,445173,173123,3450,207955
5751,16662,56695,504837,363483,141354,3222,207955
5752,16262,56954,356974,257021,99953,3047,207955
5753,15627,57368,184783,133044,51739,2937,207955
5754,14798,57906,0,0,0,2900,207955
5755,13834,58533,0,0,0,2937,207955
5756,12798,59206,0,0,0,3047,207955
5757,11763,59879,0,0,0,3222,207955
5758,10798,60506,0,0,0,3450,207955
5759,9970,61045,0,0,0,3715,207955
5760,9169,61565,0,0,0,4000,213748
5761,8769,61825,0,0,0,4285,213748
5762,8633,61914,0,0,0,4550,213748
5763,8769,61825,0,0,0,4778,213748
5764,9169,61565,0,0,0,4953,213748
5765,9804,61152,0,0,0,5063,213748
5766,10633,60614,0,0,0,5100,213748
5767,11597,59987,183498,132118,51379,5063,213748
5768,12633,59314,354490,255233,99257,4953,213748
5769,13668,58641,501325,360954,140371,4778,213748
5770,14633,58014,613996,442077,171919,4550,213748
5771,15461,57475,684823,493073,191750,4285,213748
5772,16097,57062,708981,510466,198515,4000,213748
5773,16496,56802,684823,493073,191750,3715,213748
5774,16633,56714,613996,442077,171919,3450,213748
5775,16496,56802,501325,360954,140371,3222,213748
5776,16097,57062,354490,255233,99257,3047,213748
5777,15461,57475,183498,132118,51379,2937,213748
5778,14633,58014,0,0,0,2900,213748
5779,13668,58641,0,0,0,2937,213748
5780,12633,59314,0,0,0,3047,213748
5781,11597,59987,0,0,0,3222,213748
5782,10633,60614,0,0,0,3450,213748
5783,9804,61152,0,0,0,3715,213748
5784,9002,61674,0,0,0,4000,197517
5785,8602,61934,0,0,0,4285,197517
5786,8466,62022,0,0,0,4550,197517
5787,8602,61934,0,0,0,4778,197517
5788,9002,61674,0,0,0,4953,197517
5789,9638,61261,0,0,0,5063,197517
5790,10466,60722,0,0,0,5100,197517
5791,11431,60095,182203,131186,51017,5063,197517
5792,12466,59422,351989,253432,98557,4953,197517
5793,13501,58749,497788,358407,139381,4778,197517
5794,14466,58122,609663,438957,170706,4550,197517
5795,15294,57584,679991,489593,190397,4285,197517
5796,15930,57170,703978,506864,197114,4000,197517
5797,16330,56911,679991,489593,190397,3715,197517
5798,16466,56822,609663,438957,170706,3450,197517
5799,16330,56911,497788,358407,139381,3222,197517
5800,15930,57170,351989,253432,98557,3047,197517
5801,15294,57584,182203,131186,51017,2937,197517
5802,14466,58122,0,0,0,2900,197517
5803,13501,58749,0,0,0,2937,197517
5804,12466,59422,0,0,0,3047,197517
5805,11431,60095,0,0,0,3222,197517
5806,10466,60722,0,0,0,3450,197517
5807,9638,61261,0,0,0,3715,197517
5808,8834,61783,0,0,0,4000,171483
5809,8434,62043,0,0,0,4285,171483
5810,8298,62131,0,0,0,4550,171483
5811,8434,62043,0,0,0,4778,171483
5812,8834,61783,0,0,0,4953,171483
5813,9470,61370,0,0,0,5063,171483
5814,10298,60831,0,0,0,5100,171483
5815,11263,60204,180899,130247,50652,5063,171483
5816,12298,59531,349470,251618,97852,4953,171483
5817,13333,58858,494225,355842,138383,4778,171483
5818,14298,58231,605300,435816,169484,4550,171483
5819,15126,57693,675124,486089,189035,4285,171483
5820,15762,57280,698940,503237,195703,4000,171483
5821,16162,57020,675124,486089,189035,3715,171483
5822,16298,56931,605300,435816,169484,3450,171483
5823,16162,57020,494225,355842,138383,3222,171483
5824,15762,57280,349470,251618,97852,3047,171483
5825,15126,57693,180899,130247,50652,2937,171483
5826,14298,58231,0,0,0,2900,171483
5827,13333,58858,0,0,0,2937,171483
5828,12298,59531,0,0,0,3047,171483
5829,11263,60204,0,0,0,3222,171483
5830,10298,60831,0,0,0,3450,171483
5831,9470,61370,0,0,0,3715,171483
5832,8665,61893,0,0,0,4000,155252
5833,8265,62153,0,0,0,4285,155252
5834,8129,62241,0,0,0,4550,155252
5835,8265,62153,0,0,0,4778,155252
5836,8665,61893,0,0,0,4953,155252
5837,9301,61480,0,0,0,5063,155252
5838,10129,60941,0,0,0,5100,155252
5839,11094,60314,179586,129302,50284,5063,155252
5840,12129,59641,346934,249792,97142,4953,155252
5841,13164,58968,490639,353260,137379,4778,155252
5842,14129,58341,600907,432653,168254,4550,155252
5843,14957,57803,670225,482562,187663,4285,155252
5844,15593,57390,693868,499585,194283,4000,155252
5845,15993,57130,670225,482562,187663,3715,155252
5846,16129,57041,600907,432653,168254,3450,155252
5847,15993,57130,490639,353260,137379,3222,155252
5848,15593,57390,346934,249792,97142,3047,155252
5849,14957,57803,179586,129302,50284,2937,155252
5850,14129,58341,0,0,0,2900,155252
5851,13164,58968,0,0,0,2937,155252
5852,12129,59641,0,0,0,3047,155252
5853,11094,60314,0,0,0,3222,155252
5854,10129,60941,0,0,0,3450,155252
5855,9301,61480,0,0,0,3715,155252
5856,8495,62003,0,0,0,4000,161045
5857,8095,62263,0,0,0,4285,161045
5858,7959,62352,0,0,0,4550,161045
5859,8095,62263,0,0,0,4778,161045
5860,8495,62003,0,0,0,4953,161045
5861,9130,61590,0,0,0,5063,161045
5862,9959,61052,0,0,0,5100,161045
5863,10924,60425,178265,128351,49914,5063,161045
5864,11959,59752,344382,247955,96427,4953,161045
5865,12994,59079,487029,350661,136368,4778,161045
5866,13959,58452,596487,429471,167016,4550,161045
5867,14787,57913,665295,479012,186282,4285,161045
5868,15423,57500,688764,495910,192854,4000,161045
5869,15822,57240,665295,479012,186282,3715,161045
5870,15959,57152,596487,429471,167016,3450,161045
5871,15822,57240,487029,350661,136368,3222,161045
5872,15423,57500,344382,247955,96427,3047,161045
5873,14787,57913,178265,128351,49914,2937,161045
5874,13959,58452,0,0,0,2900,161045
5875,12994,59079,0,0,0,2937,161045
5876,11959,59752,0,0,0,3047,161045
5877,10924,60425,0,0,0,3222,161045
5878,9959,61052,0,0,0,3450,161045
5879,9130,61590,0,0,0,3715,161045
5880,8324,62115,0,0,0,4000,184500
5881,7924,62374,0,0,0,4285,184500
5882,7788,62463,0,0,0,4550,184500
5883,7924,62374,0,0,0,4778,184500
5884,8324,62115,0,0,0,4953,184500
5885,8959,61702,0,0,0,5063,184500
5886,9788,61163,0,0,0,5100,184500
5887,10752,60536,176936,127394,49542,5063,184500
5888,11788,59863,341814,246106,95708,4953,184500
5889,12823,59190,483399,348047,135352,4778,184500
5890,13788,58563,592040,426269,165771,4550,184500
5891,14616,58025,660335,475441,184894,4285,184500
5892,15252,57611,683629,492213,191416,4000,184500
5893,15651,57352,660335,475441,184894,3715,184500
5894,15788,57263,592040,426269,165771,3450,184500
5895,15651,57352,483399,348047,135352,3222,184500
5896,15252,57611,341814,246106,95708,3047,184500
5897,14616,58025,176936,127394,49542,2937,184500
5898,13788,58563,0,0,0,2900,184500
5899,12823,59190,0,0,0,2937,184500
5900,11788,59863,0,0,0,3047,184500
5901,10752,60536,0,0,0,3222,184500
5902,9788,61163,0,0,0,3450,184500
5903,8959,61702,0,0,0,3715,184500
5904,8151,62227,0,0,0,4000,207955
5905,7752,62486,0,0,0,4285,207955
5906,7615,62575,0,0,0,4550,207955
5907,7752,62486,0,0,0,4778,207955
5908,8151,62227,0,0,0,4953,207955
5909,8787,61813,0,0,0,5063,207955
5910,9615,61275,0,0,0,5100,207955
5911,10580,60648,175600,126432,49168,5063,207955
5912,11615,59975,339232,244247,94985,4953,207955
5913,12651,59302,479747,345418,134329,4778,207955
5914,13615,58675,587568,423049,164519,4550,207955
5915,14444,58136,655346,471849,183497,4285,207955
5916,15080,57723,678465,488494,189970,4000,207955
5917,15479,57464,655346,471849,183497,3715,207955
5918,15615,57375,587568,423049,164519,3450,207955
5919,15479,57464,479747,345418,134329,3222,207955
5920,15080,57723,339232,244247,94985,3047,207955
5921,14444,58136,175600,126432,49168,2937,207955
5922,13615,58675,0,0,0,2900,207955
5923,12651,59302,0,0,0,2937,207955
5924,11615,59975,0,0,0,3047,207955
5925,10580,60648,0,0,0,3222,207955
5926,9615,61275,0,0,0,3450,207955
5927,8787,61813,0,0,0,3715,207955
5928,7978,62339,0,0,0,4000,213748
5929,7579,62599,0,0,0,4285,213748
5930,7442,62687,0,0,0,4550,213748
5931,7579,62599,0,0,0,4778,213748
5932,7978,62339,0,0,0,4953,213748
5933,8614,61926,0,0,0,5063,213748
5934,9442,61387,0,0,0,5100,213748
5935,10407,60760,174256,125464,48792,5063,213748
5936,11442,60087,336636,242378,94258,4953,213748
5937,12478,59414,476076,342774,133301,4778,213748
5938,13442,58787,583071,419811,163260,4550,213748
5939,14271,58249,650331,468239,182093,4285,213748
5940,14907,57836,673273,484756,188516,4000,213748
5941,15306,57576,650331,468239,182093,3715,213748
5942,15442,57487,583071,419811,163260,3450,213748
5943,15306,57576,476076,342774,133301,3222,213748
5944,14907,57836,336636,242378,94258,3047,213748
5945,14271,58249,174256,125464,48792,2937,213748
5946,13442,58787,0,0,0,2900,213748
5947,12478,59414,0,0,0,2937,213748
5948,11442,60087,0,0,0,3047,213748
5949,10407,60760,0,0,0,3222,213748
5950,9442,61387,0,0,0,3450,213748
5951,8614,61926,0,0,0,3715,213748
5952,7804,62452,0,0,0,4000,197517
5953,7405,62712,0,0,0,4285,197517
5954,7268,62800,0,0,0,4550,197517
5955,7405,62712,0,0,0,4778,197517
5956,7804,62452,0,0,0,4953,197517
5957,8440,62039,0,0,0,5063,197517
5958,9268,61500,0,0,0,5100,197517
5959,10233,60873,172905,124492,48413,5063,197517
5960,11268,60200,334027,240500,93528,4953,197517
5961,12304,59528,472386,340118,132268,4778,197517
5962,13268,58900,578552,416558,161995,4550,197517
5963,14097,58362,645291,464610,180682,4285,197517
5964,14733,57949,668055,480999,187055,4000,197517
5965,15132,57689,645291,464610,180682,3715,197517
5966,15268,57600,578552,416558,161995,3450,197517
5967,15132,57689,472386,340118,132268,3222,197517
5968,14733,57949,334027,240500,93528,3047,197517
5969,14097,58362,172905,124492,48413,2937,197517
5970,13268,58900,0,0,0,2900,197517
5971,12304,59528,0,0,0,2937,197517
5972,11268,60200,0,0,0,3047,197517
5973,10233,60873,0,0,0,3222,197517
5974,9268,61500,0,0,0,3450,197517
5975,8440,62039,0,0,0,3715,197517
5976,7630,62566,0,0,0,4000,171483
5977,7230,62825,0,0,0,4285,171483
5978,7094,62914,0,0,0,4550,171483
5979,7230,62825,0,0,0,4778,171483
5980,7630,62566,0,0,0,4953,171483
5981,8265,62153,0,0,0,5063,171483
5982,9094,61614,0,0,0,5100,171483
5983,10058,60987,171548,123515,48034,5063,171483
5984,11094,60314,331406,238612,92794,4953,171483
5985,12129,59641,468679,337449,131230,4778,171483
5986,13094,59014,574012,413289,160723,4550,171483
5987,13922,58476,640227,460964,179264,4285,171483
5988,14558,58062,662812,477225,185587,4000,171483
5989,14957,57803,640227,460964,179264,3715,171483
5990,15094,57714,574012,413289,160723,3450,171483
5991,14957,57803,468679,337449,131230,3222,171483
5992,14558,58062,331406,238612,92794,3047,171483
5993,13922,58476,171548,123515,48034,2937,171483
5994,13094,59014,0,0,0,2900,171483
5995,12129,59641,0,0,0,2937,171483
5996,11094,60314,0,0,0,3047,171483
5997,10058,60987,0,0,0,3222,171483
5998,9094,61614,0,0,0,3450,171483
5999,8265,62153,0,0,0,3715,171483
6000,7454,62680,0,0,0,4000,155252
6001,7055,62940,0,0,0,4285,155252
6002,6918,63028,0,0,0,4550,155252
6003,7055,62940,0,0,0,4778,155252
6004,7454,62680,0,0,0,4953,155252
6005,8090,62267,0,0,0,5063,155252
6006,8918,61728,0,0,0,5100,155252
6007,9883,61101,170186,122534,47652,5063,155252
6008,10918,60428,328773,236717,92056,4953,155252
6009,11953,59755,464955,334768,130188,4778,155252
6010,12918,59128,569452,410005,159447,4550,155252
6011,13747,58590,635141,457301,177839,4285,155252
6012,14382,58176,657546,473433,184113,4000,155252
6013,14782,57917,635141,457301,177839,3715,155252
6014,14918,57828,569452,410005,159447,3450,155252
6015,14782,57917,464955,334768,130188,3222,155252
6016,14382,58176,328773,236717,92056,3047,155252
6017,13747,58590,170186,122534,47652,2937,155252
6018,12918,59128,0,0,0,2900,155252
6019,11953,59755,0,0,0,2937,155252
6020,10918,60428,0,0,0,3047,155252
6021,9883,61101,0,0,0,3222,155252
6022,8918,61728,0,0,0,3450,155252
6023,8090,62267,0,0,0,3715,155252
6024,7278,62794,0,0,0,4000,161045
6025,6878,63054,0,0,0,4285,161045
6026,6742,63143,0,0,0,4550,161045
6027,6878,63054,0,0,0,4778,161045
6028,7278,62794,0,0,0,4953,161045
6029,7914,62381,0,0,0,5063,161045
6030,8742,61843,0,0,0,5100,161045
6031,9707,61216,168817,121548,47269,5063,161045
6032,10742,60543,326130,234813,91316,4953,161045
6033,11777,59870,461217,332076,129141,4778,161045
6034,12742,59243,564873,406709,158164,4550,161045
6035,13570,58704,630034,453624,176409,4285,161045
6036,14206,58291,652259,469627,182633,4000,161045
6037,14606,58031,630034,453624,176409,3715,161045
6038,14742,57943,564873,406709,158164,3450,161045
6039,14606,58031,461217,332076,129141,3222,161045
6040,14206,58291,326130,234813,91316,3047,161045
6041,13570,58704,168817,121548,47269,2937,161045
6042,12742,59243,0,0,0,2900,161045
6043,11777,59870,0,0,0,2937,161045
6044,10742,60543,0,0,0,3047,161045
6045,9707,61216,0,0,0,3222,161045
6046,8742,61843,0,0,0,3450,161045
6047,7914,62381,0,0,0,3715,161045
6048,7101,62909,0,0,0,4000,184500
6049,6701,63169,0,0,0,4285,184500
6050,6565,63258,0,0,0,4550,184500
6051,6701,63169,0,0,0,4778,184500
6052,7101,62909,0,0,0,4953,184500
6053,7737,62496,0,0,0,5063,184500
6054,8565,61958,0,0,0,5100,184500
6055,9530,61331,167443,120559,46884,5063,184500
6056,10565,60658,323476,232903,90573,4953,184500
6057,11600,59985,457464,329374,128090,4778,184500
6058,12565,59358,560277,403399,156878,4550,184500
6059,13393,58819,624908,449933,174974,4285,184500
6060,14029,58406,646952,465805,181147,4000,184500
6061,14429,58146,624908,449933,174974,3715,184500
6062,14565,58058,560277,403399,156878,3450,184500
6063,14429,58146,457464,329374,128090,3222,184500
6064,14029,58406,323476,232903,90573,3047,184500
6065,13393,58819,167443,120559,46884,2937,184500
6066,12565,59358,0,0,0,2900,184500
6067,11600,59985,0,0,0,2937,184500
6068,10565,60658,0,0,0,3047,184500
6069,9530,61331,0,0,0,3222,184500
6070,8565,61958,0,0,0,3450,184500
6071,7737,62496,0,0,0,3715,184500
6072,6923,63025,0,0,0,4000,207955
6073,6524,63285,0,0,0,4285,207955
6074,6388,63373,0,0,0,4550,207955
6075,6524,63285,0,0,0,4778,207955
6076,6923,63025,0,0,0,4953,207955
6077,7559,62612,0,0,0,5063,207955
6078,8388,62073,0,0,0,5100,207955
6079,9352,61446,166065,119567,46498,5063,207955
6080,10388,60773,320813,230986,89828,4953,207955
6081,11423,60100,453698,326663,127036,4778,207955
6082,12388,59473,555665,400079,155586,4550,207955
6083,13216,58935,619764,446230,173534,4285,207955
6084,13852,58521,641626,461971,179655,4000,207955
6085,14251,58262,619764,446230,173534,3715,207955
6086,14388,58173,555665,400079,155586,3450,207955
6087,14251,58262,453698,326663,127036,3222,207955
6088,13852,58521,320813,230986,89828,3047,207955
6089,13216,58935,166065,119567,46498,2937,207955
6090,12388,59473,0,0,0,2900,207955
6091,11423,60100,0,0,0,2937,207955
6092,10388,60773,0,0,0,3047,207955
6093,9352,61446,0,0,0,3222,207955
6094,8388,62073,0,0,0,3450,207955
6095,7559,62612,0,0,0,3715,207955
6096,6745,63141,0,0,0,4000,213748
6097,6346,63400,0,0,0,4285,213748
6098,6209,63489,0,0,0,4550,213748
6099,6346,63400,0,0,0,4778,213748
6100,6745,63141,0,0,0,4953,213748
6101,7381,62727,0,0,0,5063,213748
6102,8209,62189,0,0,0,5100,213748
6103,9174,61562,164682,118571,46111,5063,213748
6104,10209,60889,318142,229062,89080,4953,213748
6105,11245,60216,449921,323943,125978,4778,213748
6106,12209,59589,551038,396748,154291,4550,213748
6107,13038,59050,614603,442514,172089,4285,213748
6108,13674,58637,636284,458125,178160,4000,213748
6109,14073,58377,614603,442514,172089,3715,213748
6110,14209,58289,551038,396748,154291,3450,213748
6111,14073,58377,449921,323943,125978,3222,213748
6112,13674,58637,318142,229062,89080,3047,213748
6113,13038,59050,164682,118571,46111,2937,213748
6114,12209,59589,0,0,0,2900,213748
6115,11245,60216,0,0,0,2937,213748
6116,10209,60889,0,0,0,3047,213748
6117,9174,61562,0,0,0,3222,213748
6118,8209,62189,0,0,0,3450,213748
6119,7381,62727,0,0,0,3715,213748
6120,6567,63257,0,0,0,4000,197517
6121,6167,63516,0,0,0,4285,197517
6122,6031,63605,0,0,0,4550,197517
6123,6167,63516,0,0,0,4778,197517
6124,6567,63257,0,0,0,4953,197517
6125,7202,62843,0,0,0,5063,197517
6126,8031,62305,0,0,0,5100,197517
6127,8996,61678,163296,117573,45723,5063,197517
6128,10031,61005,315463,227134,88330,4953,197517
6129,11066,60332,446133,321215,124917,4778,197517
6130,12031,59705,546399,393407,152992,4550,197517
6131,12859,59166,609428,438788,170640,4285,197517
6132,13495,58753,630927,454267,176659,4000,197517
6133,13895,58494,609428,438788,170640,3715,197517
6134,14031,58405,546399,393407,152992,3450,197517
6135,13895,58494,446133,321215,124917,3222,197517
6136,13495,58753,315463,227134,88330,3047,197517
6137,12859,59166,163296,117573,45723,2937,197517
6138,12031,59705,0,0,0,2900,197517
6139,11066,60332,0,0,0,2937,197517
6140,10031,61005,0,0,0,3047,197517
6141,8996,61678,0,0,0,3222,197517
6142,8031,62305,0,0,0,3450,197517
6143,7202,62843,0,0,0,3715,197517
6144,6388,63373,0,0,0,4000,171483
6145,5988,63633,0,0,0,4285,171483
6146,5852,63721,0,0,0,4550,171483
6147,5988,63633,0,0,0,4778,171483
6148,6388,63373,0,0,0,4953,171483
6149,7023,62960,0,0,0,5063,171483
6150,7852,62421,0,0,0,5100,171483
6151,8817,61794,161906,116572,45334,5063,171483
6152,9852,61121,312778,225200,87578,4953,171483
6153,10887,60448,442335,318481,123854,4778,171483
6154,11852,59821,541747,390058,151689,4550,171483
6155,12680,59283,604240,435053,169187,4285,171483
6156,13316,58870,625556,450400,175156,4000,171483
6157,13716,58610,604240,435053,169187,3715,171483
6158,13852,58521,541747,390058,151689,3450,171483
6159,13716,58610,442335,318481,123854,3222,171483
6160,13316,58870,312778,225200,87578,3047,171483
6161,12680,59283,161906,116572,45334,2937,171483
6162,11852,59821,0,0,0,2900,171483
6163,10887,60448,0,0,0,2937,171483
6164,9852,61121,0,0,0,3047,171483
6165,8817,61794,0,0,0,3222,171483
6166,7852,62421,0,0,0,3450,171483
6167,7023,62960,0,0,0,3715,171483
6168,6208,63490,0,0,0,4000,155252
6169,5809,63749,0,0,0,4285,155252
6170,5672,63838,0,0,0,4550,155252
6171,5809,63749,0,0,0,4778,155252
6172,6208,63490,0,0,0,4953,155252
6173,6844,63076,0,0,0,5063,155252
6174,7672,62538,0,0,0,5100,155252
6175,8637,61911,160512,115569,44943,5063,155252
6176,9672,61238,310086,223262,86824,4953,155252
6177,10708,60565,438528,315740,122788,4778,155252
6178,11672,59938,537085,386701,150384,4550,155252
6179,12501,59399,599041,431309,167731,4285,155252
6180,13137,58986,620173,446524,173648,4000,155252
6181,13536,58727,599041,431309,167731,3715,155252
6182,13672,58638,537085,386701,150384,3450,155252
6183,13536,58727,438528,315740,122788,3222,155252
6184,13137,58986,310086,223262,86824,3047,155252
6185,12501,59399,160512,115569,44943,2937,155252
6186,11672,59938,0,0,0,2900,155252
6187,10708,60565,0,0,0,2937,155252
6188,9672,61238,0,0,0,3047,155252
6189,8637,61911,0,0,0,3222,155252
6190,7672,62538,0,0,0,3450,155252
6191,6844,63076,0,0,0,3715,155252
6192,6029,63606,0,0,0,4000,161045
6193,5629,63866,0,0,0,4285,161045
6194,5493,63955,0,0,0,4550,161045
6195,5629,63866,0,0,0,4778,161045
6196,6029,63606,0,0,0,4953,161045
6197,6664,63193,0,0,0,5063,161045
6198,7493,62655,0,0,0,5100,161045
6199,8457,62028,159117,114564,44553,5063,161045
6200,9493,61355,307390,221320,86069,4953,161045
6201,10528,60682,434714,312994,121720,4778,161045
6202,11493,60055,532414,383338,149076,4550,161045
6203,12321,59516,593831,427558,166273,4285,161045
6204,12957,59103,614779,442641,172138,4000,161045
6205,13356,58843,593831,427558,166273,3715,161045
6206,13493,58755,532414,383338,149076,3450,161045
6207,13356,58843,434714,312994,121720,3222,161045
6208,12957,59103,307390,221320,86069,3047,161045
6209,12321,59516,159117,114564,44553,2937,161045
6210,11493,60055,0,0,0,2900,161045
6211,10528,60682,0,0,0,2937,161045
6212,9493,61355,0,0,0,3047,161045
6213,8457,62028,0,0,0,3222,161045
6214,7493,62655,0,0,0,3450,161045
6215,6664,63193,0,0,0,3715,161045
6216,5848,63724,0,0,0,4000,184500
6217,5449,63983,0,0,0,4285,184500
6218,5313,64072,0,0,0,4550,184500
6219,5449,63983,0,0,0,4778,184500
6220,5848,63724,0,0,0,4953,184500
6221,6484,63310,0,0,0,5063,184500
6222,7313,62772,0,0,0,5100,184500
6223,8277,62145,157718,113557,44161,5063,184500
6224,9313,61472,304688,219376,85313,4953,184500
6225,10348,60799,430894,310244,120650,4778,184500
6226,11313,60172,527736,379970,147766,4550,184500
6227,12141,59633,588613,423801,164812,4285,184500
6228,12777,59220,609377,438751,170625,4000,184500
6229,13176,58960,588613,423801,164812,3715,184500
6230,13313,58872,527736,379970,147766,3450,184500
6231,13176,58960,430894,310244,120650,3222,184500
6232,12777,59220,304688,219376,85313,3047,184500
6233,12141,59633,157718,113557,44161,2937,184500
6234,11313,60172,0,0,0,2900,184500
6235,10348,60799,0,0,0,2937,184500
6236,9313,61472,0,0,0,3047,184500
6237,8277,62145,0,0,0,3222,184500
6238,7313,62772,0,0,0,3450,184500
6239,6484,63310,0,0,0,3715,184500
6240,5668,63841,0,0,0,4000,207955
6241,5269,64100,0,0,0,4285,207955
6242,5132,64189,0,0,0,4550,207955
6243,5269,64100,0,0,0,4778,207955
6244,5668,63841,0,0,0,4953,207955
6245,6304,63428,0,0,0,5063,207955
6246,7132,62889,0,0,0,5100,207955
6247,8097,62262,156318,112549,43769,5063,207955
6248,9132,61589,301984,217428,84555,4953,207955
6249,10168,60916,427069,307490,119579,4778,207955
6250,11132,60289,523051,376597,146454,4550,207955
6251,11961,59751,583387,420039,163348,4285,207955
6252,12596,59337,603967,434856,169111,4000,207955
6253,12996,59078,583387,420039,163348,3715,207955
6254,13132,58989,523051,376597,146454,3450,207955
6255,12996,59078,427069,307490,119579,3222,207955
6256,12596,59337,301984,217428,84555,3047,207955
6257,11961,59751,156318,112549,43769,2937,207955
6258,11132,60289,0,0,0,2900,207955
6259,10168,60916,0,0,0,2937,207955
6260,9132,61589,0,0,0,3047,207955
6261,8097,62262,0,0,0,3222,207955
6262,7132,62889,0,0,0,3450,207955
6263,6304,63428,0,0,0,3715,207955
6264,5488,63958,0,0,0,4000,213748
6265,5088,64218,0,0,0,4285,213748
6266,4952,64306,0,0,0,4550,213748
6267,5088,64218,0,0,0,4778,213748
6268,5488,63958,0,0,0,4953,213748
6269,6123,63545,0,0,0,5063,213748
6270,6952,63006,0,0,0,5100,213748
6271,7916,62379,154917,111540,43377,5063,213748
6272,8952,61706,299276,215479,83797,4953,213748
6273,9987,61033,423240,304733,118507,4778,213748
6274,10952,60406,518361,373220,145141,4550,213748
6275,11780,59868,578157,416273,161884,4285,213748
6276,12416,59455,598552,430957,167595,4000,213748
6277,12815,59195,578157,416273,161884,3715,213748
6278,12952,59106,518361,373220,145141,3450,213748
6279,12815,59195,423240,304733,118507,3222,213748
6280,12416,59455,299276,215479,83797,3047,213748
6281,11780,59868,154917,111540,43377,2937,213748
6282,10952,60406,0,0,0,2900,213748
6283,9987,61033,0,0,0,2937,213748
6284,8952,61706,0,0,0,3047,213748
6285,7916,62379,0,0,0,3222,213748
6286,6952,63006,0,0,0,3450,213748
6287,6123,63545,0,0,0,3715,213748
6288,5307,64075,0,0,0,4000,197517
6289,4907,64335,0,0,0,4285,197517
6290,4771,64424,0,0,0,4550,197517
6291,4907,64335,0,0,0,4778,197517
6292,5307,64075,0,0,0,4953,197517
6293,5943,63662,0,0,0,5063,197517
6294,6771,63124,0,0,0,5100,197517
6295,7736,62497,153514,110530,42984,5063,197517
6296,8771,61824,296566,213528,83039,4953,197517
6297,9806,61151,419408,301974,117434,4778,197517
6298,10771,60524,513668,369841,143827,4550,197517
6299,11600,59985,572922,412504,160418,4285,197517
6300,12235,59572,593133,427056,166077,4000,197517
6301,12635,59312,572922,412504,160418,3715,197517
6302,12771,59224,513668,369841,143827,3450,197517
6303,12635,59312,419408,301974,117434,3222,197517
6304,12235,59572,296566,213528,83039,3047,197517
6305,11600,59985,153514,110530,42984,2937,197517
6306,10771,60524,0,0,0,2900,197517
6307,9806,61151,0,0,0,2937,197517
6308,8771,61824,0,0,0,3047,197517
6309,7736,62497,0,0,0,3222,197517
6310,6771,63124,0,0,0,3450,197517
6311,5943,63662,0,0,0,3715,197517
6312,5126,64193,0,0,0,4000,171483
6313,4727,64453,0,0,0,4285,171483
6314,4590,64541,0,0,0,4550,171483
6315,4727,64453,0,0,0,4778,171483
6316,5126,64193,0,0,0,4953,171483
6317,5762,63780,0,0,0,5063,171483
6318,6590,63241,0,0,0,5100,171483
6319,7555,62614,152111,109520,42591,5063,171483
6320,8590,61941,293856,211576,82280,4953,171483
6321,9626,61268,415575,299214,116361,4778,171483
6322,10590,60641,508973,366460,142512,4550,171483
6323,11419,60103,567685,408734,158952,4285,171483
6324,12054,59690,587711,423152,164559,4000,171483
6325,12454,59430,567685,408734,158952,3715,171483
6326,12590,59341,508973,366460,142512,3450,171483
6327,12454,59430,415575,299214,116361,3222,171483
6328,12054,59690,293856,211576,82280,3047,171483
6329,11419,60103,152111,109520,42591,2937,171483
6330,10590,60641,0,0,0,2900,171483
6331,9626,61268,0,0,0,2937,171483
6332,8590,61941,0,0,0,3047,171483
6333,7555,62614,0,0,0,3222,171483
6334,6590,63241,0,0,0,3450,171483
6335,5762,63780,0,0,0,3715,171483
6336,4946,64310,0,0,0,4000,155252
6337,4546,64570,0,0,0,4285,155252
6338,4410,64659,0,0,0,4550,155252
6339,4546,64570,0,0,0,4778,155252
6340,4946,64310,0,0,0,4953,155252
6341,5581,63897,0,0,0,5063,155252
6342,6410,63359,0,0,0,5100,155252
6343,7374,62732,150707,108509,42198,5063,155252
6344,8410,62059,291144,209624,81520,4953,155252
6345,9445,61386,411740,296453,115287,4778,155252
6346,10410,60759,504277,363079,141198,4550,155252
6347,11238,60220,562448,404962,157485,4285,155252
6348,11874,59807,582289,419248,163041,4000,155252
6349,12273,59547,562448,404962,157485,3715,155252
6350,12410,59459,504277,363079,141198,3450,155252
6351,12273,59547,411740,296453,115287,3222,155252
6352,11874,59807,291144,209624,81520,3047,155252
6353,11238,60220,150707,108509,42198,2937,155252
6354,10410,60759,0,0,0,2900,155252
6355,9445,61386,0,0,0,2937,155252
6356,8410,62059,0,0,0,3047,155252
6357,7374,62732,0,0,0,3222,155252
6358,6410,63359,0,0,0,3450,155252
6359,5581,63897,0,0,0,3715,155252
6360,4765,64428,0,0,0,4000,161045
6361,4365,64688,0,0,0,4285,161045
6362,4229,64776,0,0,0,4550,161045
6363,4365,64688,0,0,0,4778,161045
6364,4765,64428,0,0,0,4953,161045
6365,5400,64015,0,0,0,5063,161045
6366,6229,63476,0,0,0,5100,161045
6367,7194,62849,149304,107499,41805,5063,161045
6368,8229,62176,288434,207672,80761,4953,161045
6369,9264,61503,407907,293693,114214,4778,161045
6370,10229,60876,499582,359699,139883,4550,161045
6371,11057,60338,557211,401192,156019,4285,161045
6372,11693,59925,576867,415344,161523,4000,161045
6373,12093,59665,557211,401192,156019,3715,161045
6374,12229,59576,499582,359699,139883,3450,161045
6375,12093,59665,407907,293693,114214,3222,161045
6376,11693,59925,288434,207672,80761,3047,161045
6377,11057,60338,149304,107499,41805,2937,161045
6378,10229,60876,0,0,0,2900,161045
6379,9264,61503,0,0,0,2937,161045
6380,8229,62176,0,0,0,3047,161045
6381,7194,62849,0,0,0,3222,161045
6382,6229,63476,0,0,0,3450,161045
6383,5400,64015,0,0,0,3715,161045
6384,4584,64545,0,0,0,4000,184500
6385,4185,64805,0,0,0,4285,184500
6386,4048,64894,0,0,0,4550,184500
6387,4185,64805,0,0,0,4778,184500
6388,4584,64545,0,0,0,4953,184500
6389,5220,64132,0,0,0,5063,184500
6390,6048,63594,0,0,0,5100,184500
6391,7013,62967,147902,106489,41412,5063,184500
6392,8048,62294,285724,205721,80003,4953,184500
6393,9084,61621,404075,290934,113141,4778,184500
6394,10048,60994,494888,356320,138569,4550,184500
6395,10877,60455,551976,397423,154553,4285,184500
6396,11512,60042,571448,411443,160005,4000,184500
6397,11912,59782,551976,397423,154553,3715,184500
6398,12048,59694,494888,356320,138569,3450,184500
6399,11912,59782,404075,290934,113141,3222,184500
6400,11512,60042,285724,205721,80003,3047,184500
6401,10877,60455,147902,106489,41412,2937,184500
6402,10048,60994,0,0,0,2900,184500
6403,9084,61621,0,0,0,2937,184500
6404,8048,62294,0,0,0,3047,184500
6405,7013,62967,0,0,0,3222,184500
6406,6048,63594,0,0,0,3450,184500
6407,5220,64132,0,0,0,3715,184500
6408,4404,64663,0,0,0,4000,207955
6409,4004,64922,0,0,0,4285,207955
6410,3868,65011,0,0,0,4550,207955
6411,4004,64922,0,0,0,4778,207955
6412,4404,64663,0,0,0,4953,207955
6413,5039,64249,0,0,0,5063,207955
6414,5868,63711,0,0,0,5100,207955
6415,6832,63084,146500,105480,41020,5063,207955
6416,7868,62411,283016,203772,79245,4953,207955
6417,8903,61738,400246,288177,112069,4778,207955
6418,9868,61111,490199,352943,137256,4550,207955
6419,10696,60572,546746,393657,153089,4285,207955
6420,11332,60159,566033,407544,158489,4000,207955
6421,11731,59900,546746,393657,153089,3715,207955
6422,11868,59811,490199,352943,137256,3450,207955
6423,11731,59900,400246,288177,112069,3222,207955
6424,11332,60159,283016,203772,79245,3047,207955
6425,10696,60572,146500,105480,41020,2937,207955
6426,9868,61111,0,0,0,2900,207955
6427,8903,61738,0,0,0,2937,207955
6428,7868,62411,0,0,0,3047,207955
6429,6832,63084,0,0,0,3222,207955
6430,5868,63711,0,0,0,3450,207955
6431,5039,64249,0,0,0,3715,207955
6432,4223,64780,0,0,0,4000,213748
6433,3824,65040,0,0,0,4285,213748
6434,3687,65128,0,0,0,4550,213748
6435,3824,65040,0,0,0,4778,213748
6436,4223,64780,0,0,0,4953,213748
6437,4859,64367,0,0,0,5063,213748
6438,5687,63828,0,0,0,5100,213748
6439,6652,63201,145100,104472,40628,5063,213748
6440,7687,62528,280312,201824,78487,4953,213748
6441,8723,61855,396421,285423,110998,4778,213748
6442,9687,61228,485514,349570,135944,4550,213748
6443,10516,60690,541520,389895,151626,4285,213748
6444,11152,60276,560623,403649,156975,4000,213748
6445,11551,60017,541520,389895,151626,3715,213748
6446,11687,59928,485514,349570,135944,3450,213748
6447,11551,60017,396421,285423,110998,3222,213748
6448,11152,60276,280312,201824,78487,3047,213748
6449,10516,60690,145100,104472,40628,2937,213748
6450,9687,61228,0,0,0,2900,213748
6451,8723,61855,0,0,0,2937,213748
6452,7687,62528,0,0,0,3047,213748
6453,6652,63201,0,0,0,3222,213748
6454,5687,63828,0,0,0,3450,213748
6455,4859,64367,0,0,0,3715,213748
6456,4043,64897,0,0,0,4000,197517
6457,3644,65157,0,0,0,4285,197517
6458,3507,65245,0,0,0,4550,197517
6459,3644,65157,0,0,0,4778,197517
6460,4043,64897,0,0,0,4953,197517
6461,4679,64484,0,0,0,5063,197517
6462,5507,63945,0,0,0,5100,197517
6463,6472,63318,143702,103465,40236,5063,197517
6464,7507,62645,277610,199880,77731,4953,197517
6465,8543,61972,392600,282672,109928,4778,197517
6466,9507,61345,480835,346202,134634,4550,197517
6467,10336,60807,536302,386138,150165,4285,197517
6468,10971,60394,555221,399759,155462,4000,197517
6469,11371,60134,536302,386138,150165,3715,197517
6470,11507,60045,480835,346202,134634,3450,197517
6471,11371,60134,392600,282672,109928,3222,197517
6472,10971,60394,277610,199880,77731,3047,197517
6473,10336,60807,143702,103465,40236,2937,197517
6474,9507,61345,0,0,0,2900,197517
6475,8543,61972,0,0,0,2937,197517
6476,7507,62645,0,0,0,3047,197517
6477,6472,63318,0,0,0,3222,197517
6478,5507,63945,0,0,0,3450,197517
6479,4679,64484,0,0,0,3715,197517
6480,3863,65014,0,0,0,4000,171483
6481,3464,65273,0,0,0,4285,171483
6482,3328,65362,0,0,0,4550,171483
6483,3464,65273,0,0,0,4778,171483
6484,3863,65014,0,0,0,4953,171483
6485,4499,64601,0,0,0,5063,171483
6486,5328,64062,0,0,0,5100,171483
6487,6292,63435,142306,102460,39846,5063,171483
6488,7328,62762,274914,197938,76976,4953,171483
6489,8363,62089,388787,279926,108860,4778,171483
6490,9328,61462,476165,342838,133326,4550,171483
6491,10156,60924,531092,382387,148706,4285,171483
6492,10792,60510,549827,395876,153952,4000,171483
6493,11191,60251,531092,382387,148706,3715,171483
6494,11328,60162,476165,342838,133326,3450,171483
6495,11191,60251,388787,279926,108860,3222,171483
6496,10792,60510,274914,197938,76976,3047,171483
6497,10156,60924,142306,102460,39846,2937,171483
6498,9328,61462,0,0,0,2900,171483
6499,8363,62089,0,0,0,2937,171483
6500,7328,62762,0,0,0,3047,171483
6501,6292,63435,0,0,0,3222,171483
6502,5328,64062,0,0,0,3450,171483
6503,4499,64601,0,0,0,3715,171483
6504,3684,65130,0,0,0,4000,155252
6505,3284,65390,0,0,0,4285,155252
6506,3148,65479,0,0,0,4550,155252
6507,3284,65390,0,0,0,4778,155252
6508,3684,65130,0,0,0,4953,155252
6509,4320,64717,0,0,0,5063,155252
6510,5148,64179,0,0,0,5100,155252
6511,6113,63552,140913,101457,39456,5063,155252
6512,7148,62879,272222,196000,76222,4953,155252
6513,8183,62206,384980,277186,107794,4778,155252
6514,9148,61579,471503,339482,132021,4550,155252
6515,9977,61040,525893,378643,147250,4285,155252
6516,10612,60627,544444,392000,152444,4000,155252
6517,11012,60367,525893,378643,147250,3715,155252
6518,11148,60279,471503,339482,132021,3450,155252
6519,11012,60367,384980,277186,107794,3222,155252
6520,10612,60627,272222,196000,76222,3047,155252
6521,9977,61040,140913,101457,39456,2937,155252
6522,9148,61579,0,0,0,2900,155252
6523,8183,62206,0,0,0,2937,155252
6524,7148,62879,0,0,0,3047,155252
6525,6113,63552,0,0,0,3222,155252
6526,5148,64179,0,0,0,3450,155252
6527,4320,64717,0,0,0,3715,155252
6528,3505,65247,0,0,0,4000,161045
6529,3105,65506,0,0,0,4285,161045
6530,2969,65595,0,0,0,4550,161045
6531,3105,65506,0,0,0,4778,161045
6532,3505,65247,0,0,0,4953,161045
6533,4141,64834,0,0,0,5063,161045
6534,4969,64295,0,0,0,5100,161045
6535,5934,63668,139522,100456,39066,5063,161045
6536,6969,62995,269537,194066,75470,4953,161045
6537,8004,62322,381182,274451,106731,4778,161045
6538,8969,61695,466851,336133,130718,4550,161045
6539,9798,61157,520705,374907,145797,4285,161045
6540,10433,60743,539073,388133,150941,4000,161045
6541,10833,60484,520705,374907,145797,3715,161045
6542,10969,60395,466851,336133,130718,3450,161045
6543,10833,60484,381182,274451,106731,3222,161045
6544,10433,60743,269537,194066,75470,3047,161045
6545,9798,61157,139522,100456,39066,2937,161045
6546,8969,61695,0,0,0,2900,161045
6547,8004,62322,0,0,0,2937,161045
6548,6969,62995,0,0,0,3047,161045
6549,5934,63668,0,0,0,3222,161045
6550,4969,64295,0,0,0,3450,161045
6551,4141,64834,0,0,0,3715,161045
6552,3326,65363,0,0,0,4000,184500
6553,2927,65623,0,0,0,4285,184500
6554,2791,65711,0,0,0,4550,184500
6555,2927,65623,0,0,0,4778,184500
6556,3326,65363,0,0,0,4953,184500
6557,3962,64950,0,0,0,5063,184500
6558,4791,64411,0,0,0,5100,184500
6559,5755,63784,138136,99458,38678,5063,184500
6560,6791,63111,266858,192138,74720,4953,184500
6561,7826,62438,377394,271724,105670,4778,184500
6562,8791,61811,462211,332792,129419,4550,184500
6563,9619,61273,515530,371182,144348,4285,184500
6564,10255,60859,533716,384275,149440,4000,184500
6565,10654,60600,515530,371182,144348,3715,184500
6566,10791,60511,462211,332792,129419,3450,184500
6567,10654,60600,377394,271724,105670,3222,184500
6568,10255,60859,266858,192138,74720,3047,184500
6569,9619,61273,138136,99458,38678,2937,184500
6570,8791,61811,0,0,0,2900,184500
6571,7826,62438,0,0,0,2937,184500
6572,6791,63111,0,0,0,3047,184500
6573,5755,63784,0,0,0,3222,184500
6574,4791,64411,0,0,0,3450,184500
6575,3962,64950,0,0,0,3715,184500
6576,3148,65479,0,0,0,4000,207955
6577,2749,65738,0,0,0,4285,207955
6578,2612,65827,0,0,0,4550,207955
6579,2749,65738,0,0,0,4778,207955
6580,3148,65479,0,0,0,4953,207955
6581,3784,65065,0,0,0,5063,207955
6582,4612,64527,0,0,0,5100,207955
6583,5577,63900,136753,98462,38291,5063,207955
6584,6612,63227,264187,190214,73972,4953,207955
6585,7648,62554,373617,269004,104613,4778,207955
6586,8612,61927,457585,329461,128124,4550,207955
6587,9441,61388,510370,367466,142903,4285,207955
6588,10077,60975,528374,380429,147945,4000,207955
6589,10476,60715,510370,367466,142903,3715,207955
6590,10612,60627,457585,329461,128124,3450,207955
6591,10476,60715,373617,269004,104613,3222,207955
6592,10077,60975,264187,190214,73972,3047,207955
6593,9441,61388,136753,98462,38291,2937,207955
6594,8612,61927,0,0,0,2900,207955
6595,7648,62554,0,0,0,2937,207955
6596,6612,63227,0,0,0,3047,207955
6597,5577,63900,0,0,0,3222,207955
6598,4612,64527,0,0,0,3450,207955
6599,3784,65065,0,0,0,3715,207955
6600,2971,65594,0,0,0,4000,213748
6601,2571,65854,0,0,0,4285,213748
6602,2435,65942,0,0,0,4550,213748
6603,2571,65854,0,0,0,4778,213748
6604,2971,65594,0,0,0,4953,213748
6605,3607,65181,0,0,0,5063,213748
6606,4435,64642,0,0,0,5100,213748
6607,5400,64015,135375,97470,37905,5063,213748
6608,6435,63342,261524,188297,73227,4953,213748
6609,7470,62669,369851,266293,103558,4778,213748
6610,8435,62042,452973,326140,126832,4550,213748
6611,9263,61504,505226,363762,141463,4285,213748
6612,9899,61091,523048,376595,146453,4000,213748
6613,10299,60831,505226,363762,141463,3715,213748
6614,10435,60742,452973,326140,126832,3450,213748
6615,10299,60831,369851,266293,103558,3222,213748
6616,9899,61091,261524,188297,73227,3047,213748
6617,9263,61504,135375,97470,37905,2937,213748
6618,8435,62042,0,0,0,2900,213748
6619,7470,62669,0,0,0,2937,213748
6620,6435,63342,0,0,0,3047,213748
6621,5400,64015,0,0,0,3222,213748
6622,4435,64642,0,0,0,3450,213748
6623,3607,65181,0,0,0,3715,213748
6624,2794,65709,0,0,0,4000,197517
6625,2394,65969,0,0,0,4285,197517
6626,2258,66057,0,0,0,4550,197517
6627,2394,65969,0,0,0,4778,197517
6628,2794,65709,0,0,0,4953,197517
6629,3430,65296,0,0,0,5063,197517
6630,4258,64757,0,0,0,5100,197517
6631,5223,64130,134001,96481,37520,5063,197517
6632,6258,63457,258870,186387,72484,4953,197517
6633,7293,62784,366098,263591,102507,4778,197517
6634,8258,62157,448377,322831,125545,4550,197517
6635,9086,61619,500099,360072,140028,4285,197517
6636,9722,61206,517741,372773,144967,4000,197517
6637,10122,60946,500099,360072,140028,3715,197517
6638,10258,60857,448377,322831,125545,3450,197517
6639,10122,60946,366098,263591,102507,3222,197517
6640,9722,61206,258870,186387,72484,3047,197517
6641,9086,61619,134001,96481,37520,2937,197517
6642,8258,62157,0,0,0,2900,197517
6643,7293,62784,0,0,0,2937,197517
6644,6258,63457,0,0,0,3047,197517
6645,5223,64130,0,0,0,3222,197517
6646,4258,64757,0,0,0,3450,197517
6647,3430,65296,0,0,0,3715,197517
6648,2618,65824,0,0,0,4000,171483
6649,2218,66083,0,0,0,4285,171483
6650,2082,66172,0,0,0,4550,171483
6651,2218,66083,0,0,0,4778,171483
6652,2618,65824,0,0,0,4953,171483
6653,3253,65410,0,0,0,5063,171483
6654,4082,64872,0,0,0,5100,171483
6655,5047,64245,132633,95496,37137,5063,171483
6656,6082,63572,256227,184483,71744,4953,171483
6657,7117,62899,362359,260899,101461,4778,171483
6658,8082,62272,443798,319535,124263,4550,171483
6659,8910,61733,494992,356394,138598,4285,171483
6660,9546,61320,512454,368967,143487,4000,171483
6661,9945,61060,494992,356394,138598,3715,171483
6662,10082,60972,443798,319535,124263,3450,171483
6663,9945,61060,362359,260899,101461,3222,171483
6664,9546,61320,256227,184483,71744,3047,171483
6665,8910,61733,132633,95496,37137,2937,171483
6666,8082,62272,0,0,0,2900,171483
6667,7117,62899,0,0,0,2937,171483
6668,6082,63572,0,0,0,3047,171483
6669,5047,64245,0,0,0,3222,171483
6670,4082,64872,0,0,0,3450,171483
6671,3253,65410,0,0,0,3715,171483
6672,2442,65938,0,0,0,4000,155252
6673,2043,66197,0,0,0,4285,155252
6674,1906,66286,0,0,0,4550,155252
6675,2043,66197,0,0,0,4778,155252
6676,2442,65938,0,0,0,4953,155252
6677,3078,65524,0,0,0,5063,155252
6678,3906,64986,0,0,0,5100,155252
6679,4871,64359,131270,94514,36756,5063,155252
6680,5906,63686,253594,182588,71006,4953,155252
6681,6942,63013,358636,258218,100418,4778,155252
6682,7906,62386,439238,316251,122987,4550,155252
6683,8735,61847,489906,352732,137174,4285,155252
6684,9370,61434,507188,365175,142013,4000,155252
6685,9770,61175,489906,352732,137174,3715,155252
6686,9906,61086,439238,316251,122987,3450,155252
6687,9770,61175,358636,258218,100418,3222,155252
6688,9370,61434,253594,182588,71006,3047,155252
6689,8735,61847,131270,94514,36756,2937,155252
6690,7906,62386,0,0,0,2900,155252
6691,6942,63013,0,0,0,2937,155252
6692,5906,63686,0,0,0,3047,155252
6693,4871,64359,0,0,0,3222,155252
6694,3906,64986,0,0,0,3450,155252
6695,3078,65524,0,0,0,3715,155252
6696,2267,66051,0,0,0,4000,161045
6697,1868,66311,0,0,0,4285,161045
6698,1732,66400,0,0,0,4550,161045
6699,1868,66311,0,0,0,4778,161045
6700,2267,66051,0,0,0,4953,161045
6701,2903,65638,0,0,0,5063,161045
6702,3732,65100,0,0,0,5100,161045
6703,4696,64472,129913,93537,36376,5063,161045
6704,5732,63800,250973,180700,70272,4953,161045
6705,6767,63127,354929,255549,99380,4778,161045
6706,7732,62500,434697,312982,121715,4550,161045
6707,8560,61961,484842,349086,135756,4285,161045
6708,9196,61548,501945,361401,140545,4000,161045
6709,9595,61288,484842,349086,135756,3715,161045
6710,9732,61200,434697,312982,121715,3450,161045
6711,9595,61288,354929,255549,99380,3222,161045
6712,9196,61548,250973,180700,70272,3047,161045
6713,8560,61961,129913,93537,36376,2937,161045
6714,7732,62500,0,0,0,2900,161045
6715,6767,63127,0,0,0,2937,161045
6716,5732,63800,0,0,0,3047,161045
6717,4696,64472,0,0,0,3222,161045
6718,3732,65100,0,0,0,3450,161045
6719,2903,65638,0,0,0,3715,161045
6720,2093,66164,0,0,0,4000,184500
6721,1694,66424,0,0,0,4285,184500
6722,1558,66513,0,0,0,4550,184500
6723,1694,66424,0,0,0,4778,184500
6724,2093,66164,0,0,0,4953,184500
6725,2729,65751,0,0,0,5063,184500
6726,3558,65213,0,0,0,5100,184500
6727,4522,64586,128562,92565,35997,5063,184500
6728,5558,63913,248364,178822,69542,4953,184500
6729,6593,63240,351239,252892,98347,4778,184500
6730,7558,62613,430178,309729,120450,4550,184500
6731,8386,62074,479802,345457,134344,4285,184500
6732,9022,61661,496727,357644,139084,4000,184500
6733,9421,61401,479802,345457,134344,3715,184500
6734,9558,61313,430178,309729,120450,3450,184500
6735,9421,61401,351239,252892,98347,3222,184500
6736,9022,61661,248364,178822,69542,3047,184500
6737,8386,62074,128562,92565,35997,2937,184500
6738,7558,62613,0,0,0,2900,184500
6739,6593,63240,0,0,0,2937,184500
6740,5558,63913,0,0,0,3047,184500
6741,4522,64586,0,0,0,3222,184500
6742,3558,65213,0,0,0,3450,184500
6743,2729,65751,0,0,0,3715,184500
6744,1920,66277,0,0,0,4000,207955
6745,1521,66536,0,0,0,4285,207955
6746,1385,66625,0,0,0,4550,207955
6747,1521,66536,0,0,0,4778,207955
6748,1920,66277,0,0,0,4953,207955
6749,2556,65864,0,0,0,5063,207955
6750,3385,65325,0,0,0,5100,207955
6751,4349,64698,127219,91597,35621,5063,207955
6752,5385,64025,245768,176953,68815,4953,207955
6753,6420,63352,347568,250249,97319,4778,207955
6754,7385,62725,425682,306491,119191,4550,207955
6755,8213,62187,474787,341846,132940,4285,207955
6756,8849,61773,491535,353906,137630,4000,207955
6757,9248,61514,474787,341846,132940,3715,207955
6758,9385,61425,425682,306491,119191,3450,207955
6759,9248,61514,347568,250249,97319,3222,207955
6760,8849,61773,245768,176953,68815,3047,207955
6761,8213,62187,127219,91597,35621,2937,207955
6762,7385,62725,0,0,0,2900,207955
6763,6420,63352,0,0,0,2937,207955
6764,5385,64025,0,0,0,3047,207955
6765,4349,64698,0,0,0,3222,207955
6766,3385,65325,0,0,0,3450,207955
6767,2556,65864,0,0,0,3715,207955
6768,1748,66389,0,0,0,4000,213748
6769,1349,66648,0,0,0,4285,213748
6770,1212,66737,0,0,0,4550,213748
6771,1349,66648,0,0,0,4778,213748
6772,1748,66389,0,0,0,4953,213748
6773,2384,65975,0,0,0,5063,213748
6774,3212,65437,0,0,0,5100,213748
6775,4177,64810,125882,90635,35247,5063,213748
6776,5212,64137,243186,175094,68092,4953,213748
6777,6248,63464,343916,247620,96297,4778,213748
6778,7212,62837,421210,303271,117939,4550,213748
6779,8041,62298,469799,338255,131544,4285,213748
6780,8676,61885,486371,350187,136184,4000,213748
6781,9076,61626,469799,338255,131544,3715,213748
6782,9212,61537,421210,303271,117939,3450,213748
6783,9076,61626,343916,247620,96297,3222,213748
6784,8676,61885,243186,175094,68092,3047,213748
6785,8041,62298,125882,90635,35247,2937,213748
6786,7212,62837,0,0,0,2900,213748
6787,6248,63464,0,0,0,2937,213748
6788,5212,64137,0,0,0,3047,213748
6789,4177,64810,0,0,0,3222,213748
6790,3212,65437,0,0,0,3450,213748
6791,2384,65975,0,0,0,3715,213748
6792,1577,66500,0,0,0,4000,197517
6793,1178,66760,0,0,0,4285,197517
6794,1041,66848,0,0,0,4550,197517
6795,1178,66760,0,0,0,4778,197517
6796,1577,66500,0,0,0,4953,197517
6797,2213,66087,0,0,0,5063,197517
6798,3041,65548,0,0,0,5100,197517
6799,4006,64921,124553,89678,34875,5063,197517
6800,5041,64248,240618,173245,67373,4953,197517
6801,6076,63575,340285,245006,95280,4778,197517
6802,7041,62948,416763,300069,116694,4550,197517
6803,7870,62410,464839,334684,130155,4285,197517
6804,8505,61997,481236,346490,134746,4000,197517
6805,8905,61737,464839,334684,130155,3715,197517
6806,9041,61648,416763,300069,116694,3450,197517
6807,8905,61737,340285,245006,95280,3222,197517
6808,8505,61997,240618,173245,67373,3047,197517
6809,7870,62410,124553,89678,34875,2937,197517
6810,7041,62948,0,0,0,2900,197517
6811,6076,63575,0,0,0,2937,197517
6812,5041,64248,0,0,0,3047,197517
6813,4006,64921,0,0,0,3222,197517
6814,3041,65548,0,0,0,3450,197517
6815,2213,66087,0,0,0,3715,197517
6816,1407,66610,0,0,0,4000,171483
6817,1007,66870,0,0,0,4285,171483
6818,871,66959,0,0,0,4550,171483
6819,1007,66870,0,0,0,4778,171483
6820,1407,66610,0,0,0,4953,171483
6821,2043,66197,0,0,0,5063,171483
6822,2871,65659,0,0,0,5100,171483
6823,3836,65032,123232,88727,34505,5063,171483
6824,4871,64359,238066,171408,66658,4953,171483
6825,5906,63686,336676,242407,94269,4778,171483
6826,6871,63059,412343,296887,115456,4550,171483
6827,7699,62520,459908,331134,128774,4285,171483
6828,8335,62107,476132,342815,133317,4000,171483
6829,8735,61847,459908,331134,128774,3715,171483
6830,8871,61759,412343,296887,115456,3450,171483
6831,8735,61847,336676,242407,94269,3222,171483
6832,8335,62107,238066,171408,66658,3047,171483
6833,7699,62520,123232,88727,34505,2937,171483
6834,6871,63059,0,0,0,2900,171483
6835,5906,63686,0,0,0,2937,171483
6836,4871,64359,0,0,0,3047,171483
6837,3836,65032,0,0,0,3222,171483
6838,2871,65659,0,0,0,3450,171483
6839,2043,66197,0,0,0,3715,171483
6840,1238,66720,0,0,0,4000,155252
6841,838,66980,0,0,0,4285,155252
6842,702,67069,0,0,0,4550,155252
6843,838,66980,0,0,0,4778,155252
6844,1238,66720,0,0,0,4953,155252
6845,1874,66307,0,0,0,5063,155252
6846,2702,65769,0,0,0,5100,155252
6847,3667,65142,121919,87782,34137,5063,155252
6848,4702,64469,235530,169582,65948,4953,155252
6849,5737,63796,333090,239825,93265,4778,155252
6850,6702,63169,407950,293724,114226,4550,155252
6851,7530,62630,455009,327607,127403,4285,155252
6852,8166,62217,471060,339163,131897,4000,155252
6853,8566,61957,455009,327607,127403,3715,155252
6854,8702,61869,407950,293724,114226,3450,155252
6855,8566,61957,333090,239825,93265,3222,155252
6856,8166,62217,235530,169582,65948,3047,155252
6857,7530,62630,121919,87782,34137,2937,155252
6858,6702,63169,0,0,0,2900,155252
6859,5737,63796,0,0,0,2937,155252
6860,4702,64469,0,0,0,3047,155252
6861,3667,65142,0,0,0,3222,155252
6862,2702,65769,0,0,0,3450,155252
6863,1874,66307,0,0,0,3715,155252
6864,1070,66830,0,0,0,4000,161045
6865,670,67089,0,0,0,4285,161045
6866,534,67178,0,0,0,4550,161045
6867,670,67089,0,0,0,4778,161045
6868,1070,66830,0,0,0,4953,161045
6869,1706,66416,0,0,0,5063,161045
6870,2534,65878,0,0,0,5100,161045
6871,3499,65251,120615,86843,33772,5063,161045
6872,4534,64578,233011,167768,65243,4953,161045
6873,5569,63905,329527,237260,92268,4778,161045
6874,6534,63278,403587,290583,113004,4550,161045
6875,7362,62739,450143,324103,126040,4285,161045
6876,7998,62326,466022,335536,130486,4000,161045
6877,8398,62066,450143,324103,126040,3715,161045
6878,8534,61978,403587,290583,113004,3450,161045
6879,8398,62066,329527,237260,92268,3222,161045
6880,7998,62326,233011,167768,65243,3047,161045
6881,7362,62739,120615,86843,33772,2937,161045
6882,6534,63278,0,0,0,2900,161045
6883,5569,63905,0,0,0,2937,161045
6884,4534,64578,0,0,0,3047,161045
6885,3499,65251,0,0,0,3222,161045
6886,2534,65878,0,0,0,3450,161045
6887,1706,66416,0,0,0,3715,161045
6888,903,66938,0,0,0,4000,184500
6889,504,67198,0,0,0,4285,184500
6890,367,67286,0,0,0,4550,184500
6891,504,67198,0,0,0,4778,184500
6892,903,66938,0,0,0,4953,184500
6893,1539,66525,0,0,0,5063,184500
6894,2367,65986,0,0,0,5100,184500
6895,3332,65359,119321,85911,33410,5063,184500
6896,4367,64686,230510,165967,64543,4953,184500
6897,5403,64013,325990,234713,91277,4778,184500
6898,6367,63386,399254,287463,111791,4550,184500
6899,7196,62848,445310,320623,124687,4285,184500
6900,7831,62435,461019,331934,129085,4000,184500
6901,8231,62175,445310,320623,124687,3715,184500
6902,8367,62086,399254,287463,111791,3450,184500
6903,8231,62175,325990,234713,91277,3222,184500
6904,7831,62435,230510,165967,64543,3047,184500
6905,7196,62848,119321,85911,33410,2937,184500
6906,6367,63386,0,0,0,2900,184500
6907,5403,64013,0,0,0,2937,184500
6908,4367,64686,0,0,0,3047,184500
6909,3332,65359,0,0,0,3222,184500
6910,2367,65986,0,0,0,3450,184500
6911,1539,66525,0,0,0,3715,184500
6912,738,67046,0,0,0,4000,207955
6913,338,67305,0,0,0,4285,207955
6914,202,67394,0,0,0,4550,207955
6915,338,67305,0,0,0,4778,207955
6916,738,67046,0,0,0,4953,207955
6917,1373,66632,0,0,0,5063,207955
6918,2202,66094,0,0,0,5100,207955
6919,3166,65467,118035,84985,33050,5063,207955
6920,4202,64794,228026,164179,63847,4953,207955
6921,5237,64121,322478,232184,90294,4778,207955
6922,6202,63494,394953,284366,110587,4550,207955
6923,7030,62955,440513,317170,123344,4285,207955
6924,7666,62542,456053,328358,127695,4000,207955
6925,8065,62282,440513,317170,123344,3715,207955
6926,8202,62194,394953,284366,110587,3450,207955
6927,8065,62282,322478,232184,90294,3222,207955
6928,7666,62542,228026,164179,63847,3047,207955
6929,7030,62955,118035,84985,33050,2937,207955
6930,6202,63494,0,0,0,2900,207955
6931,5237,64121,0,0,0,2937,207955
6932,4202,64794,0,0,0,3047,207955
6933,3166,65467,0,0,0,3222,207955
6934,2202,66094,0,0,0,3450,207955
6935,1373,66632,0,0,0,3715,207955
6936,573,67152,0,0,0,4000,213748
6937,174,67412,0,0,0,4285,213748
6938,37,67501,0,0,0,4550,213748
6939,174,67412,0,0,0,4778,213748
6940,573,67152,0,0,0,4953,213748
6941,1209,66739,0,0,0,5063,213748
6942,2037,66201,0,0,0,5100,213748
6943,3002,65574,116760,84067,32693,5063,213748
6944,4037,64901,225562,162405,63157,4953,213748
6945,5073,64228,318993,229675,89318,4778,213748
6946,6037,63601,390686,281294,109392,4550,213748
6947,6866,63062,435753,313742,122011,4285,213748
6948,7502,62649,451125,324810,126315,4000,213748
6949,7901,62389,435753,313742,122011,3715,213748
6950,8037,62301,390686,281294,109392,3450,213748
6951,7901,62389,318993,229675,89318,3222,213748
6952,7502,62649,225562,162405,63157,3047,213748
6953,6866,63062,116760,84067,32693,2937,213748
6954,6037,63601,0,0,0,2900,213748
6955,5073,64228,0,0,0,2937,213748
6956,4037,64901,0,0,0,3047,213748
6957,3002,65574,0,0,0,3222,213748
6958,2037,66201,0,0,0,3450,213748
6959,1209,66739,0,0,0,3715,213748
6960,410,67258,0,0,0,4000,197517
6961,11,67518,0,0,0,4285,197517
6962,-125,67607,0,0,0,4550,197517
6963,11,67518,0,0,0,4778,197517
6964,410,67258,0,0,0,4953,197517
6965,1046,66845,0,0,0,5063,197517
6966,1875,66307,0,0,0,5100,197517
6967,2839,65679,115495,83156,32338,5063,197517
6968,3875,65007,223118,160645,62473,4953,197517
6969,4910,64334,315537,227187,88350,4778,197517
6970,5875,63707,386452,278246,108207,4550,197517
6971,6703,63168,431031,310343,120689,4285,197517
6972,7339,62755,446237,321290,124946,4000,197517
6973,7738,62495,431031,310343,120689,3715,197517
6974,7875,62407,386452,278246,108207,3450,197517
6975,7738,62495,315537,227187,88350,3222,197517
6976,7339,62755,223118,160645,62473,3047,197517
6977,6703,63168,115495,83156,32338,2937,197517
6978,5875,63707,0,0,0,2900,197517
6979,4910,64334,0,0,0,2937,197517
6980,3875,65007,0,0,0,3047,197517
6981,2839,65679,0,0,0,3222,197517
6982,1875,66307,0,0,0,3450,197517
6983,1046,66845,0,0,0,3715,197517
6984,249,67363,0,0,0,4000,171483
6985,-151,67623,0,0,0,4285,171483
6986,-287,67712,0,0,0,4550,171483
6987,-151,67623,0,0,0,4778,171483
6988,249,67363,0,0,0,4953,171483
6989,885,66950,0,0,0,5063,171483
6990,1713,66412,0,0,0,5100,171483
6991,2678,65784,114240,82253,31987,5063,171483
6992,3713,65112,220695,158900,61795,4953,171483
6993,4748,64439,312109,224719,87391,4778,171483
6994,5713,63812,382254,275223,107031,4550,171483
6995,6541,63273,426349,306972,119378,4285,171483
6996,7177,62860,441389,317800,123589,4000,171483
6997,7577,62600,426349,306972,119378,3715,171483
6998,7713,62512,382254,275223,107031,3450,171483
6999,7577,62600,312109,224719,87391,3222,171483
7000,7177,62860,220695,158900,61795,3047,171483
7001,6541,63273,114240,82253,31987,2937,171483
7002,5713,63812,0,0,0,2900,171483
7003,4748,64439,0,0,0,2937,171483
7004,3713,65112,0,0,0,3047,171483
7005,2678,65784,0,0,0,3222,171483
7006,1713,66412,0,0,0,3450,171483
7007,885,66950,0,0,0,3715,171483
7008,89,67467,0,0,0,4000,155252
7009,-311,67727,0,0,0,4285,155252
7010,-447,67816,0,0,0,4550,155252
7011,-311,67727,0,0,0,4778,155252
7012,89,67467,0,0,0,4953,155252
7013,724,67054,0,0,0,5063,155252
7014,1553,66516,0,0,0,5100,155252
7015,2518,65889,112996,81357,31639,5063,155252
7016,3553,65216,218292,157171,61122,4953,155252
7017,4588,64543,308712,222273,86439,4778,155252
7018,5553,63916,378093,272227,105866,4550,155252
7019,6381,63377,421708,303630,118078,4285,155252
7020,7017,62964,436585,314341,122244,4000,155252
7021,7417,62704,421708,303630,118078,3715,155252
7022,7553,62616,378093,272227,105866,3450,155252
7023,7417,62704,308712,222273,86439,3222,155252
7024,7017,62964,218292,157171,61122,3047,155252
7025,6381,63377,112996,81357,31639,2937,155252
7026,5553,63916,0,0,0,2900,155252
7027,4588,64543,0,0,0,2937,155252
7028,3553,65216,0,0,0,3047,155252
7029,2518,65889,0,0,0,3222,155252
7030,1553,66516,0,0,0,3450,155252
7031,724,67054,0,0,0,3715,155252
7032,-70,67570,0,0,0,4000,161045
7033,-470,67830,0,0,0,4285,161045
7034,-606,67919,0,0,0,4550,161045
7035,-470,67830,0,0,0,4778,161045
7036,-70,67570,0,0,0,4953,161045
7037,566,67157,0,0,0,5063,161045
7038,1394,66619,0,0,0,5100,161045
7039,2359,65992,111764,80470,31294,5063,161045
7040,3394,65319,215912,155457,60455,4953,161045
7041,4429,64646,305346,219849,85497,4778,161045
7042,5394,64019,373971,269259,104712,4550,161045
7043,6223,63480,417110,300319,116791,4285,161045
7044,6858,63067,431824,310913,120911,4000,161045
7045,7258,62807,417110,300319,116791,3715,161045
7046,7394,62719,373971,269259,104712,3450,161045
7047,7258,62807,305346,219849,85497,3222,161045
7048,6858,63067,215912,155457,60455,3047,161045
7049,6223,63480,111764,80470,31294,2937,161045
7050,5394,64019,0,0,0,2900,161045
7051,4429,64646,0,0,0,2937,161045
7052,3394,65319,0,0,0,3047,161045
7053,2359,65992,0,0,0,3222,161045
7054,1394,66619,0,0,0,3450,161045
7055,566,67157,0,0,0,3715,161045
7056,-227,67673,0,0,0,4000,184500
7057,-627,67932,0,0,0,4285,184500
7058,-763,68021,0,0,0,4550,184500
7059,-627,67932,0,0,0,4778,184500
7060,-227,67673,0,0,0,4953,184500
7061,409,67259,0,0,0,5063,184500
7062,1237,66721,0,0,0,5100,184500
7063,2202,66094,110544,79592,30952,5063,184500
7064,3237,65421,213554,153759,59795,4953,184500
7065,4272,64748,302012,217448,84563,4778,184500
7066,5237,64121,369887,266319,103568,4550,184500
7067,6065,63582,412555,297040,115516,4285,184500
7068,6701,63169,427109,307518,119590,4000,184500
7069,7101,62910,412555,297040,115516,3715,184500
7070,7237,62821,369887,266319,103568,3450,184500
7071,7101,62910,302012,217448,84563,3222,184500
7072,6701,63169,213554,153759,59795,3047,184500
7073,6065,63582,110544,79592,30952,2937,184500
7074,5237,64121,0,0,0,2900,184500
7075,4272,64748,0,0,0,2937,184500
7076,3237,65421,0,0,0,3047,184500
7077,2202,66094,0,0,0,3222,184500
7078,1237,66721,0,0,0,3450,184500
7079,409,67259,0,0,0,3715,184500
7080,-383,67774,0,0,0,4000,207955
7081,-782,68034,0,0,0,4285,207955
7082,-919,68122,0,0,0,4550,207955
7083,-782,68034,0,0,0,4778,207955
7084,-383,67774,0,0,0,4953,207955
7085,253,67361,0,0,0,5063,207955
7086,1081,66822,0,0,0,5100,207955
7087,2046,66195,109336,78722,30614,5063,207955
7088,3081,65522,211220,152079,59142,4953,207955
7089,4117,64849,298710,215072,83639,4778,207955
7090,5081,64222,365844,263408,102436,4550,207955
7091,5910,63684,408046,293793,114253,4285,207955
7092,6545,63270,422440,304157,118283,4000,207955
7093,6945,63011,408046,293793,114253,3715,207955
7094,7081,62922,365844,263408,102436,3450,207955
7095,6945,63011,298710,215072,83639,3222,207955
7096,6545,63270,211220,152079,59142,3047,207955
7097,5910,63684,109336,78722,30614,2937,207955
7098,5081,64222,0,0,0,2900,207955
7099,4117,64849,0,0,0,2937,207955
7100,3081,65522,0,0,0,3047,207955
7101,2046,66195,0,0,0,3222,207955
7102,1081,66822,0,0,0,3450,207955
7103,253,67361,0,0,0,3715,207955
7104,-537,67874,0,0,0,4000,213748
7105,-936,68134,0,0,0,4285,213748
7106,-1073,68222,0,0,0,4550,213748
7107,-936,68134,0,0,0,4778,213748
7108,-537,67874,0,0,0,4953,213748
7109,99,67461,0,0,0,5063,213748
7110,927,66922,0,0,0,5100,213748
7111,1892,66295,108140,77861,30279,5063,213748
7112,2927,65622,208910,150415,58495,4953,213748
7113,3963,64949,295443,212719,82724,4778,213748
7114,4927,64322,361843,260527,101316,4550,213748
7115,5756,63784,403583,290580,113003,4285,213748
7116,6391,63371,417820,300830,116990,4000,213748
7117,6791,63111,403583,290580,113003,3715,213748
7118,6927,63022,361843,260527,101316,3450,213748
7119,6791,63111,295443,212719,82724,3222,213748
7120,6391,63371,208910,150415,58495,3047,213748
7121,5756,63784,108140,77861,30279,2937,213748
7122,4927,64322,0,0,0,2900,213748
7123,3963,64949,0,0,0,2937,213748
7124,2927,65622,0,0,0,3047,213748
7125,1892,66295,0,0,0,3222,213748
7126,927,66922,0,0,0,3450,213748
7127,99,67461,0,0,0,3715,213748
7128,-689,67973,0,0,0,4000,197517
7129,-1089,68233,0,0,0,4285,197517
7130,-1225,68321,0,0,0,4550,197517
7131,-1089,68233,0,0,0,4778,197517
7132,-689,67973,0,0,0,4953,197517
7133,-53,67560,0,0,0,5063,197517
7134,775,67021,0,0,0,5100,197517
7135,1740,66394,106957,77009,29948,5063,197517
7136,2775,65721,206625,148770,57855,4953,197517
7137,3810,65048,292211,210392,81819,4778,197517
7138,4775,64421,357884,257677,100208,4550,197517
7139,5603,63883,399168,287401,111767,4285,197517
7140,6239,63470,413249,297539,115710,4000,197517
7141,6639,63210,399168,287401,111767,3715,197517
7142,6775,63121,357884,257677,100208,3450,197517
7143,6639,63210,292211,210392,81819,3222,197517
7144,6239,63470,206625,148770,57855,3047,197517
7145,5603,63883,106957,77009,29948,2937,197517
7146,4775,64421,0,0,0,2900,197517
7147,3810,65048,0,0,0,2937,197517
7148,2775,65721,0,0,0,3047,197517
7149,1740,66394,0,0,0,3222,197517
7150,775,67021,0,0,0,3450,197517
7151,-53,67560,0,0,0,3715,197517
7152,-840,68071,0,0,0,4000,171483
7153,-1239,68331,0,0,0,4285,171483
7154,-1376,68419,0,0,0,4550,171483
7155,-1239,68331,0,0,0,4778,171483
7156,-840,68071,0,0,0,4953,171483
7157,-204,67658,0,0,0,5063,171483
7158,624,67119,0,0,0,5100,171483
7159,1589,66492,105787,76167,29620,5063,171483
7160,2624,65819,204365,147143,57222,4953,171483
7161,3660,65146,289015,208091,80924,4778,171483
7162,4624,64519,353970,254858,99112,4550,171483
7163,5453,63981,394802,284258,110545,4285,171483
7164,6088,63568,408729,294285,114444,4000,171483
7165,6488,63308,394802,284258,110545,3715,171483
7166,6624,63219,353970,254858,99112,3450,171483
7167,6488,63308,289015,208091,80924,3222,171483
7168,6088,63568,204365,147143,57222,3047,171483
7169,5453,63981,105787,76167,29620,2937,171483
7170,4624,64519,0,0,0,2900,171483
7171,3660,65146,0,0,0,2937,171483
7172,2624,65819,0,0,0,3047,171483
7173,1589,66492,0,0,0,3222,171483
7174,624,67119,0,0,0,3450,171483
7175,-204,67658,0,0,0,3715,171483
7176,-989,68168,0,0,0,4000,155252
7177,-1388,68427,0,0,0,4285,155252
7178,-1525,68516,0,0,0,4550,155252
7179,-1388,68427,0,0,0,4778,155252
7180,-989,68168,0,0,0,4953,155252
7181,-353,67754,0,0,0,5063,155252
7182,475,67216,0,0,0,5100,155252
7183,1440,66589,104631,75334,29297,5063,155252
7184,2475,65916,202131,145534,56597,4953,155252
7185,3511,65243,285856,205816,80040,4778,155252
7186,4475,64616,350101,252073,98028,4550,155252
7187,5304,64078,390487,281151,109336,4285,155252
7188,5939,63664,404262,291068,113193,4000,155252
7189,6339,63405,390487,281151,109336,3715,155252
7190,6475,63316,350101,252073,98028,3450,155252
7191,6339,63405,285856,205816,80040,3222,155252
7192,5939,63664,202131,145534,56597,3047,155252
7193,5304,64078,104631,75334,29297,2937,155252
7194,4475,64616,0,0,0,2900,155252
7195,3511,65243,0,0,0,2937,155252
7196,2475,65916,0,0,0,3047,155252
7197,1440,66589,0,0,0,3222,155252
7198,475,67216,0,0,0,3450,155252
7199,-353,67754,0,0,0,3715,155252
7200,-1136,68263,0,0,0,4000,161045
7201,-1535,68523,0,0,0,4285,161045
7202,-1672,68612,0,0,0,4550,161045
7203,-1535,68523,0,0,0,4778,161045
7204,-1136,68263,0,0,0,4953,161045
7205,-500,67850,0,0,0,5063,161045
7206,328,67312,0,0,0,5100,161045
7207,1293,66685,103488,74511,28977,5063,161045
7208,2328,66012,199924,143945,55979,4953,161045
7209,3364,65339,282735,203569,79166,4778,161045
7210,4328,64712,346278,249320,96958,4550,161045
7211,5157,64173,386223,278081,108142,4285,161045
7212,5792,63760,399848,287890,111957,4000,161045
7213,6192,63500,386223,278081,108142,3715,161045
7214,6328,63412,346278,249320,96958,3450,161045
7215,6192,63500,282735,203569,79166,3222,161045
7216,5792,63760,199924,143945,55979,3047,161045
7217,5157,64173,103488,74511,28977,2937,161045
7218,4328,64712,0,0,0,2900,161045
7219,3364,65339,0,0,0,2937,161045
7220,2328,66012,0,0,0,3047,161045
7221,1293,66685,0,0,0,3222,161045
7222,328,67312,0,0,0,3450,161045
7223,-500,67850,0,0,0,3715,161045
7224,-1281,68358,0,0,0,4000,184500
7225,-1681,68617,0,0,0,4285,184500
7226,-1817,68706,0,0,0,4550,184500
7227,-1681,68617,0,0,0,4778,184500
7228,-1281,68358,0,0,0,4953,184500
7229,-645,67945,0,0,0,5063,184500
7230,183,67406,0,0,0,5100,184500
7231,1148,66779,102360,73699,28661,5063,184500
7232,2183,66106,197744,142376,55368,4953,184500
7233,3218,65433,279653,201350,78303,4778,184500
7234,4183,64806,342503,246602,95901,4550,184500
7235,5011,64268,382012,275049,106963,4285,184500
7236,5647,63854,395488,284752,110737,4000,184500
7237,6047,63595,382012,275049,106963,3715,184500
7238,6183,63506,342503,246602,95901,3450,184500
7239,6047,63595,279653,201350,78303,3222,184500
7240,5647,63854,197744,142376,55368,3047,184500
7241,5011,64268,102360,73699,28661,2937,184500
7242,4183,64806,0,0,0,2900,184500
7243,3218,65433,0,0,0,2937,184500
7244,2183,66106,0,0,0,3047,184500
7245,1148,66779,0,0,0,3222,184500
7246,183,67406,0,0,0,3450,184500
7247,-645,67945,0,0,0,3715,184500
7248,-1425,68451,0,0,0,4000,207955
7249,-1824,68711,0,0,0,4285,207955
7250,-1960,68799,0,0,0,4550,207955
7251,-1824,68711,0,0,0,4778,207955
7252,-1425,68451,0,0,0,4953,207955
7253,-789,68038,0,0,0,5063,207955
7254,40,67499,0,0,0,5100,207955
7255,1004,66872,101246,72897,28349,5063,207955
7256,2040,66199,195593,140827,54766,4953,207955
7257,3075,65526,276610,199159,77451,4778,207955
7258,4040,64899,338776,243919,94857,4550,207955
7259,4868,64361,377856,272056,105800,4285,207955
7260,5504,63948,391185,281653,109532,4000,207955
7261,5903,63688,377856,272056,105800,3715,207955
7262,6040,63599,338776,243919,94857,3450,207955
7263,5903,63688,276610,199159,77451,3222,207955
7264,5504,63948,195593,140827,54766,3047,207955
7265,4868,64361,101246,72897,28349,2937,207955
7266,4040,64899,0,0,0,2900,207955
7267,3075,65526,0,0,0,2937,207955
7268,2040,66199,0,0,0,3047,207955
7269,1004,66872,0,0,0,3222,207955
7270,40,67499,0,0,0,3450,207955
7271,-789,68038,0,0,0,3715,207955
7272,-1566,68543,0,0,0,4000,213748
7273,-1966,68803,0,0,0,4285,213748
7274,-2102,68891,0,0,0,4550,213748
7275,-1966,68803,0,0,0,4778,213748
7276,-1566,68543,0,0,0,4953,213748
7277,-930,68130,0,0,0,5063,213748
7278,-102,67591,0,0,0,5100,213748
7279,863,66964,100147,72106,28041,5063,213748
7280,1898,66291,193470,139298,54172,4953,213748
7281,2933,65618,273608,196998,76610,4778,213748
7282,3898,64991,335100,241272,93828,4550,213748
7283,4726,64453,373755,269104,104651,4285,213748
7284,5362,64040,386940,278597,108343,4000,213748
7285,5762,63780,373755,269104,104651,3715,213748
7286,5898,63691,335100,241272,93828,3450,213748
7287,5762,63780,273608,196998,76610,3222,213748
7288,5362,64040,193470,139298,54172,3047,213748
7289,4726,64453,100147,72106,28041,2937,213748
7290,3898,64991,0,0,0,2900,213748
7291,2933,65618,0,0,0,2937,213748
7292,1898,66291,0,0,0,3047,213748
7293,863,66964,0,0,0,3222,213748
7294,-102,67591,0,0,0,3450,213748
7295,-930,68130,0,0,0,3715,213748
7296,-1706,68634,0,0,0,4000,197517
7297,-2105,68893,0,0,0,4285,197517
7298,-2242,68982,0,0,0,4550,197517
7299,-2105,68893,0,0,0,4778,197517
7300,-1706,68634,0,0,0,4953,197517
7301,-1070,68221,0,0,0,5063,197517
7302,-242,67682,0,0,0,5100,197517
7303,723,67055,99064,71326,27738,5063,197517
7304,1758,66382,191376,137791,53585,4953,197517
7305,2794,65709,270647,194866,75781,4778,197517
7306,3758,65082,331474,238661,92813,4550,197517
7307,4587,64544,369711,266192,103519,4285,197517
7308,5223,64130,382753,275582,107171,4000,197517
7309,5622,63871,369711,266192,103519,3715,197517
7310,5758,63782,331474,238661,92813,3450,197517
7311,5622,63871,270647,194866,75781,3222,197517
7312,5223,64130,191376,137791,53585,3047,197517
7313,4587,64544,99064,71326,27738,2937,197517
7314,3758,65082,0,0,0,2900,197517
7315,2794,65709,0,0,0,2937,197517
7316,1758,66382,0,0,0,3047,197517
7317,723,67055,0,0,0,3222,197517
7318,-242,67682,0,0,0,3450,197517
7319,-1070,68221,0,0,0,3715,197517
7320,-1843,68723,0,0,0,4000,171483
7321,-2243,68983,0,0,0,4285,171483
7322,-2379,69071,0,0,0,4550,171483
7323,-2243,68983,0,0,0,4778,171483
7324,-1843,68723,0,0,0,4953,171483
7325,-1208,68310,0,0,0,5063,171483
7326,-379,67771,0,0,0,5100,171483
7327,586,67144,97996,70557,27439,5063,171483
7328,1621,66471,189313,136305,53008,4953,171483
7329,2656,65799,267729,192765,74964,4778,171483
7330,3621,65171,327900,236088,91812,4550,171483
7331,4449,64633,365724,263322,102403,4285,171483
7332,5085,64220,378626,272611,106015,4000,171483
7333,5485,63960,365724,263322,102403,3715,171483
7334,5621,63871,327900,236088,91812,3450,171483
7335,5485,63960,267729,192765,74964,3222,171483
7336,5085,64220,189313,136305,53008,3047,171483
7337,4449,64633,97996,70557,27439,2937,171483
7338,3621,65171,0,0,0,2900,171483
7339,2656,65799,0,0,0,2937,171483
7340,1621,66471,0,0,0,3047,171483
7341,586,67144,0,0,0,3222,171483
7342,-379,67771,0,0,0,3450,171483
7343,-1208,68310,0,0,0,3715,171483
7344,-1979,68811,0,0,0,4000,155252
7345,-2378,69071,0,0,0,4285,155252
7346,-2515,69160,0,0,0,4550,155252
7347,-2378,69071,0,0,0,4778,155252
7348,-1979,68811,0,0,0,4953,155252
7349,-1343,68398,0,0,0,5063,155252
7350,-515,67860,0,0,0,5100,155252
7351,450,67232,96943,69799,27144,5063,155252
7352,1485,66560,187280,134842,52438,4953,155252
7353,2521,65887,264854,190695,74159,4778,155252
7354,3485,65260,324378,233552,90826,4550,155252
7355,4314,64721,361797,260494,101303,4285,155252
7356,4949,64308,374560,269683,104877,4000,155252
7357,5349,64048,361797,260494,101303,3715,155252
7358,5485,63960,324378,233552,90826,3450,155252
7359,5349,64048,264854,190695,74159,3222,155252
7360,4949,64308,187280,134842,52438,3047,155252
7361,4314,64721,96943,69799,27144,2937,155252
7362,3485,65260,0,0,0,2900,155252
7363,2521,65887,0,0,0,2937,155252
7364,1485,66560,0,0,0,3047,155252
7365,450,67232,0,0,0,3222,155252
7366,-515,67860,0,0,0,3450,155252
7367,-1343,68398,0,0,0,3715,155252
7368,-2112,68898,0,0,0,4000,161045
7369,-2512,69158,0,0,0,4285,161045
7370,-2648,69246,0,0,0,4550,161045
7371,-2512,69158,0,0,0,4778,161045
7372,-2112,68898,0,0,0,4953,161045
7373,-1477,68485,0,0,0,5063,161045
7374,-648,67946,0,0,0,5100,161045
7375,317,67319,95907,69053,26854,5063,161045
7376,1352,66646,185278,133400,51878,4953,161045
7377,2387,65973,262023,188657,73366,4778,161045
7378,3352,65346,320911,231056,89855,4550,161045
7379,4180,64808,357930,257710,100220,4285,161045
7380,4816,64395,370556,266801,103756,4000,161045
7381,5216,64135,357930,257710,100220,3715,161045
7382,5352,64046,320911,231056,89855,3450,161045
7383,5216,64135,262023,188657,73366,3222,161045
7384,4816,64395,185278,133400,51878,3047,161045
7385,4180,64808,95907,69053,26854,2937,161045
7386,3352,65346,0,0,0,2900,161045
7387,2387,65973,0,0,0,2937,161045
7388,1352,66646,0,0,0,3047,161045
7389,317,67319,0,0,0,3222,161045
7390,-648,67946,0,0,0,3450,161045
7391,-1477,68485,0,0,0,3715,161045
7392,-2244,68983,0,0,0,4000,184500
7393,-2643,69243,0,0,0,4285,184500
7394,-2779,69332,0,0,0,4550,184500
7395,-2643,69243,0,0,0,4778,184500
7396,-2244,68983,0,0,0,4953,184500
7397,-1608,68570,0,0,0,5063,184500
7398,-779,68032,0,0,0,5100,184500
7399,185,67405,94887,68319,26568,5063,184500
7400,1221,66732,183308,131982,51326,4953,184500
7401,2256,66059,259237,186651,72586,4778,184500
7402,3221,65432,317499,228599,88900,4550,184500
7403,4049,64893,354124,254969,99155,4285,184500
7404,4685,64480,366616,263964,102653,4000,184500
7405,5084,64220,354124,254969,99155,3715,184500
7406,5221,64132,317499,228599,88900,3450,184500
7407,5084,64220,259237,186651,72586,3222,184500
7408,4685,64480,183308,131982,51326,3047,184500
7409,4049,64893,94887,68319,26568,2937,184500
7410,3221,65432,0,0,0,2900,184500
7411,2256,66059,0,0,0,2937,184500
7412,1221,66732,0,0,0,3047,184500
7413,185,67405,0,0,0,3222,184500
7414,-779,68032,0,0,0,3450,184500
7415,-1608,68570,0,0,0,3715,184500
7416,-2373,69067,0,0,0,4000,207955
7417,-2772,69327,0,0,0,4285,207955
7418,-2909,69416,0,0,0,4550,207955
7419,-2772,69327,0,0,0,4778,207955
7420,-2373,69067,0,0,0,4953,207955
7421,-1737,68654,0,0,0,5063,207955
7422,-909,68116,0,0,0,5100,207955
7423,56,67489,93884,67597,26288,5063,207955
7424,1091,66816,181371,130587,50784,4953,207955
7425,2127,66143,256497,184678,71819,4778,207955
7426,3091,65516,314143,226183,87960,4550,207955
7427,3920,64977,350381,252274,98107,4285,207955
7428,4555,64564,362741,261174,101568,4000,207955
7429,4955,64304,350381,252274,98107,3715,207955
7430,5091,64216,314143,226183,87960,3450,207955
7431,4955,64304,256497,184678,71819,3222,207955
7432,4555,64564,181371,130587,50784,3047,207955
7433,3920,64977,93884,67597,26288,2937,207955
7434,3091,65516,0,0,0,2900,207955
7435,2127,66143,0,0,0,2937,207955
7436,1091,66816,0,0,0,3047,207955
7437,56,67489,0,0,0,3222,207955
7438,-909,68116,0,0,0,3450,207955
7439,-1737,68654,0,0,0,3715,207955
7440,-2500,69150,0,0,0,4000,213748
7441,-2899,69410,0,0,0,4285,213748
7442,-3036,69498,0,0,0,4550,213748
7443,-2899,69410,0,0,0,4778,213748
7444,-2500,69150,0,0,0,4953,213748
7445,-1864,68737,0,0,0,5063,213748
7446,-1036,68198,0,0,0,5100,213748
7447,-71,67571,92898,66887,26012,5063,213748
7448,964,66898,179466,129215,50250,4953,213748
7449,2000,66225,253803,182738,71065,4778,213748
7450,2964,65598,310844,223808,87036,4550,213748
7451,3793,65060,346701,249625,97076,4285,213748
7452,4428,64646,358932,258431,100501,4000,213748
7453,4828,64387,346701,249625,97076,3715,213748
7454,4964,64298,310844,223808,87036,3450,213748
7455,4828,64387,253803,182738,71065,3222,213748
7456,4428,64646,179466,129215,50250,3047,213748
7457,3793,65060,92898,66887,26012,2937,213748
7458,2964,65598,0,0,0,2900,213748
7459,2000,66225,0,0,0,2937,213748
7460,964,66898,0,0,0,3047,213748
7461,-71,67571,0,0,0,3222,213748
7462,-1036,68198,0,0,0,3450,213748
7463,-1864,68737,0,0,0,3715,213748
7464,-2624,69231,0,0,0,4000,197517
7465,-3024,69491,0,0,0,4285,197517
7466,-3160,69579,0,0,0,4550,197517
7467,-3024,69491,0,0,0,4778,197517
7468,-2624,69231,0,0,0,4953,197517
7469,-1989,68818,0,0,0,5063,197517
7470,-1160,68279,0,0,0,5100,197517
7471,-196,67652,91930,66189,25740,5063,197517
7472,840,66979,177595,127868,49727,4953,197517
7473,1875,66306,251157,180833,70324,4778,197517
7474,2840,65679,307603,221474,86129,4550,197517
7475,3668,65141,343087,247022,96064,4285,197517
7476,4304,64728,355189,255736,99453,4000,197517
7477,4703,64468,343087,247022,96064,3715,197517
7478,4840,64379,307603,221474,86129,3450,197517
7479,4703,64468,251157,180833,70324,3222,197517
7480,4304,64728,177595,127868,49727,3047,197517
7481,3668,65141,91930,66189,25740,2937,197517
7482,2840,65679,0,0,0,2900,197517
7483,1875,66306,0,0,0,2937,197517
7484,840,66979,0,0,0,3047,197517
7485,-196,67652,0,0,0,3222,197517
7486,-1160,68279,0,0,0,3450,197517
7487,-1989,68818,0,0,0,3715,197517
7488,-2747,69311,0,0,0,4000,171483
7489,-3147,69570,0,0,0,4285,171483
7490,-3283,69659,0,0,0,4550,171483
7491,-3147,69570,0,0,0,4778,171483
7492,-2747,69311,0,0,0,4953,171483
7493,-2111,68897,0,0,0,5063,171483
7494,-1283,68359,0,0,0,5100,171483
7495,-318,67732,90979,65505,25474,5063,171483
7496,717,67059,175758,126545,49212,4953,171483
7497,1752,66386,248559,178962,69596,4778,171483
7498,2717,65759,304421,219183,85238,4550,171483
7499,3546,65220,339537,244467,95070,4285,171483
7500,4181,64807,351515,253091,98424,4000,171483
7501,4581,64547,339537,244467,95070,3715,171483
7502,4717,64459,304421,219183,85238,3450,171483
7503,4581,64547,248559,178962,69596,3222,171483
7504,4181,64807,175758,126545,49212,3047,171483
7505,3546,65220,90979,65505,25474,2937,171483
7506,2717,65759,0,0,0,2900,171483
7507,1752,66386,0,0,0,2937,171483
7508,717,67059,0,0,0,3047,171483
7509,-318,67732,0,0,0,3222,171483
7510,-1283,68359,0,0,0,3450,171483
7511,-2111,68897,0,0,0,3715,171483
7512,-2867,69389,0,0,0,4000,155252
7513,-3267,69648,0,0,0,4285,155252
7514,-3403,69737,0,0,0,4550,155252
7515,-3267,69648,0,0,0,4778,155252
7516,-2867,69389,0,0,0,4953,155252
7517,-2231,68975,0,0,0,5063,155252
7518,-1403,68437,0,0,0,5100,155252
7519,-438,67810,90046,64833,25213,5063,155252
7520,597,67137,173955,125248,48707,4953,155252
7521,1632,66464,246009,177127,68883,4778,155252
7522,2597,65837,301299,216935,84364,4550,155252
7523,3425,65298,336055,241960,94095,4285,155252
7524,4061,64885,347910,250495,97415,4000,155252
7525,4461,64626,336055,241960,94095,3715,155252
7526,4597,64537,301299,216935,84364,3450,155252
7527,4461,64626,246009,177127,68883,3222,155252
7528,4061,64885,173955,125248,48707,3047,155252
7529,3425,65298,90046,64833,25213,2937,155252
7530,2597,65837,0,0,0,2900,155252
7531,1632,66464,0,0,0,2937,155252
7532,597,67137,0,0,0,3047,155252
7533,-438,67810,0,0,0,3222,155252
7534,-1403,68437,0,0,0,3450,155252
7535,-2231,68975,0,0,0,3715,155252
7536,-2985,69465,0,0,0,4000,161045
7537,-3385,69725,0,0,0,4285,161045
7538,-3521,69814,0,0,0,4550,161045
7539,-3385,69725,0,0,0,4778,161045
7540,-2985,69465,0,0,0,4953,161045
7541,-2349,69052,0,0,0,5063,161045
7542,-1521,68514,0,0,0,5100,161045
7543,-556,67886,89131,64174,24957,5063,161045
7544,479,67214,172188,123975,48213,4953,161045
7545,1514,66541,243510,175327,68183,4778,161045
7546,2479,65914,298238,214731,83507,4550,161045
7547,3308,65375,332641,239501,93139,4285,161045
7548,3943,64962,344375,247950,96425,4000,161045
7549,4343,64702,332641,239501,93139,3715,161045
7550,4479,64614,298238,214731,83507,3450,161045
7551,4343,64702,243510,175327,68183,3222,161045
7552,3943,64962,172188,123975,48213,3047,161045
7553,3308,65375,89131,64174,24957,2937,161045
7554,2479,65914,0,0,0,2900,161045
7555,1514,66541,0,0,0,2937,161045
7556,479,67214,0,0,0,3047,161045
7557,-556,67886,0,0,0,3222,161045
7558,-1521,68514,0,0,0,3450,161045
7559,-2349,69052,0,0,0,3715,161045
7560,-3100,69540,0,0,0,4000,184500
7561,-3500,69800,0,0,0,4285,184500
7562,-3636,69889,0,0,0,4550,184500
7563,-3500,69800,0,0,0,4778,184500
7564,-3100,69540,0,0,0,4953,184500
7565,-2465,69127,0,0,0,5063,184500
7566,-1636,68589,0,0,0,5100,184500
7567,-672,67962,88234,63529,24706,5063,184500
7568,364,67289,170456,122728,47728,4953,184500
7569,1399,66616,241061,173564,67497,4778,184500
7570,2364,65989,295238,212571,82667,4550,184500
7571,3192,65450,329295,237093,92203,4285,184500
7572,3828,65037,340912,245456,95455,4000,184500
7573,4227,64777,329295,237093,92203,3715,184500
7574,4364,64689,295238,212571,82667,3450,184500
7575,4227,64777,241061,173564,67497,3222,184500
7576,3828,65037,170456,122728,47728,3047,184500
7577,3192,65450,88234,63529,24706,2937,184500
7578,2364,65989,0,0,0,2900,184500
7579,1399,66616,0,0,0,2937,184500
7580,364,67289,0,0,0,3047,184500
7581,-672,67962,0,0,0,3222,184500
7582,-1636,68589,0,0,0,3450,184500
7583,-2465,69127,0,0,0,3715,184500
7584,-3213,69614,0,0,0,4000,207955
7585,-3613,69873,0,0,0,4285,207955
7586,-3749,69962,0,0,0,4550,207955
7587,-3613,69873,0,0,0,4778,207955
7588,-3213,69614,0,0,0,4953,207955
7589,-2578,69201,0,0,0,5063,207955
7590,-1749,68662,0,0,0,5100,207955
7591,-785,68035,87357,62897,24460,5063,207955
7592,251,67362,168760,121507,47253,4953,207955
7593,1286,66689,238663,171837,66826,4778,207955
7594,2251,66062,292301,210457,81844,4550,207955
7595,3079,65524,326020,234734,91285,4285,207955
7596,3715,65110,337520,243015,94506,4000,207955
7597,4114,64851,326020,234734,91285,3715,207955
7598,4251,64762,292301,210457,81844,3450,207955
7599,4114,64851,238663,171837,66826,3222,207955
7600,3715,65110,168760,121507,47253,3047,207955
7601,3079,65524,87357,62897,24460,2937,207955
7602,2251,66062,0,0,0,2900,207955
7603,1286,66689,0,0,0,2937,207955
7604,251,67362,0,0,0,3047,207955
7605,-785,68035,0,0,0,3222,207955
7606,-1749,68662,0,0,0,3450,207955
7607,-2578,69201,0,0,0,3715,207955
7608,-3324,69686,0,0,0,4000,213748
7609,-3724,69945,0,0,0,4285,213748
7610,-3860,70034,0,0,0,4550,213748
7611,-3724,69945,0,0,0,4778,213748
7612,-3324,69686,0,0,0,4953,213748
7613,-2688,69272,0,0,0,5063,213748
7614,-1860,68734,0,0,0,5100,213748
7615,-895,68107,86498,62279,24219,5063,213748
7616,140,67434,167101,120313,46788,4953,213748
7617,1175,66761,236317,170148,66169,4778,213748
7618,2140,66134,289428,208388,81040,4550,213748
7619,2969,65595,322815,232427,90388,4285,213748
7620,3604,65182,334202,240626,93577,4000,213748
7621,4004,64923,322815,232427,90388,3715,213748
7622,4140,64834,289428,208388,81040,3450,213748
7623,4004,64923,236317,170148,66169,3222,213748
7624,3604,65182,167101,120313,46788,3047,213748
7625,2969,65595,86498,62279,24219,2937,213748
7626,2140,66134,0,0,0,2900,213748
7627,1175,66761,0,0,0,2937,213748
7628,140,67434,0,0,0,3047,213748
7629,-895,68107,0,0,0,3222,213748
7630,-1860,68734,0,0,0,3450,213748
7631,-2688,69272,0,0,0,3715,213748
7632,-3432,69756,0,0,0,4000,197517
7633,-3832,70016,0,0,0,4285,197517
7634,-3968,70104,0,0,0,4550,197517
7635,-3832,70016,0,0,0,4778,197517
7636,-3432,69756,0,0,0,4953,197517
7637,-2796,69343,0,0,0,5063,197517
7638,-1968,68804,0,0,0,5100,197517
7639,-1003,68177,85658,61674,23984,5063,197517
7640,32,67504,165479,119145,46334,4953,197517
7641,1067,66831,234023,168497,65527,4778,197517
7642,2032,66204,286619,206365,80253,4550,197517
7643,2860,65666,319682,230171,89511,4285,197517
7644,3496,65253,330959,238290,92668,4000,197517
7645,3896,64993,319682,230171,89511,3715,197517
7646,4032,64904,286619,206365,80253,3450,197517
7647,3896,64993,234023,168497,65527,3222,197517
7648,3496,65253,165479,119145,46334,3047,197517
7649,2860,65666,85658,61674,23984,2937,197517
7650,2032,66204,0,0,0,2900,197517
7651,1067,66831,0,0,0,2937,197517
7652,32,67504,0,0,0,3047,197517
7653,-1003,68177,0,0,0,3222,197517
7654,-1968,68804,0,0,0,3450,197517
7655,-2796,69343,0,0,0,3715,197517
7656,-3538,69825,0,0,0,4000,171483
7657,-3937,70084,0,0,0,4285,171483
7658,-4074,70173,0,0,0,4550,171483
7659,-3937,70084,0,0,0,4778,171483
7660,-3538,69825,0,0,0,4953,171483
7661,-2902,69411,0,0,0,5063,171483
7662,-2074,68873,0,0,0,5100,171483
7663,-1109,68246,84838,61084,23755,5063,171483
7664,-74,67573,163895,118005,45891,4953,171483
7665,962,66900,231783,166884,64899,4778,171483
7666,1926,66273,283875,204390,79485,4550,171483
7667,2755,65734,316621,227967,88654,4285,171483
7668,3390,65321,327791,236009,91781,4000,171483
7669,3790,65061,316621,227967,88654,3715,171483
7670,3926,64973,283875,204390,79485,3450,171483
7671,3790,65061,231783,166884,64899,3222,171483
7672,3390,65321,163895,118005,45891,3047,171483
7673,2755,65734,84838,61084,23755,2937,171483
7674,1926,66273,0,0,0,2900,171483
7675,962,66900,0,0,0,2937,171483
7676,-74,67573,0,0,0,3047,171483
7677,-1109,68246,0,0,0,3222,171483
7678,-2074,68873,0,0,0,3450,171483
7679,-2902,69411,0,0,0,3715,171483
7680,-3641,69892,0,0,0,4000,155252
7681,-4040,70151,0,0,0,4285,155252
7682,-4177,70240,0,0,0,4550,155252
7683,-4040,70151,0,0,0,4778,155252
7684,-3641,69892,0,0,0,4953,155252
7685,-3005,69478,0,0,0,5063,155252
7686,-2177,68940,0,0,0,5100,155252
7687,-1212,68313,84038,60507,23531,5063,155252
7688,-177,67640,162349,116891,45458,4953,155252
7689,859,66967,229596,165309,64287,4778,155252
7690,1823,66340,281197,202462,78735,4550,155252
7691,2652,65801,313635,225817,87818,4285,155252
7692,3287,65388,324698,233783,90916,4000,155252
7693,3687,65128,313635,225817,87818,3715,155252
7694,3823,65040,281197,202462,78735,3450,155252
7695,3687,65128,229596,165309,64287,3222,155252
7696,3287,65388,162349,116891,45458,3047,155252
7697,2652,65801,84038,60507,23531,2937,155252
7698,1823,66340,0,0,0,2900,155252
7699,859,66967,0,0,0,2937,155252
7700,-177,67640,0,0,0,3047,155252
7701,-1212,68313,0,0,0,3222,155252
7702,-2177,68940,0,0,0,3450,155252
7703,-3005,69478,0,0,0,3715,155252
7704,-3741,69957,0,0,0,4000,161045
7705,-4141,70217,0,0,0,4285,161045
7706,-4277,70305,0,0,0,4550,161045
7707,-4141,70217,0,0,0,4778,161045
7708,-3741,69957,0,0,0,4953,161045
7709,-3106,69544,0,0,0,5063,161045
7710,-2277,69005,0,0,0,5100,161045
7711,-1312,68378,83258,59946,23312,5063,161045
7712,-277,67705,160842,115806,45036,4953,161045
7713,758,67032,227465,163774,63690,4778,161045
7714,1723,66405,278586,200582,78004,4550,161045
7715,2551,65867,310722,223720,87002,4285,161045
7716,3187,65454,321683,231612,90071,4000,161045
7717,3586,65194,310722,223720,87002,3715,161045
7718,3723,65105,278586,200582,78004,3450,161045
7719,3586,65194,227465,163774,63690,3222,161045
7720,3187,65454,160842,115806,45036,3047,161045
7721,2551,65867,83258,59946,23312,2937,161045
7722,1723,66405,0,0,0,2900,161045
7723,758,67032,0,0,0,2937,161045
7724,-277,67705,0,0,0,3047,161045
7725,-1312,68378,0,0,0,3222,161045
7726,-2277,69005,0,0,0,3450,161045
7727,-3106,69544,0,0,0,3715,161045
7728,-3839,70020,0,0,0,4000,184500
7729,-4239,70280,0,0,0,4285,184500
7730,-4375,70369,0,0,0,4550,184500
7731,-4239,70280,0,0,0,4778,184500
7732,-3839,70020,0,0,0,4953,184500
7733,-3204,69607,0,0,0,5063,184500
7734,-2375,69069,0,0,0,5100,184500
7735,-1410,68442,82498,59398,23099,5063,184500
7736,-375,67769,159373,114749,44625,4953,184500
7737,660,67096,225388,162279,63109,4778,184500
7738,1625,66469,276043,198751,77292,4550,184500
7739,2453,65930,307886,221678,86208,4285,184500
7740,3089,65517,318747,229498,89249,4000,184500
7741,3489,65257,307886,221678,86208,3715,184500
7742,3625,65169,276043,198751,77292,3450,184500
7743,3489,65257,225388,162279,63109,3222,184500
7744,3089,65517,159373,114749,44625,3047,184500
7745,2453,65930,82498,59398,23099,2937,184500
7746,1625,66469,0,0,0,2900,184500
7747,660,67096,0,0,0,2937,184500
7748,-375,67769,0,0,0,3047,184500
7749,-1410,68442,0,0,0,3222,184500
7750,-2375,69069,0,0,0,3450,184500
7751,-3204,69607,0,0,0,3715,184500
7752,-3934,70082,0,0,0,4000,207955
7753,-4334,70342,0,0,0,4285,207955
7754,-4470,70431,0,0,0,4550,207955
7755,-4334,70342,0,0,0,4778,207955
7756,-3934,70082,0,0,0,4953,207955
7757,-3299,69669,0,0,0,5063,207955
7758,-2470,69131,0,0,0,5100,207955
7759,-1506,68504,81758,58866,22892,5063,207955
7760,-470,67831,157944,113720,44224,4953,207955
7761,565,67158,223367,160824,62543,4778,207955
7762,1530,66531,273567,196969,76599,4550,207955
7763,2358,65992,305125,219690,85435,4285,207955
7764,2994,65579,315889,227440,88449,4000,207955
7765,3393,65319,305125,219690,85435,3715,207955
7766,3530,65231,273567,196969,76599,3450,207955
7767,3393,65319,223367,160824,62543,3222,207955
7768,2994,65579,157944,113720,44224,3047,207955
7769,2358,65992,81758,58866,22892,2937,207955
7770,1530,66531,0,0,0,2900,207955
7771,565,67158,0,0,0,2937,207955
7772,-470,67831,0,0,0,3047,207955
7773,-1506,68504,0,0,0,3222,207955
7774,-2470,69131,0,0,0,3450,207955
7775,-3299,69669,0,0,0,3715,207955
7776,-4027,70143,0,0,0,4000,213748
7777,-4427,70402,0,0,0,4285,213748
7778,-4563,70491,0,0,0,4550,213748
7779,-4427,70402,0,0,0,4778,213748
7780,-4027,70143,0,0,0,4953,213748
7781,-3391,69729,0,0,0,5063,213748
7782,-2563,69191,0,0,0,5100,213748
7783,-1598,68564,81039,58348,22691,5063,213748
7784,-563,67891,156555,112720,43835,4953,213748
7785,472,67218,221402,159410,61993,4778,213748
7786,1437,66591,271161,195236,75925,4550,213748
7787,2265,66052,302441,217758,84684,4285,213748
7788,2901,65639,313110,225439,87671,4000,213748
7789,3301,65380,302441,217758,84684,3715,213748
7790,3437,65291,271161,195236,75925,3450,213748
7791,3301,65380,221402,159410,61993,3222,213748
7792,2901,65639,156555,112720,43835,3047,213748
7793,2265,66052,81039,58348,22691,2937,213748
7794,1437,66591,0,0,0,2900,213748
7795,472,67218,0,0,0,2937,213748
7796,-563,67891,0,0,0,3047,213748
7797,-1598,68564,0,0,0,3222,213748
7798,-2563,69191,0,0,0,3450,213748
7799,-3391,69729,0,0,0,3715,213748
7800,-4117,70201,0,0,0,4000,197517
7801,-4517,70461,0,0,0,4285,197517
7802,-4653,70549,0,0,0,4550,197517
7803,-4517,70461,0,0,0,4778,197517
7804,-4117,70201,0,0,0,4953,197517
7805,-3481,69788,0,0,0,5063,197517
7806,-2653,69249,0,0,0,5100,197517
7807,-1688,68622,80341,57845,22495,5063,197517
7808,-653,67949,155206,111749,43458,4953,197517
7809,382,67276,219495,158036,61459,4778,197517
7810,1347,66649,268825,193554,75271,4550,197517
7811,2176,66111,299835,215882,83954,4285,197517
7812,2811,65698,310413,223497,86916,4000,197517
7813,3211,65438,299835,215882,83954,3715,197517
7814,3347,65349,268825,193554,75271,3450,197517
7815,3211,65438,219495,158036,61459,3222,197517
7816,2811,65698,155206,111749,43458,3047,197517
7817,2176,66111,80341,57845,22495,2937,197517
7818,1347,66649,0,0,0,2900,197517
7819,382,67276,0,0,0,2937,197517
7820,-653,67949,0,0,0,3047,197517
7821,-1688,68622,0,0,0,3222,197517
7822,-2653,69249,0,0,0,3450,197517
7823,-3481,69788,0,0,0,3715,197517
7824,-4204,70258,0,0,0,4000,171483
7825,-4604,70517,0,0,0,4285,171483
7826,-4740,70606,0,0,0,4550,171483
7827,-4604,70517,0,0,0,4778,171483
7828,-4204,70258,0,0,0,4953,171483
7829,-3569,69845,0,0,0,5063,171483
7830,-2740,69306,0,0,0,5100,171483
7831,-1775,68679,79664,57358,22306,5063,171483
7832,-740,68006,153898,110807,43091,4953,171483
7833,295,67333,217645,156704,60941,4778,171483
7834,1260,66706,266559,191923,74637,4550,171483
7835,2088,66168,297308,214062,83246,4285,171483
7836,2724,65754,307796,221613,86183,4000,171483
7837,3124,65495,297308,214062,83246,3715,171483
7838,3260,65406,266559,191923,74637,3450,171483
7839,3124,65495,217645,156704,60941,3222,171483
7840,2724,65754,153898,110807,43091,3047,171483
7841,2088,66168,79664,57358,22306,2937,171483
7842,1260,66706,0,0,0,2900,171483
7843,295,67333,0,0,0,2937,171483
7844,-740,68006,0,0,0,3047,171483
7845,-1775,68679,0,0,0,3222,171483
7846,-2740,69306,0,0,0,3450,171483
7847,-3569,69845,0,0,0,3715,171483
7848,-4289,70313,0,0,0,4000,155252
7849,-4688,70572,0,0,0,4285,155252
7850,-4825,70661,0,0,0,4550,155252
7851,-4688,70572,0,0,0,4778,155252
7852,-4289,70313,0,0,0,4953,155252
7853,-3653,69899,0,0,0,5063,155252
7854,-2825,69361,0,0,0,5100,155252
7855,-1860,68734,79008,56885,22122,5063,155252
7856,-825,68061,152631,109894,42737,4953,155252
7857,211,67388,215853,155414,60439,4778,155252
7858,1175,66761,264365,190343,74022,4550,155252
7859,2004,66223,294860,212299,82561,4285,155252
7860,2639,65809,305262,219789,85473,4000,155252
7861,3039,65550,294860,212299,82561,3715,155252
7862,3175,65461,264365,190343,74022,3450,155252
7863,3039,65550,215853,155414,60439,3222,155252
7864,2639,65809,152631,109894,42737,3047,155252
7865,2004,66223,79008,56885,22122,2937,155252
7866,1175,66761,0,0,0,2900,155252
7867,211,67388,0,0,0,2937,155252
7868,-825,68061,0,0,0,3047,155252
7869,-1860,68734,0,0,0,3222,155252
7870,-2825,69361,0,0,0,3450,155252
7871,-3653,69899,0,0,0,3715,155252
7872,-4370,70366,0,0,0,4000,161045
7873,-4770,70626,0,0,0,4285,161045
7874,-4906,70714,0,0,0,4550,161045
7875,-4770,70626,0,0,0,4778,161045
7876,-4370,70366,0,0,0,4953,161045
7877,-3735,69953,0,0,0,5063,161045
7878,-2906,69414,0,0,0,5100,161045
7879,-1942,68787,78373,56429,21944,5063,161045
7880,-906,68114,151405,109012,42393,4953,161045
7881,129,67441,214119,154166,59953,4778,161045
7882,1094,66814,262242,188814,73428,4550,161045
7883,1922,66276,292493,210595,81898,4285,161045
7884,2558,65862,302811,218024,84787,4000,161045
7885,2957,65603,292493,210595,81898,3715,161045
7886,3094,65514,262242,188814,73428,3450,161045
7887,2957,65603,214119,154166,59953,3222,161045
7888,2558,65862,151405,109012,42393,3047,161045
7889,1922,66276,78373,56429,21944,2937,161045
7890,1094,66814,0,0,0,2900,161045
7891,129,67441,0,0,0,2937,161045
7892,-906,68114,0,0,0,3047,161045
7893,-1942,68787,0,0,0,3222,161045
7894,-2906,69414,0,0,0,3450,161045
7895,-3735,69953,0,0,0,3715,161045
7896,-4449,70417,0,0,0,4000,184500
7897,-4849,70677,0,0,0,4285,184500
7898,-4985,70765,0,0,0,4550,184500
7899,-4849,70677,0,0,0,4778,184500
7900,-4449,70417,0,0,0,4953,184500
7901,-3814,70004,0,0,0,5063,184500
7902,-2985,69465,0,0,0,5100,184500
7903,-2021,68838,77760,55987,21773,5063,184500
7904,-985,68165,150221,108159,42062,4953,184500
7905,50,67492,212445,152961,59485,4778,184500
7906,1015,66865,260191,187338,72854,4550,184500
7907,1843,66327,290206,208948,81258,4285,184500
7908,2479,65914,300443,216319,84124,4000,184500
7909,2878,65654,290206,208948,81258,3715,184500
7910,3015,65565,260191,187338,72854,3450,184500
7911,2878,65654,212445,152961,59485,3222,184500
7912,2479,65914,150221,108159,42062,3047,184500
7913,1843,66327,77760,55987,21773,2937,184500
7914,1015,66865,0,0,0,2900,184500
7915,50,67492,0,0,0,2937,184500
7916,-985,68165,0,0,0,3047,184500
7917,-2021,68838,0,0,0,3222,184500
7918,-2985,69465,0,0,0,3450,184500
7919,-3814,70004,0,0,0,3715,184500
7920,-4525,70467,0,0,0,4000,207955
7921,-4925,70726,0,0,0,4285,207955
7922,-5061,70815,0,0,0,4550,207955
7923,-4925,70726,0,0,0,4778,207955
7924,-4525,70467,0,0,0,4953,207955
7925,-3890,70053,0,0,0,5063,207955
7926,-3061,69515,0,0,0,5100,207955
7927,-2097,68888,77169,55562,21607,5063,207955
7928,-1061,68215,149080,107337,41742,4953,207955
7929,-26,67542,210831,151798,59033,4778,207955
7930,939,66915,258214,185914,72300,4550,207955
7931,1767,66376,288000,207360,80640,4285,207955
7932,2403,65963,298160,214675,83485,4000,207955
7933,2802,65703,288000,207360,80640,3715,207955
7934,2939,65615,258214,185914,72300,3450,207955
7935,2802,65703,210831,151798,59033,3222,207955
7936,2403,65963,149080,107337,41742,3047,207955
7937,1767,66376,77169,55562,21607,2937,207955
7938,939,66915,0,0,0,2900,207955
7939,-26,67542,0,0,0,2937,207955
7940,-1061,68215,0,0,0,3047,207955
7941,-2097,68888,0,0,0,3222,207955
7942,-3061,69515,0,0,0,3450,207955
7943,-3890,70053,0,0,0,3715,207955
7944,-4599,70514,0,0,0,4000,213748
7945,-4998,70774,0,0,0,4285,213748
7946,-5135,70863,0,0,0,4550,213748
7947,-4998,70774,0,0,0,4778,213748
7948,-4599,70514,0,0,0,4953,213748
7949,-3963,70101,0,0,0,5063,213748
7950,-3135,69563,0,0,0,5100,213748
7951,-2170,68935,76600,55152,21448,5063,213748
7952,-1135,68263,147981,106546,41435,4953,213748
7953,-99,67590,209276,150679,58597,4778,213748
7954,865,66963,256310,184543,71767,4550,213748
7955,1694,66424,285877,205831,80045,4285,213748
7956,2329,66011,295961,213092,82869,4000,213748
7957,2729,65751,285877,205831,80045,3715,213748
7958,2865,65663,256310,184543,71767,3450,213748
7959,2729,65751,209276,150679,58597,3222,213748
7960,2329,66011,147981,106546,41435,3047,213748
7961,1694,66424,76600,55152,21448,2937,213748
7962,865,66963,0,0,0,2900,213748
7963,-99,67590,0,0,0,2937,213748
7964,-1135,68263,0,0,0,3047,213748
7965,-2170,68935,0,0,0,3222,213748
7966,-3135,69563,0,0,0,3450,213748
7967,-3963,70101,0,0,0,3715,213748
7968,-4669,70560,0,0,0,4000,197517
7969,-5069,70820,0,0,0,4285,197517
7970,-5205,70908,0,0,0,4550,197517
7971,-5069,70820,0,0,0,4778,197517
7972,-4669,70560,0,0,0,4953,197517
7973,-4033,70147,0,0,0,5063,197517
7974,-3205,69608,0,0,0,5100,197517
7975,-2240,68981,76054,54759,21295,5063,197517
7976,-1205,68308,146924,105785,41139,4953,197517
7977,-170,67635,207782,149603,58179,4778,197517
7978,795,67008,254480,183226,71254,4550,197517
7979,1623,66470,283836,204362,79474,4285,197517
7980,2259,66057,293848,211571,82278,4000,197517
7981,2659,65797,283836,204362,79474,3715,197517
7982,2795,65708,254480,183226,71254,3450,197517
7983,2659,65797,207782,149603,58179,3222,197517
7984,2259,66057,146924,105785,41139,3047,197517
7985,1623,66470,76054,54759,21295,2937,197517
7986,795,67008,0,0,0,2900,197517
7987,-170,67635,0,0,0,2937,197517
7988,-1205,68308,0,0,0,3047,197517
7989,-2240,68981,0,0,0,3222,197517
7990,-3205,69608,0,0,0,3450,197517
7991,-4033,70147,0,0,0,3715,197517
7992,-4737,70604,0,0,0,4000,171483
7993,-5136,70864,0,0,0,4285,171483
7994,-5273,70952,0,0,0,4550,171483
7995,-5136,70864,0,0,0,4778,171483
7996,-4737,70604,0,0,0,4953,171483
7997,-4101,70191,0,0,0,5063,171483
7998,-3273,69652,0,0,0,5100,171483
7999,-2308,69025,75529,54381,21148,5063,171483
8000,-1273,68352,145911,105056,40855,4953,171483
8001,-237,67679,206349,148571,57778,4778,171483
8002,727,67052,252725,181962,70763,4550,171483
8003,1556,66514,281878,202952,78926,4285,171483
8004,2192,66101,291822,210112,81710,4000,171483
8005,2591,65841,281878,202952,78926,3715,171483
8006,2727,65752,252725,181962,70763,3450,171483
8007,2591,65841,206349,148571,57778,3222,171483
8008,2192,66101,145911,105056,40855,3047,171483
8009,1556,66514,75529,54381,21148,2937,171483
8010,727,67052,0,0,0,2900,171483
8011,-237,67679,0,0,0,2937,171483
8012,-1273,68352,0,0,0,3047,171483
8013,-2308,69025,0,0,0,3222,171483
8014,-3273,69652,0,0,0,3450,171483
8015,-4101,70191,0,0,0,3715,171483
8016,-4801,70646,0,0,0,4000,155252
8017,-5201,70906,0,0,0,4285,155252
8018,-5337,70994,0,0,0,4550,155252
8019,-5201,70906,0,0,0,4778,155252
8020,-4801,70646,0,0,0,4953,155252
8021,-4166,70233,0,0,0,5063,155252
8022,-3337,69694,0,0,0,5100,155252
8023,-2373,69067,75027,54019,21008,5063,155252
8024,-1337,68394,144941,104358,40584,4953,155252
8025,-302,67721,204978,147584,57394,4778,155252
8026,663,67094,251046,180753,70293,4550,155252
8027,1491,66556,280005,201604,78401,4285,155252
8028,2127,66143,289882,208715,81167,4000,155252
8029,2526,65883,280005,201604,78401,3715,155252
8030,2663,65794,251046,180753,70293,3450,155252
8031,2526,65883,204978,147584,57394,3222,155252
8032,2127,66143,144941,104358,40584,3047,155252
8033,1491,66556,75027,54019,21008,2937,155252
8034,663,67094,0,0,0,2900,155252
8035,-302,67721,0,0,0,2937,155252
8036,-1337,68394,0,0,0,3047,155252
8037,-2373,69067,0,0,0,3222,155252
8038,-3337,69694,0,0,0,3450,155252
8039,-4166,70233,0,0,0,3715,155252
8040,-4863,70686,0,0,0,4000,161045
8041,-5263,70946,0,0,0,4285,161045
8042,-5399,71034,0,0,0,4550,161045
8043,-5263,70946,0,0,0,4778,161045
8044,-4863,70686,0,0,0,4953,161045
8045,-4227,70273,0,0,0,5063,161045
8046,-3399,69734,0,0,0,5100,161045
8047,-2434,69107,74548,53674,20873,5063,161045
8048,-1399,68434,144015,103691,40324,4953,161045
8049,-364,67761,203668,146641,57027,4778,161045
8050,601,67134,249442,179598,69844,4550,161045
8051,1429,66596,278216,200315,77900,4285,161045
8052,2065,66183,288030,207382,80648,4000,161045
8053,2465,65923,278216,200315,77900,3715,161045
8054,2601,65834,249442,179598,69844,3450,161045
8055,2465,65923,203668,146641,57027,3222,161045
8056,2065,66183,144015,103691,40324,3047,161045
8057,1429,66596,74548,53674,20873,2937,161045
8058,601,67134,0,0,0,2900,161045
8059,-364,67761,0,0,0,2937,161045
8060,-1399,68434,0,0,0,3047,161045
8061,-2434,69107,0,0,0,3222,161045
8062,-3399,69734,0,0,0,3450,161045
8063,-4227,70273,0,0,0,3715,161045
8064,-4922,70724,0,0,0,4000,184500
8065,-5321,70984,0,0,0,4285,184500
8066,-5458,71073,0,0,0,4550,184500
8067,-5321,70984,0,0,0,4778,184500
8068,-4922,70724,0,0,0,4953,184500
8069,-4286,70311,0,0,0,5063,184500
8070,-3458,69773,0,0,0,5100,184500
8071,-2493,69145,74091,53346,20746,5063,184500
8072,-1458,68473,143133,103056,40077,4953,184500
8073,-423,67800,202421,145743,56678,4778,184500
8074,542,67173,247914,178498,69416,4550,184500
8075,1371,66634,276512,199089,77423,4285,184500
8076,2006,66221,286266,206112,80155,4000,184500
8077,2406,65961,276512,199089,77423,3715,184500
8078,2542,65873,247914,178498,69416,3450,184500
8079,2406,65961,202421,145743,56678,3222,184500
8080,2006,66221,143133,103056,40077,3047,184500
8081,1371,66634,74091,53346,20746,2937,184500
8082,542,67173,0,0,0,2900,184500
8083,-423,67800,0,0,0,2937,184500
8084,-1458,68473,0,0,0,3047,184500
8085,-2493,69145,0,0,0,3222,184500
8086,-3458,69773,0,0,0,3450,184500
8087,-4286,70311,0,0,0,3715,184500
8088,-4978,70761,0,0,0,4000,207955
8089,-5377,71020,0,0,0,4285,207955
8090,-5514,71109,0,0,0,4550,207955
8091,-5377,71020,0,0,0,4778,207955
8092,-4978,70761,0,0,0,4953,207955
8093,-4342,70347,0,0,0,5063,207955
8094,-3514,69809,0,0,0,5100,207955
8095,-2549,69182,73657,53033,20624,5063,207955
8096,-1514,68509,142295,102453,39843,4953,207955
8097,-478,67836,201236,144890,56346,4778,207955
8098,486,67209,246463,177453,69010,4550,207955
8099,1315,66670,274893,197923,76970,4285,207955
8100,1950,66257,284590,204905,79685,4000,207955
8101,2350,65997,274893,197923,76970,3715,207955
8102,2486,65909,246463,177453,69010,3450,207955
8103,2350,65997,201236,144890,56346,3222,207955
8104,1950,66257,142295,102453,39843,3047,207955
8105,1315,66670,73657,53033,20624,2937,207955
8106,486,67209,0,0,0,2900,207955
8107,-478,67836,0,0,0,2937,207955
8108,-1514,68509,0,0,0,3047,207955
8109,-2549,69182,0,0,0,3222,207955
8110,-3514,69809,0,0,0,3450,207955
8111,-4342,70347,0,0,0,3715,207955
8112,-5031,70795,0,0,0,4000,213748
8113,-5430,71055,0,0,0,4285,213748
8114,-5567,71143,0,0,0,4550,213748
8115,-5430,71055,0,0,0,4778,213748
8116,-5031,70795,0,0,0,4953,213748
8117,-4395,70382,0,0,0,5063,213748
8118,-3567,69843,0,0,0,5100,213748
8119,-2602,69216,73247,52738,20509,5063,213748
8120,-1567,68543,141502,101881,39621,4953,213748
8121,-531,67870,200114,144082,56032,4778,213748
8122,433,67243,245089,176464,68625,4550,213748
8123,1262,66705,273361,196820,76541,4285,213748
8124,1898,66292,283004,203763,79241,4000,213748
8125,2297,66032,273361,196820,76541,3715,213748
8126,2433,65943,245089,176464,68625,3450,213748
8127,2297,66032,200114,144082,56032,3222,213748
8128,1898,66292,141502,101881,39621,3047,213748
8129,1262,66705,73247,52738,20509,2937,213748
8130,433,67243,0,0,0,2900,213748
8131,-531,67870,0,0,0,2937,213748
8132,-1567,68543,0,0,0,3047,213748
8133,-2602,69216,0,0,0,3222,213748
8134,-3567,69843,0,0,0,3450,213748
8135,-4395,70382,0,0,0,3715,213748
8136,-5081,70827,0,0,0,4000,197517
8137,-5480,71087,0,0,0,4285,197517
8138,-5616,71176,0,0,0,4550,197517
8139,-5480,71087,0,0,0,4778,197517
8140,-5081,70827,0,0,0,4953,197517
8141,-4445,70414,0,0,0,5063,197517
8142,-3616,69876,0,0,0,5100,197517
8143,-2652,69249,72859,52459,20401,5063,197517
8144,-1616,68576,140753,101342,39411,4953,197517
8145,-581,67903,199055,143320,55735,4778,197517
8146,384,67276,243792,175530,68262,4550,197517
8147,1212,66737,271915,195779,76136,4285,197517
8148,1848,66324,281507,202685,78822,4000,197517
8149,2247,66064,271915,195779,76136,3715,197517
8150,2384,65976,243792,175530,68262,3450,197517
8151,2247,66064,199055,143320,55735,3222,197517
8152,1848,66324,140753,101342,39411,3047,197517
8153,1212,66737,72859,52459,20401,2937,197517
8154,384,67276,0,0,0,2900,197517
8155,-581,67903,0,0,0,2937,197517
8156,-1616,68576,0,0,0,3047,197517
8157,-2652,69249,0,0,0,3222,197517
8158,-3616,69876,0,0,0,3450,197517
8159,-4445,70414,0,0,0,3715,197517
8160,-5127,70858,0,0,0,4000,171483
8161,-5527,71118,0,0,0,4285,171483
8162,-5663,71206,0,0,0,4550,171483
8163,-5527,71118,0,0,0,4778,171483
8164,-5127,70858,0,0,0,4953,171483
8165,-4492,70445,0,0,0,5063,171483
8166,-3663,69906,0,0,0,5100,171483
8167,-2699,69279,72495,52196,20299,5063,171483
8168,-1663,68606,140050,100836,39214,4953,171483
8169,-628,67933,198060,142603,55457,4778,171483
8170,337,67306,242573,174653,67921,4550,171483
8171,1165,66768,270555,194800,75756,4285,171483
8172,1801,66355,280100,201672,78428,4000,171483
8173,2200,66095,270555,194800,75756,3715,171483
8174,2337,66006,242573,174653,67921,3450,171483
8175,2200,66095,198060,142603,55457,3222,171483
8176,1801,66355,140050,100836,39214,3047,171483
8177,1165,66768,72495,52196,20299,2937,171483
8178,337,67306,0,0,0,2900,171483
8179,-628,67933,0,0,0,2937,171483
8180,-1663,68606,0,0,0,3047,171483
8181,-2699,69279,0,0,0,3222,171483
8182,-3663,69906,0,0,0,3450,171483
8183,-4492,70445,0,0,0,3715,171483
8184,-5171,70886,0,0,0,4000,155252
8185,-5571,71146,0,0,0,4285,155252
8186,-5707,71235,0,0,0,4550,155252
8187,-5571,71146,0,0,0,4778,155252
8188,-5171,70886,0,0,0,4953,155252
8189,-4536,70473,0,0,0,5063,155252
8190,-3707,69935,0,0,0,5100,155252
8191,-2743,69308,72154,51951,20203,5063,155252
8192,-1707,68635,139391,100362,39030,4953,155252
8193,-672,67962,197129,141933,55196,4778,155252
8194,293,67335,241433,173832,67601,4550,155252
8195,1121,66796,269283,193884,75399,4285,155252
8196,1757,66383,278783,200724,78059,4000,155252
8197,2156,66123,269283,193884,75399,3715,155252
8198,2293,66035,241433,173832,67601,3450,155252
8199,2156,66123,197129,141933,55196,3222,155252
8200,1757,66383,139391,100362,39030,3047,155252
8201,1121,66796,72154,51951,20203,2937,155252
8202,293,67335,0,0,0,2900,155252
8203,-672,67962,0,0,0,2937,155252
8204,-1707,68635,0,0,0,3047,155252
8205,-2743,69308,0,0,0,3222,155252
8206,-3707,69935,0,0,0,3450,155252
8207,-4536,70473,0,0,0,3715,155252
8208,-5212,70913,0,0,0,4000,161045
8209,-5612,71173,0,0,0,4285,161045
8210,-5748,71261,0,0,0,4550,161045
8211,-5612,71173,0,0,0,4778,161045
8212,-5212,70913,0,0,0,4953,161045
8213,-4577,70500,0,0,0,5063,161045
8214,-3748,69961,0,0,0,5100,161045
8215,-2783,69334,71837,51723,20114,5063,161045
8216,-1748,68661,138778,99920,38858,4953,161045
8217,-713,67988,196262,141309,54953,4778,161045
8218,252,67361,240371,173067,67304,4550,161045
8219,1080,66823,268099,193031,75068,4285,161045
8220,1716,66410,277557,199841,77716,4000,161045
8221,2116,66150,268099,193031,75068,3715,161045
8222,2252,66061,240371,173067,67304,3450,161045
8223,2116,66150,196262,141309,54953,3222,161045
8224,1716,66410,138778,99920,38858,3047,161045
8225,1080,66823,71837,51723,20114,2937,161045
8226,252,67361,0,0,0,2900,161045
8227,-713,67988,0,0,0,2937,161045
8228,-1748,68661,0,0,0,3047,161045
8229,-2783,69334,0,0,0,3222,161045
8230,-3748,69961,0,0,0,3450,161045
8231,-4577,70500,0,0,0,3715,161045
8232,-5250,70938,0,0,0,4000,184500
8233,-5650,71197,0,0,0,4285,184500
8234,-5786,71286,0,0,0,4550,184500
8235,-5650,71197,0,0,0,4778,184500
8236,-5250,70938,0,0,0,4953,184500
8237,-4614,70524,0,0,0,5063,184500
8238,-3786,69986,0,0,0,5100,184500
8239,-2821,69359,71543,51511,20032,5063,184500
8240,-1786,68686,138211,99512,38699,4953,184500
8241,-751,68013,195460,140731,54729,4778,184500
8242,214,67386,239388,172360,67029,4550,184500
8243,1042,66847,267003,192242,74761,4285,184500
8244,1678,66434,276422,199024,77398,4000,184500
8245,2078,66174,267003,192242,74761,3715,184500
8246,2214,66086,239388,172360,67029,3450,184500
8247,2078,66174,195460,140731,54729,3222,184500
8248,1678,66434,138211,99512,38699,3047,184500
8249,1042,66847,71543,51511,20032,2937,184500
8250,214,67386,0,0,0,2900,184500
8251,-751,68013,0,0,0,2937,184500
8252,-1786,68686,0,0,0,3047,184500
8253,-2821,69359,0,0,0,3222,184500
8254,-3786,69986,0,0,0,3450,184500
8255,-4614,70524,0,0,0,3715,184500
8256,-5285,70960,0,0,0,4000,207955
8257,-5684,71220,0,0,0,4285,207955
8258,-5821,71308,0,0,0,4550,207955
8259,-5684,71220,0,0,0,4778,207955
8260,-5285,70960,0,0,0,4953,207955
8261,-4649,70547,0,0,0,5063,207955
8262,-3821,70008,0,0,0,5100,207955
8263,-2856,69381,71273,51317,19956,5063,207955
8264,-1821,68708,137689,99136,38553,4953,207955
8265,-785,68036,194722,140200,54522,4778,207955
8266,179,67408,238484,171709,66776,4550,207955
8267,1008,66870,265995,191516,74479,4285,207955
8268,1643,66457,275378,198272,77106,4000,207955
8269,2043,66197,265995,191516,74479,3715,207955
8270,2179,66108,238484,171709,66776,3450,207955
8271,2043,66197,194722,140200,54522,3222,207955
8272,1643,66457,137689,99136,38553,3047,207955
8273,1008,66870,71273,51317,19956,2937,207955
8274,179,67408,0,0,0,2900,207955
8275,-785,68036,0,0,0,2937,207955
8276,-1821,68708,0,0,0,3047,207955
8277,-2856,69381,0,0,0,3222,207955
8278,-3821,70008,0,0,0,3450,207955
8279,-4649,70547,0,0,0,3715,207955
8280,-5317,70981,0,0,0,4000,213748
8281,-5716,71241,0,0,0,4285,213748
8282,-5852,71329,0,0,0,4550,213748
8283,-5716,71241,0,0,0,4778,213748
8284,-5317,70981,0,0,0,4953,213748
8285,-4681,70568,0,0,0,5063,213748
8286,-3852,70029,0,0,0,5100,213748
8287,-2888,69402,71027,51139,19887,5063,213748
8288,-1852,68729,137213,98793,38420,4953,213748
8289,-817,68056,194049,139715,54334,4778,213748
8290,148,67429,237660,171115,66545,4550,213748
8291,976,66891,265075,190854,74221,4285,213748
8292,1612,66477,274426,197587,76839,4000,213748
8293,2011,66218,265075,190854,74221,3715,213748
8294,2148,66129,237660,171115,66545,3450,213748
8295,2011,66218,194049,139715,54334,3222,213748
8296,1612,66477,137213,98793,38420,3047,213748
8297,976,66891,71027,51139,19887,2937,213748
8298,148,67429,0,0,0,2900,213748
8299,-817,68056,0,0,0,2937,213748
8300,-1852,68729,0,0,0,3047,213748
8301,-2888,69402,0,0,0,3222,213748
8302,-3852,70029,0,0,0,3450,213748
8303,-4681,70568,0,0,0,3715,213748
8304,-5345,70999,0,0,0,4000,197517
8305,-5745,71259,0,0,0,4285,197517
8306,-5881,71348,0,0,0,4550,197517
8307,-5745,71259,0,0,0,4778,197517
8308,-5345,70999,0,0,0,4953,197517
8309,-4710,70586,0,0,0,5063,197517
8310,-3881,70048,0,0,0,5100,197517
8311,-2916,69421,70804,50979,19825,5063,197517
8312,-1881,68748,136783,98484,38299,4953,197517
8313,-846,68075,193441,139277,54163,4778,197517
8314,119,67448,236916,170579,66336,4550,197517
8315,947,66909,264245,190256,73989,4285,197517
8316,1583,66496,273567,196968,76599,4000,197517
8317,1983,66236,264245,190256,73989,3715,197517
8318,2119,66148,236916,170579,66336,3450,197517
8319,1983,66236,193441,139277,54163,3222,197517
8320,1583,66496,136783,98484,38299,3047,197517
8321,947,66909,70804,50979,19825,2937,197517
8322,119,67448,0,0,0,2900,197517
8323,-846,68075,0,0,0,2937,197517
8324,-1881,68748,0,0,0,3047,197517
8325,-2916,69421,0,0,0,3222,197517
8326,-3881,70048,0,0,0,3450,197517
8327,-4710,70586,0,0,0,3715,197517
8328,-5371,71016,0,0,0,4000,171483
8329,-5770,71276,0,0,0,4285,171483
8330,-5907,71364,0,0,0,4550,171483
8331,-5770,71276,0,0,0,4778,171483
8332,-5371,71016,0,0,0,4953,171483
8333,-4735,70603,0,0,0,5063,171483
8334,-3907,70064,0,0,0,5100,171483
8335,-2942,69437,70606,50836,19770,5063,171483
8336,-1907,68764,136400,98208,38192,4953,171483
8337,-871,68091,192898,138887,54011,4778,171483
8338,93,67464,236251,170101,66150,4550,171483
8339,922,66926,263504,189723,73781,4285,171483
8340,1557,66513,272799,196415,76384,4000,171483
8341,1957,66253,263504,189723,73781,3715,171483
8342,2093,66164,236251,170101,66150,3450,171483
8343,1957,66253,192898,138887,54011,3222,171483
8344,1557,66513,136400,98208,38192,3047,171483
8345,922,66926,70606,50836,19770,2937,171483
8346,93,67464,0,0,0,2900,171483
8347,-871,68091,0,0,0,2937,171483
8348,-1907,68764,0,0,0,3047,171483
8349,-2942,69437,0,0,0,3222,171483
8350,-3907,70064,0,0,0,3450,171483
8351,-4735,70603,0,0,0,3715,171483
8352,-5393,71031,0,0,0,4000,155252
8353,-5793,71290,0,0,0,4285,155252
8354,-5929,71379,0,0,0,4550,155252
8355,-5793,71290,0,0,0,4778,155252
8356,-5393,71031,0,0,0,4953,155252
8357,-4758,70617,0,0,0,5063,155252
8358,-3929,70079,0,0,0,5100,155252
8359,-2964,69452,70431,50710,19721,5063,155252
8360,-1929,68779,136062,97965,38097,4953,155252
8361,-894,68106,192421,138543,53878,4778,155252
8362,71,67479,235666,169680,65987,4550,155252
8363,899,66941,262852,189253,73598,4285,155252
8364,1535,66527,272124,195929,76195,4000,155252
8365,1935,66268,262852,189253,73598,3715,155252
8366,2071,66179,235666,169680,65987,3450,155252
8367,1935,66268,192421,138543,53878,3222,155252
8368,1535,66527,136062,97965,38097,3047,155252
8369,899,66941,70431,50710,19721,2937,155252
8370,71,67479,0,0,0,2900,155252
8371,-894,68106,0,0,0,2937,155252
8372,-1929,68779,0,0,0,3047,155252
8373,-2964,69452,0,0,0,3222,155252
8374,-3929,70079,0,0,0,3450,155252
8375,-4758,70617,0,0,0,3715,155252
8376,-5413,71043,0,0,0,4000,161045
8377,-5812,71303,0,0,0,4285,161045
8378,-5949,71392,0,0,0,4550,161045
8379,-5812,71303,0,0,0,4778,161045
8380,-5413,71043,0,0,0,4953,161045
8381,-4777,70630,0,0,0,5063,161045
8382,-3949,70092,0,0,0,5100,161045
8383,-2984,69465,70280,50602,19678,5063,161045
8384,-1949,68792,135771,97755,38016,4953,161045
8385,-913,68119,192009,138247,53763,4778,161045
8386,51,67492,235162,169317,65845,4550,161045
8387,880,66953,262289,188848,73441,4285,161045
8388,1515,66540,271542,195510,76032,4000,161045
8389,1915,66280,262289,188848,73441,3715,161045
8390,2051,66192,235162,169317,65845,3450,161045
8391,1915,66280,192009,138247,53763,3222,161045
8392,1515,66540,135771,97755,38016,3047,161045
8393,880,66953,70280,50602,19678,2937,161045
8394,51,67492,0,0,0,2900,161045
8395,-913,68119,0,0,0,2937,161045
8396,-1949,68792,0,0,0,3047,161045
8397,-2984,69465,0,0,0,3222,161045
8398,-3949,70092,0,0,0,3450,161045
8399,-4777,70630,0,0,0,3715,161045
8400,-5429,71054,0,0,0,4000,184500
8401,-5829,71314,0,0,0,4285,184500
8402,-5965,71402,0,0,0,4550,184500
8403,-5829,71314,0,0,0,4778,184500
8404,-5429,71054,0,0,0,4953,184500
8405,-4793,70641,0,0,0,5063,184500
8406,-3965,70102,0,0,0,5100,184500
8407,-3000,69475,70154,50511,19643,5063,184500
8408,-1965,68802,135526,97579,37947,4953,184500
8409,-930,68129,191663,137997,53666,4778,184500
8410,35,67502,234738,169012,65727,4550,184500
8411,864,66964,261817,188508,73309,4285,184500
8412,1499,66551,271052,195158,75895,4000,184500
8413,1899,66291,261817,188508,73309,3715,184500
8414,2035,66202,234738,169012,65727,3450,184500
8415,1899,66291,191663,137997,53666,3222,184500
8416,1499,66551,135526,97579,37947,3047,184500
8417,864,66964,70154,50511,19643,2937,184500
8418,35,67502,0,0,0,2900,184500
8419,-930,68129,0,0,0,2937,184500
8420,-1965,68802,0,0,0,3047,184500
8421,-3000,69475,0,0,0,3222,184500
8422,-3965,70102,0,0,0,3450,184500
8423,-4793,70641,0,0,0,3715,184500
8424,-5442,71062,0,0,0,4000,207955
8425,-5842,71322,0,0,0,4285,207955
8426,-5978,71411,0,0,0,4550,207955
8427,-5842,71322,0,0,0,4778,207955
8428,-5442,71062,0,0,0,4953,207955
8429,-4807,70649,0,0,0,5063,207955
8430,-3978,70111,0,0,0,5100,207955
8431,-3013,69484,70051,50437,19614,5063,207955
8432,-1978,68811,135328,97436,37892,4953,207955
8433,-943,68138,191383,137796,53587,4778,207955
8434,22,67511,234395,168764,65631,4550,207955
8435,850,66972,261434,188232,73201,4285,207955
8436,1486,66559,270656,194872,75784,4000,207955
8437,1886,66299,261434,188232,73201,3715,207955
8438,2022,66211,234395,168764,65631,3450,207955
8439,1886,66299,191383,137796,53587,3222,207955
8440,1486,66559,135328,97436,37892,3047,207955
8441,850,66972,70051,50437,19614,2937,207955
8442,22,67511,0,0,0,2900,207955
8443,-943,68138,0,0,0,2937,207955
8444,-1978,68811,0,0,0,3047,207955
8445,-3013,69484,0,0,0,3222,207955
8446,-3978,70111,0,0,0,3450,207955
8447,-4807,70649,0,0,0,3715,207955
8448,-5452,71069,0,0,0,4000,213748
8449,-5852,71329,0,0,0,4285,213748
8450,-5988,71417,0,0,0,4550,213748
8451,-5852,71329,0,0,0,4778,213748
8452,-5452,71069,0,0,0,4953,213748
8453,-4817,70656,0,0,0,5063,213748
8454,-3988,70117,0,0,0,5100,213748
8455,-3024,69490,69972,50380,19592,5063,213748
8456,-1988,68817,135176,97327,37849,4953,213748
8457,-953,68144,191168,137641,53527,4778,213748
8458,12,67517,234132,168575,65557,4550,213748
8459,840,66979,261141,188021,73119,4285,213748
8460,1476,66566,270353,194654,75699,4000,213748
8461,1875,66306,261141,188021,73119,3715,213748
8462,2012,66217,234132,168575,65557,3450,213748
8463,1875,66306,191168,137641,53527,3222,213748
8464,1476,66566,135176,97327,37849,3047,213748
8465,840,66979,69972,50380,19592,2937,213748
8466,12,67517,0,0,0,2900,213748
8467,-953,68144,0,0,0,2937,213748
8468,-1988,68817,0,0,0,3047,213748
8469,-3024,69490,0,0,0,3222,213748
8470,-3988,70117,0,0,0,3450,213748
8471,-4817,70656,0,0,0,3715,213748
8472,-5459,71074,0,0,0,4000,197517
8473,-5859,71333,0,0,0,4285,197517
8474,-5995,71422,0,0,0,4550,197517
8475,-5859,71333,0,0,0,4778,197517
8476,-5459,71074,0,0,0,4953,197517
8477,-4824,70660,0,0,0,5063,197517
8478,-3995,70122,0,0,0,5100,197517
8479,-3031,69495,69918,50341,19577,5063,197517
8480,-1995,68822,135071,97251,37820,4953,197517
8481,-960,68149,191020,137534,53486,4778,197517
8482,5,67522,233951,168444,65506,4550,197517
8483,833,66983,260938,187875,73063,4285,197517
8484,1469,66570,270143,194503,75640,4000,197517
8485,1868,66310,260938,187875,73063,3715,197517
8486,2005,66222,233951,168444,65506,3450,197517
8487,1868,66310,191020,137534,53486,3222,197517
8488,1469,66570,135071,97251,37820,3047,197517
8489,833,66983,69918,50341,19577,2937,197517
8490,5,67522,0,0,0,2900,197517
8491,-960,68149,0,0,0,2937,197517
8492,-1995,68822,0,0,0,3047,197517
8493,-3031,69495,0,0,0,3222,197517
8494,-3995,70122,0,0,0,3450,197517
8495,-4824,70660,0,0,0,3715,197517
8496,-5463,71076,0,0,0,4000,171483
8497,-5863,71336,0,0,0,4285,171483
8498,-5999,71424,0,0,0,4550,171483
8499,-5863,71336,0,0,0,4778,171483
8500,-5463,71076,0,0,0,4953,171483
8501,-4828,70663,0,0,0,5063,171483
8502,-3999,70124,0,0,0,5100,171483
8503,-3034,69497,69888,50319,19569,5063,171483
8504,-1999,68824,135013,97209,37804,4953,171483
8505,-964,68152,190937,137475,53462,4778,171483
8506,1,67524,233850,168372,65478,4550,171483
8507,829,66986,260825,187794,73031,4285,171483
8508,1465,66573,270026,194419,75607,4000,171483
8509,1865,66313,260825,187794,73031,3715,171483
8510,2001,66224,233850,168372,65478,3450,171483
8511,1865,66313,190937,137475,53462,3222,171483
8512,1465,66573,135013,97209,37804,3047,171483
8513,829,66986,69888,50319,19569,2937,171483
8514,1,67524,0,0,0,2900,171483
8515,-964,68152,0,0,0,2937,171483
8516,-1999,68824,0,0,0,3047,171483
8517,-3034,69497,0,0,0,3222,171483
8518,-3999,70124,0,0,0,3450,171483
8519,-4828,70663,0,0,0,3715,171483
8520,-5464,71077,0,0,0,4000,155252
8521,-5864,71336,0,0,0,4285,155252
8522,-6000,71425,0,0,0,4550,155252
8523,-5864,71336,0,0,0,4778,155252
8524,-5464,71077,0,0,0,4953,155252
8525,-4828,70663,0,0,0,5063,155252
8526,-4000,70125,0,0,0,5100,155252
8527,-3035,69498,69882,50315,19567,5063,155252
8528,-2000,68825,135001,97201,37800,4953,155252
8529,-965,68152,190921,137463,53458,4778,155252
8530,0,67525,233829,168357,65472,4550,155252
8531,829,66986,260803,187778,73025,4285,155252
8532,1464,66573,270003,194402,75601,4000,155252
8533,1864,66314,260803,187778,73025,3715,155252
8534,2000,66225,233829,168357,65472,3450,155252
8535,1864,66314,190921,137463,53458,3222,155252
8536,1464,66573,135001,97201,37800,3047,155252
8537,829,66986,69882,50315,19567,2937,155252
8538,0,67525,0,0,0,2900,155252
8539,-965,68152,0,0,0,2937,155252
8540,-2000,68825,0,0,0,3047,155252
8541,-3035,69498,0,0,0,3222,155252
8542,-4000,70125,0,0,0,3450,155252
8543,-4828,70663,0,0,0,3715,155252
8544,-5462,71075,0,0,0,4000,161045
8545,-5861,71335,0,0,0,4285,161045
8546,-5998,71423,0,0,0,4550,161045
8547,-5861,71335,0,0,0,4778,161045
8548,-5462,71075,0,0,0,4953,161045
8549,-4826,70662,0,0,0,5063,161045
8550,-3998,70123,0,0,0,5100,161045
8551,-3033,69496,69900,50328,19572,5063,161045
8552,-1998,68823,135036,97226,37810,4953,161045
8553,-962,68150,190970,137499,53472,4778,161045
8554,2,67523,233890,168401,65489,4550,161045
8555,831,66985,260870,187827,73044,4285,161045
8556,1467,66572,270073,194453,75620,4000,161045
8557,1866,66312,260870,187827,73044,3715,161045
8558,2002,66223,233890,168401,65489,3450,161045
8559,1866,66312,190970,137499,53472,3222,161045
8560,1467,66572,135036,97226,37810,3047,161045
8561,831,66985,69900,50328,19572,2937,161045
8562,2,67523,0,0,0,2900,161045
8563,-962,68150,0,0,0,2937,161045
8564,-1998,68823,0,0,0,3047,161045
8565,-3033,69496,0,0,0,3222,161045
8566,-3998,70123,0,0,0,3450,161045
8567,-4826,70662,0,0,0,3715,161045
8568,-5456,71072,0,0,0,4000,184500
8569,-5856,71331,0,0,0,4285,184500
8570,-5992,71420,0,0,0,4550,184500
8571,-5856,71331,0,0,0,4778,184500
8572,-5456,71072,0,0,0,4953,184500
8573,-4821,70658,0,0,0,5063,184500
8574,-3992,70120,0,0,0,5100,184500
8575,-3027,69493,69942,50358,19584,5063,184500
8576,-1992,68820,135118,97285,37833,4953,184500
8577,-957,68147,191086,137582,53504,4778,184500
8578,8,67520,234031,168503,65529,4550,184500
8579,836,66981,261028,187940,73088,4285,184500
8580,1472,66568,270236,194570,75666,4000,184500
8581,1872,66308,261028,187940,73088,3715,184500
8582,2008,66220,234031,168503,65529,3450,184500
8583,1872,66308,191086,137582,53504,3222,184500
8584,1472,66568,135118,97285,37833,3047,184500
8585,836,66981,69942,50358,19584,2937,184500
8586,8,67520,0,0,0,2900,184500
8587,-957,68147,0,0,0,2937,184500
8588,-1992,68820,0,0,0,3047,184500
8589,-3027,69493,0,0,0,3222,184500
8590,-3992,70120,0,0,0,3450,184500
8591,-4821,70658,0,0,0,3715,184500
8592,-5448,71066,0,0,0,4000,207955
8593,-5847,71326,0,0,0,4285,207955
8594,-5984,71414,0,0,0,4550,207955
8595,-5847,71326,0,0,0,4778,207955
8596,-5448,71066,0,0,0,4953,207955
8597,-4812,70653,0,0,0,5063,207955
8598,-3984,70114,0,0,0,5100,207955
8599,-3019,69487,70009,50406,19602,5063,207955
8600,-1984,68814,135246,97377,37869,4953,207955
8601,-948,68141,191267,137712,53555,4778,207955
8602,16,67514,234254,168663,65591,4550,207955
8603,845,66976,261276,188119,73157,4285,207955
8604,1481,66563,270493,194755,75738,4000,207955
8605,1880,66303,261276,188119,73157,3715,207955
8606,2016,66214,234254,168663,65591,3450,207955
8607,1880,66303,191267,137712,53555,3222,207955
8608,1481,66563,135246,97377,37869,3047,207955
8609,845,66976,70009,50406,19602,2937,207955
8610,16,67514,0,0,0,2900,207955
8611,-948,68141,0,0,0,2937,207955
8612,-1984,68814,0,0,0,3047,207955
8613,-3019,69487,0,0,0,3222,207955
8614,-3984,70114,0,0,0,3450,207955
8615,-4812,70653,0,0,0,3715,207955
8616,-5436,71058,0,0,0,4000,213748
8617,-5836,71318,0,0,0,4285,213748
8618,-5972,71407,0,0,0,4550,213748
8619,-5836,71318,0,0,0,4778,213748
8620,-5436,71058,0,0,0,4953,213748
8621,-4800,70645,0,0,0,5063,213748
8622,-3972,70107,0,0,0,5100,213748
8623,-3007,69480,70099,50471,19628,5063,213748
8624,-1972,68807,135421,97503,37918,4953,213748
8625,-937,68134,191515,137891,53624,4778,213748
8626,28,67507,234557,168881,65676,4550,213748
8627,857,66968,261614,188362,73252,4285,213748
8628,1492,66555,270843,195007,75836,4000,213748
8629,1892,66295,261614,188362,73252,3715,213748
8630,2028,66207,234557,168881,65676,3450,213748
8631,1892,66295,191515,137891,53624,3222,213748
8632,1492,66555,135421,97503,37918,3047,213748
8633,857,66968,70099,50471,19628,2937,213748
8634,28,67507,0,0,0,2900,213748
8635,-937,68134,0,0,0,2937,213748
8636,-1972,68807,0,0,0,3047,213748
8637,-3007,69480,0,0,0,3222,213748
8638,-3972,70107,0,0,0,3450,213748
8639,-4800,70645,0,0,0,3715,213748
8640,-5421,71049,0,0,0,4000,197517
8641,-5821,71309,0,0,0,4285,197517
8642,-5957,71397,0,0,0,4550,197517
8643,-5821,71309,0,0,0,4778,197517
8644,-5421,71049,0,0,0,4953,197517
8645,-4786,70636,0,0,0,5063,197517
8646,-3957,70097,0,0,0,5100,197517
8647,-2992,69470,70214,50554,19660,5063,197517
8648,-1957,68797,135643,97663,37980,4953,197517
8649,-922,68124,191828,138116,53712,4778,197517
8650,43,67497,234940,169157,65783,4550,197517
8651,871,66959,262042,188670,73372,4285,197517
8652,1507,66545,271286,195326,75960,4000,197517
8653,1907,66286,262042,188670,73372,3715,197517
8654,2043,66197,234940,169157,65783,3450,197517
8655,1907,66286,191828,138116,53712,3222,197517
8656,1507,66545,135643,97663,37980,3047,197517
8657,871,66959,70214,50554,19660,2937,197517
8658,43,67497,0,0,0,2900,197517
8659,-922,68124,0,0,0,2937,197517
8660,-1957,68797,0,0,0,3047,197517
8661,-2992,69470,0,0,0,3222,197517
8662,-3957,70097,0,0,0,3450,197517
8663,-4786,70636,0,0,0,3715,197517
8664,-5403,71037,0,0,0,4000,171483
8665,-5803,71297,0,0,0,4285,171483
8666,-5939,71386,0,0,0,4550,171483
8667,-5803,71297,0,0,0,4778,171483
8668,-5403,71037,0,0,0,4953,171483
8669,-4768,70624,0,0,0,5063,171483
8670,-3939,70086,0,0,0,5100,171483
8671,-2975,69458,70353,50654,19699,5063,171483
8672,-1939,68786,135911,97856,38055,4953,171483
8673,-904,68113,192207,138389,53818,4778,171483
8674,61,67486,235404,169491,65913,4550,171483
8675,889,66947,262559,189043,73517,4285,171483
8676,1525,66534,271821,195711,76110,4000,171483
8677,1924,66274,262559,189043,73517,3715,171483
8678,2061,66186,235404,169491,65913,3450,171483
8679,1924,66274,192207,138389,53818,3222,171483
8680,1525,66534,135911,97856,38055,3047,171483
8681,889,66947,70353,50654,19699,2937,171483
8682,61,67486,0,0,0,2900,171483
8683,-904,68113,0,0,0,2937,171483
8684,-1939,68786,0,0,0,3047,171483
8685,-2975,69458,0,0,0,3222,171483
8686,-3939,70086,0,0,0,3450,171483
8687,-4768,70624,0,0,0,3715,171483
8688,-5382,71024,0,0,0,4000,155252
8689,-5782,71283,0,0,0,4285,155252
8690,-5918,71372,0,0,0,4550,155252
8691,-5782,71283,0,0,0,4778,155252
8692,-5382,71024,0,0,0,4953,155252
8693,-4747,70610,0,0,0,5063,155252
8694,-3918,70072,0,0,0,5100,155252
8695,-2954,69445,70515,50771,19744,5063,155252
8696,-1918,68772,136225,98082,38143,4953,155252
8697,-883,68099,192651,138709,53942,4778,155252
8698,82,67472,235949,169883,66066,4550,155252
8699,910,66933,263166,189480,73687,4285,155252
8700,1546,66520,272450,196164,76286,4000,155252
8701,1945,66261,263166,189480,73687,3715,155252
8702,2082,66172,235949,169883,66066,3450,155252
8703,1945,66261,192651,138709,53942,3222,155252
8704,1546,66520,136225,98082,38143,3047,155252
8705,910,66933,70515,50771,19744,2937,155252
8706,82,67472,0,0,0,2900,155252
8707,-883,68099,0,0,0,2937,155252
8708,-1918,68772,0,0,0,3047,155252
8709,-2954,69445,0,0,0,3222,155252
8710,-3918,70072,0,0,0,3450,155252
8711,-4747,70610,0,0,0,3715,155252
8712,-5358,71008,0,0,0,4000,161045
8713,-5758,71268,0,0,0,4285,161045
8714,-5894,71356,0,0,0,4550,161045
8715,-5758,71268,0,0,0,4778,161045
8716,-5358,71008,0,0,0,4953,161045
8717,-4723,70595,0,0,0,5063,161045
8718,-3894,70056,0,0,0,5100,161045
8719,-2930,69429,70702,50905,19797,5063,161045
8720,-1894,68756,136586,98342,38244,4953,161045
8721,-859,68083,193161,139076,54085,4778,161045
8722,106,67456,236573,170333,66241,4550,161045
8723,934,66918,263863,189981,73882,4285,161045
8724,1570,66505,273171,196683,76488,4000,161045
8725,1969,66245,263863,189981,73882,3715,161045
8726,2106,66156,236573,170333,66241,3450,161045
8727,1969,66245,193161,139076,54085,3222,161045
8728,1570,66505,136586,98342,38244,3047,161045
8729,934,66918,70702,50905,19797,2937,161045
8730,106,67456,0,0,0,2900,161045
8731,-859,68083,0,0,0,2937,161045
8732,-1894,68756,0,0,0,3047,161045
8733,-2930,69429,0,0,0,3222,161045
8734,-3894,70056,0,0,0,3450,161045
8735,-4723,70595,0,0,0,3715,161045
8736,-5331,70990,0,0,0,4000,184500
8737,-5731,71250,0,0,0,4285,184500
8738,-5867,71339,0,0,0,4550,184500
8739,-5731,71250,0,0,0,4778,184500
8740,-5331,70990,0,0,0,4953,184500
8741,-4696,70577,0,0,0,5063,184500
8742,-3867,70039,0,0,0,5100,184500
8743,-2902,69412,70913,51057,19856,5063,184500
8744,-1867,68739,136992,98635,38358,4953,184500
8745,-832,68066,193737,139490,54246,4778,184500
8746,133,67439,237278,170840,66438,4550,184500
8747,961,66900,264649,190547,74102,4285,184500
8748,1597,66487,273985,197269,76716,4000,184500
8749,1997,66227,264649,190547,74102,3715,184500
8750,2133,66139,237278,170840,66438,3450,184500
8751,1997,66227,193737,139490,54246,3222,184500
8752,1597,66487,136992,98635,38358,3047,184500
8753,961,66900,70913,51057,19856,2937,184500
8754,133,67439,0,0,0,2900,184500
8755,-832,68066,0,0,0,2937,184500
8756,-1867,68739,0,0,0,3047,184500
8757,-2902,69412,0,0,0,3222,184500
8758,-3867,70039,0,0,0,3450,184500
8759,-4696,70577,0,0,0,3715,184500
