hour,dry_bulb_temp_milli_c,relative_humidity_milli_pct,global_horizontal_milli_wh_m2,direct_normal_milli_wh_m2,diffuse_horizontal_milli_wh_m2,wind_speed_milli_m_s,wind_direction_milli_deg
0,-324,70011,0,0,0,3000,184300
1,-724,70271,0,0,0,3285,184300
2,-860,70359,0,0,0,3550,184300
3,-724,70271,0,0,0,3778,184300
4,-324,70011,0,0,0,3953,184300
5,311,69598,0,0,0,4063,184300
6,1140,69059,0,0,0,4100,184300
7,2104,68432,71147,51226,19921,4063,184300
8,3140,67759,137445,98961,38485,3953,184300
9,4175,67086,194377,139952,54426,3778,184300
10,5140,66459,238062,171405,66657,3550,184300
11,5968,65921,265524,191177,74347,3285,184300
12,6604,65508,274891,197921,76969,3000,184300
13,7003,65248,265524,191177,74347,2715,184300
14,7140,65159,238062,171405,66657,2450,184300
15,7003,65248,194377,139952,54426,2222,184300
16,6604,65508,137445,98961,38485,2047,184300
17,5968,65921,71147,51226,19921,1937,184300
18,5140,66459,0,0,0,1900,184300
19,4175,67086,0,0,0,1937,184300
20,3140,67759,0,0,0,2047,184300
21,2104,68432,0,0,0,2222,184300
22,1140,69059,0,0,0,2450,184300
23,311,69598,0,0,0,2715,184300
24,-296,69992,0,0,0,3000,207755
25,-695,70252,0,0,0,3285,207755
26,-832,70341,0,0,0,3550,207755
27,-695,70252,0,0,0,3778,207755
28,-296,69992,0,0,0,3953,207755
29,340,69579,0,0,0,4063,207755
30,1168,69041,0,0,0,4100,207755
31,2133,68414,71405,51412,19993,4063,207755
32,3168,67741,137944,99320,38624,3953,207755
33,4204,67068,195083,140459,54623,3778,207755
34,5168,66441,238926,172027,66899,3550,207755
35,5997,65902,266488,191871,74617,3285,207755
36,6632,65489,275888,198640,77249,3000,207755
37,7032,65229,266488,191871,74617,2715,207755
38,7168,65141,238926,172027,66899,2450,207755
39,7032,65229,195083,140459,54623,2222,207755
40,6632,65489,137944,99320,38624,2047,207755
41,5997,65902,71405,51412,19993,1937,207755
42,5168,66441,0,0,0,1900,207755
43,4204,67068,0,0,0,1937,207755
44,3168,67741,0,0,0,2047,207755
45,2133,68414,0,0,0,2222,207755
46,1168,69041,0,0,0,2450,207755
47,340,69579,0,0,0,2715,207755
48,-265,69972,0,0,0,3000,213548
49,-664,70232,0,0,0,3285,213548
50,-801,70320,0,0,0,3550,213548
51,-664,70232,0,0,0,3778,213548
52,-265,69972,0,0,0,3953,213548
53,371,69559,0,0,0,4063,213548
54,1199,69020,0,0,0,4100,213548
55,2164,68393,71687,51615,20072,4063,213548
56,3199,67720,138489,99712,38777,3953,213548
57,4235,67047,195853,141014,54839,3778,213548
58,5199,66420,239870,172706,67164,3550,213548
59,6028,65882,267540,192629,74911,3285,213548
60,6663,65469,276978,199424,77554,3000,213548
61,7063,65209,267540,192629,74911,2715,213548
62,7199,65120,239870,172706,67164,2450,213548
63,7063,65209,195853,141014,54839,2222,213548
64,6663,65469,138489,99712,38777,2047,213548
65,6028,65882,71687,51615,20072,1937,213548
66,5199,66420,0,0,0,1900,213548
67,4235,67047,0,0,0,1937,213548
68,3199,67720,0,0,0,2047,213548
69,2164,68393,0,0,0,2222,213548
70,1199,69020,0,0,0,2450,213548
71,371,69559,0,0,0,2715,213548
72,-231,69950,0,0,0,3000,197317
73,-631,70210,0,0,0,3285,197317
74,-767,70298,0,0,0,3550,197317
75,-631,70210,0,0,0,3778,197317
76,-231,69950,0,0,0,3953,197317
77,405,69537,0,0,0,4063,197317
78,1233,68998,0,0,0,4100,197317
79,2198,68371,71993,51835,20158,4063,197317
80,3233,67698,139079,100137,38942,3953,197317
81,4268,67026,196688,141615,55073,3778,197317
82,5233,66398,240892,173442,67450,3550,197317
83,6062,65860,268680,193450,75230,3285,197317
84,6697,65447,278158,200274,77884,3000,197317
85,7097,65187,268680,193450,75230,2715,197317
86,7233,65098,240892,173442,67450,2450,197317
87,7097,65187,196688,141615,55073,2222,197317
88,6697,65447,139079,100137,38942,2047,197317
89,6062,65860,71993,51835,20158,1937,197317
90,5233,66398,0,0,0,1900,197317
91,4268,67026,0,0,0,1937,197317
92,3233,67698,0,0,0,2047,197317
93,2198,68371,0,0,0,2222,197317
94,1233,68998,0,0,0,2450,197317
95,405,69537,0,0,0,2715,197317
96,-195,69927,0,0,0,3000,171283
97,-594,70186,0,0,0,3285,171283
98,-731,70275,0,0,0,3550,171283
99,-594,70186,0,0,0,3778,171283
100,-195,69927,0,0,0,3953,171283
101,441,69513,0,0,0,4063,171283
102,1269,68975,0,0,0,4100,171283
103,2234,68348,72322,52072,20250,4063,171283
104,3269,67675,139715,100595,39120,3953,171283
105,4305,67002,197587,142262,55324,3778,171283
106,5269,66375,241993,174235,67758,3550,171283
107,6098,65836,269909,194334,75574,3285,171283
108,6734,65423,279430,201190,78240,3000,171283
109,7133,65163,269909,194334,75574,2715,171283
110,7269,65075,241993,174235,67758,2450,171283
111,7133,65163,197587,142262,55324,2222,171283
112,6734,65423,139715,100595,39120,2047,171283
113,6098,65836,72322,52072,20250,1937,171283
114,5269,66375,0,0,0,1900,171283
115,4305,67002,0,0,0,1937,171283
116,3269,67675,0,0,0,2047,171283
117,2234,68348,0,0,0,2222,171283
118,1269,68975,0,0,0,2450,171283
119,441,69513,0,0,0,2715,171283
120,-156,69901,0,0,0,3000,155052
121,-555,70161,0,0,0,3285,155052
122,-692,70250,0,0,0,3550,155052
123,-555,70161,0,0,0,3778,155052
124,-156,69901,0,0,0,3953,155052
125,480,69488,0,0,0,4063,155052
126,1308,68950,0,0,0,4100,155052
127,2273,68323,72674,52325,20349,4063,155052
128,3308,67650,140396,101085,39311,3953,155052
129,4344,66977,198550,142956,55594,3778,155052
130,5308,66350,243173,175085,68088,3550,155052
131,6137,65811,271224,195281,75943,3285,155052
132,6772,65398,280792,202170,78622,3000,155052
133,7172,65138,271224,195281,75943,2715,155052
134,7308,65050,243173,175085,68088,2450,155052
135,7172,65138,198550,142956,55594,2222,155052
136,6772,65398,140396,101085,39311,2047,155052
137,6137,65811,72674,52325,20349,1937,155052
138,5308,66350,0,0,0,1900,155052
139,4344,66977,0,0,0,1937,155052
140,3308,67650,0,0,0,2047,155052
141,2273,68323,0,0,0,2222,155052
142,1308,68950,0,0,0,2450,155052
143,480,69488,0,0,0,2715,155052
144,-114,69874,0,0,0,3000,160845
145,-514,70134,0,0,0,3285,160845
146,-650,70223,0,0,0,3550,160845
147,-514,70134,0,0,0,3778,160845
148,-114,69874,0,0,0,3953,160845
149,521,69461,0,0,0,4063,160845
150,1350,68923,0,0,0,4100,160845
151,2315,68296,73050,52596,20454,4063,160845
152,3350,67623,141122,101608,39514,3953,160845
153,4385,66950,199577,143695,55881,3778,160845
154,5350,66323,244431,175990,68441,3550,160845
155,6178,65784,272627,196291,76336,3285,160845
156,6814,65371,282244,203216,79028,3000,160845
157,7214,65111,272627,196291,76336,2715,160845
158,7350,65023,244431,175990,68441,2450,160845
159,7214,65111,199577,143695,55881,2222,160845
160,6814,65371,141122,101608,39514,2047,160845
161,6178,65784,73050,52596,20454,1937,160845
162,5350,66323,0,0,0,1900,160845
163,4385,66950,0,0,0,1937,160845
164,3350,67623,0,0,0,2047,160845
165,2315,68296,0,0,0,2222,160845
166,1350,68923,0,0,0,2450,160845
167,521,69461,0,0,0,2715,160845
168,-70,69846,0,0,0,3000,184300
169,-470,70105,0,0,0,3285,184300
170,-606,70194,0,0,0,3550,184300
171,-470,70105,0,0,0,3778,184300
172,-70,69846,0,0,0,3953,184300
173,565,69432,0,0,0,4063,184300
174,1394,68894,0,0,0,4100,184300
175,2359,68267,73449,52883,20566,4063,184300
176,3394,67594,141893,102163,39730,3953,184300
177,4429,66921,200667,144480,56187,3778,184300
178,5394,66294,245766,176951,68814,3550,184300
179,6222,65755,274116,197364,76753,3285,184300
180,6858,65342,283786,204326,79460,3000,184300
181,7258,65083,274116,197364,76753,2715,184300
182,7394,64994,245766,176951,68814,2450,184300
183,7258,65083,200667,144480,56187,2222,184300
184,6858,65342,141893,102163,39730,2047,184300
185,6222,65755,73449,52883,20566,1937,184300
186,5394,66294,0,0,0,1900,184300
187,4429,66921,0,0,0,1937,184300
188,3394,67594,0,0,0,2047,184300
189,2359,68267,0,0,0,2222,184300
190,1394,68894,0,0,0,2450,184300
191,565,69432,0,0,0,2715,184300
192,-24,69815,0,0,0,3000,207755
193,-423,70075,0,0,0,3285,207755
194,-560,70164,0,0,0,3550,207755
195,-423,70075,0,0,0,3778,207755
196,-24,69815,0,0,0,3953,207755
197,612,69402,0,0,0,4063,207755
198,1440,68864,0,0,0,4100,207755
199,2405,68237,73871,53187,20684,4063,207755
200,3440,67564,142709,102750,39958,3953,207755
201,4476,66891,201820,145311,56510,3778,207755
202,5440,66264,247179,177969,69210,3550,207755
203,6269,65725,275692,198498,77194,3285,207755
204,6905,65312,285417,205500,79917,3000,207755
205,7304,65052,275692,198498,77194,2715,207755
206,7440,64964,247179,177969,69210,2450,207755
207,7304,65052,201820,145311,56510,2222,207755
208,6905,65312,142709,102750,39958,2047,207755
209,6269,65725,73871,53187,20684,1937,207755
210,5440,66264,0,0,0,1900,207755
211,4476,66891,0,0,0,1937,207755
212,3440,67564,0,0,0,2047,207755
213,2405,68237,0,0,0,2222,207755
214,1440,68864,0,0,0,2450,207755
215,612,69402,0,0,0,2715,207755
216,26,69783,0,0,0,3000,213548
217,-374,70043,0,0,0,3285,213548
218,-510,70132,0,0,0,3550,213548
219,-374,70043,0,0,0,3778,213548
220,26,69783,0,0,0,3953,213548
221,661,69370,0,0,0,4063,213548
222,1490,68832,0,0,0,4100,213548
223,2454,68205,74317,53508,20809,4063,213548
224,3490,67532,143569,103369,40199,3953,213548
225,4525,66859,203037,146186,56850,3778,213548
226,5490,66232,248668,179041,69627,3550,213548
227,6318,65693,277353,199694,77659,3285,213548
228,6954,65280,287137,206739,80398,3000,213548
229,7353,65020,277353,199694,77659,2715,213548
230,7490,64932,248668,179041,69627,2450,213548
231,7353,65020,203037,146186,56850,2222,213548
232,6954,65280,143569,103369,40199,2047,213548
233,6318,65693,74317,53508,20809,1937,213548
234,5490,66232,0,0,0,1900,213548
235,4525,66859,0,0,0,1937,213548
236,3490,67532,0,0,0,2047,213548
237,2454,68205,0,0,0,2222,213548
238,1490,68832,0,0,0,2450,213548
239,661,69370,0,0,0,2715,213548
240,77,69750,0,0,0,3000,197317
241,-322,70010,0,0,0,3285,197317
242,-459,70098,0,0,0,3550,197317
243,-322,70010,0,0,0,3778,197317
244,77,69750,0,0,0,3953,197317
245,713,69337,0,0,0,4063,197317
246,1541,68798,0,0,0,4100,197317
247,2506,68171,74785,53845,20940,4063,197317
248,3541,67498,144473,104020,40452,3953,197317
249,4577,66825,204315,147107,57208,3778,197317
250,5541,66198,250234,180168,70066,3550,197317
251,6370,65660,279100,200952,78148,3285,197317
252,7005,65246,288945,208041,80905,3000,197317
253,7405,64987,279100,200952,78148,2715,197317
254,7541,64898,250234,180168,70066,2450,197317
255,7405,64987,204315,147107,57208,2222,197317
256,7005,65246,144473,104020,40452,2047,197317
257,6370,65660,74785,53845,20940,1937,197317
258,5541,66198,0,0,0,1900,197317
259,4577,66825,0,0,0,1937,197317
260,3541,67498,0,0,0,2047,197317
261,2506,68171,0,0,0,2222,197317
262,1541,68798,0,0,0,2450,197317
263,713,69337,0,0,0,2715,197317
264,131,69715,0,0,0,3000,171283
265,-268,69974,0,0,0,3285,171283
266,-405,70063,0,0,0,3550,171283
267,-268,69974,0,0,0,3778,171283
268,131,69715,0,0,0,3953,171283
269,767,69301,0,0,0,4063,171283
270,1595,68763,0,0,0,4100,171283
271,2560,68136,75275,54198,21077,4063,171283
272,3595,67463,145421,104703,40718,3953,171283
273,4631,66790,205656,148072,57584,3778,171283
274,5595,66163,251876,181351,70525,3550,171283
275,6424,65624,280931,202270,78661,3285,171283
276,7060,65211,290841,209406,81436,3000,171283
277,7459,64952,280931,202270,78661,2715,171283
278,7595,64863,251876,181351,70525,2450,171283
279,7459,64952,205656,148072,57584,2222,171283
280,7060,65211,145421,104703,40718,2047,171283
281,6424,65624,75275,54198,21077,1937,171283
282,5595,66163,0,0,0,1900,171283
283,4631,66790,0,0,0,1937,171283
284,3595,67463,0,0,0,2047,171283
285,2560,68136,0,0,0,2222,171283
286,1595,68763,0,0,0,2450,171283
287,767,69301,0,0,0,2715,171283
288,188,69678,0,0,0,3000,155052
289,-212,69938,0,0,0,3285,155052
290,-348,70026,0,0,0,3550,155052
291,-212,69938,0,0,0,3778,155052
292,188,69678,0,0,0,3953,155052
293,824,69265,0,0,0,4063,155052
294,1652,68726,0,0,0,4100,155052
295,2617,68099,75789,54568,21221,4063,155052
296,3652,67426,146412,105417,40995,3953,155052
297,4687,66753,207058,149082,57976,3778,155052
298,5652,66126,253593,182587,71006,3550,155052
299,6481,65588,282847,203650,79197,3285,155052
300,7116,65174,292824,210834,81991,3000,155052
301,7516,64915,282847,203650,79197,2715,155052
302,7652,64826,253593,182587,71006,2450,155052
303,7516,64915,207058,149082,57976,2222,155052
304,7116,65174,146412,105417,40995,2047,155052
305,6481,65588,75789,54568,21221,1937,155052
306,5652,66126,0,0,0,1900,155052
307,4687,66753,0,0,0,1937,155052
308,3652,67426,0,0,0,2047,155052
309,2617,68099,0,0,0,2222,155052
310,1652,68726,0,0,0,2450,155052
311,824,69265,0,0,0,2715,155052
312,247,69639,0,0,0,3000,160845
313,-152,69899,0,0,0,3285,160845
314,-289,69988,0,0,0,3550,160845
315,-152,69899,0,0,0,3778,160845
316,247,69639,0,0,0,3953,160845
317,883,69226,0,0,0,4063,160845
318,1711,68688,0,0,0,4100,160845
319,2676,68061,76324,54953,21371,4063,160845
320,3711,67388,147447,106162,41285,3953,160845
321,4747,66715,208522,150136,58386,3778,160845
322,5711,66088,255386,183878,71508,3550,160845
323,6540,65549,284846,205089,79757,3285,160845
324,7175,65136,294894,212324,82570,3000,160845
325,7575,64876,284846,205089,79757,2715,160845
326,7711,64788,255386,183878,71508,2450,160845
327,7575,64876,208522,150136,58386,2222,160845
328,7175,65136,147447,106162,41285,2047,160845
329,6540,65549,76324,54953,21371,1937,160845
330,5711,66088,0,0,0,1900,160845
331,4747,66715,0,0,0,1937,160845
332,3711,67388,0,0,0,2047,160845
333,2676,68061,0,0,0,2222,160845
334,1711,68688,0,0,0,2450,160845
335,883,69226,0,0,0,2715,160845
336,309,69599,0,0,0,3000,184300
337,-91,69859,0,0,0,3285,184300
338,-227,69948,0,0,0,3550,184300
339,-91,69859,0,0,0,3778,184300
340,309,69599,0,0,0,3953,184300
341,944,69186,0,0,0,4063,184300
342,1773,68648,0,0,0,4100,184300
343,2738,68021,76882,55355,21527,4063,184300
344,3773,67348,148525,106938,41587,3953,184300
345,4808,66675,210046,151233,58813,3778,184300
346,5773,66048,257253,185222,72031,3550,184300
347,6601,65509,286928,206588,80340,3285,184300
348,7237,65096,297050,213876,83174,3000,184300
349,7637,64836,286928,206588,80340,2715,184300
350,7773,64748,257253,185222,72031,2450,184300
351,7637,64836,210046,151233,58813,2222,184300
352,7237,65096,148525,106938,41587,2047,184300
353,6601,65509,76882,55355,21527,1937,184300
354,5773,66048,0,0,0,1900,184300
355,4808,66675,0,0,0,1937,184300
356,3773,67348,0,0,0,2047,184300
357,2738,68021,0,0,0,2222,184300
358,1773,68648,0,0,0,2450,184300
359,944,69186,0,0,0,2715,184300
360,373,69558,0,0,0,3000,207755
361,-27,69817,0,0,0,3285,207755
362,-163,69906,0,0,0,3550,207755
363,-27,69817,0,0,0,3778,207755
364,373,69558,0,0,0,3953,207755
365,1008,69145,0,0,0,4063,207755
366,1837,68606,0,0,0,4100,207755
367,2802,67979,77462,55773,21689,4063,207755
368,3837,67306,149645,107745,41901,3953,207755
369,4872,66633,211630,152374,59257,3778,207755
370,5837,66006,259193,186619,72574,3550,207755
371,6665,65468,289093,208147,80946,3285,207755
372,7301,65054,299291,215489,83801,3000,207755
373,7701,64795,289093,208147,80946,2715,207755
374,7837,64706,259193,186619,72574,2450,207755
375,7701,64795,211630,152374,59257,2222,207755
376,7301,65054,149645,107745,41901,2047,207755
377,6665,65468,77462,55773,21689,1937,207755
378,5837,66006,0,0,0,1900,207755
379,4872,66633,0,0,0,1937,207755
380,3837,67306,0,0,0,2047,207755
381,2802,67979,0,0,0,2222,207755
382,1837,68606,0,0,0,2450,207755
383,1008,69145,0,0,0,2715,207755
384,439,69515,0,0,0,3000,213548
385,40,69774,0,0,0,3285,213548
386,-97,69863,0,0,0,3550,213548
387,40,69774,0,0,0,3778,213548
388,439,69515,0,0,0,3953,213548
389,1075,69101,0,0,0,4063,213548
390,1903,68563,0,0,0,4100,213548
391,2868,67936,78064,56206,21858,4063,213548
392,3903,67263,150808,108582,42226,3953,213548
393,4939,66590,213275,153558,59717,3778,213548
394,5903,65963,261207,188069,73138,3550,213548
395,6732,65424,291339,209764,81575,3285,213548
396,7367,65011,301616,217164,84453,3000,213548
397,7767,64751,291339,209764,81575,2715,213548
398,7903,64663,261207,188069,73138,2450,213548
399,7767,64751,213275,153558,59717,2222,213548
400,7367,65011,150808,108582,42226,2047,213548
401,6732,65424,78064,56206,21858,1937,213548
402,5903,65963,0,0,0,1900,213548
403,4939,66590,0,0,0,1937,213548
404,3903,67263,0,0,0,2047,213548
405,2868,67936,0,0,0,2222,213548
406,1903,68563,0,0,0,2450,213548
407,1075,69101,0,0,0,2715,213548
408,508,69470,0,0,0,3000,197317
409,108,69729,0,0,0,3285,197317
410,-28,69818,0,0,0,3550,197317
411,108,69729,0,0,0,3778,197317
412,508,69470,0,0,0,3953,197317
413,1144,69057,0,0,0,4063,197317
414,1972,68518,0,0,0,4100,197317
415,2937,67891,78688,56655,22033,4063,197317
416,3972,67218,152013,109449,42564,3953,197317
417,5007,66545,214979,154785,60194,3778,197317
418,5972,65918,263294,189572,73722,3550,197317
419,6801,65380,293666,211440,82227,3285,197317
420,7436,64966,304026,218899,85127,3000,197317
421,7836,64707,293666,211440,82227,2715,197317
422,7972,64618,263294,189572,73722,2450,197317
423,7836,64707,214979,154785,60194,2222,197317
424,7436,64966,152013,109449,42564,2047,197317
425,6801,65380,78688,56655,22033,1937,197317
426,5972,65918,0,0,0,1900,197317
427,5007,66545,0,0,0,1937,197317
428,3972,67218,0,0,0,2047,197317
429,2937,67891,0,0,0,2222,197317
430,1972,68518,0,0,0,2450,197317
431,1144,69057,0,0,0,2715,197317
432,579,69423,0,0,0,3000,171283
433,180,69683,0,0,0,3285,171283
434,43,69772,0,0,0,3550,171283
435,180,69683,0,0,0,3778,171283
436,579,69423,0,0,0,3953,171283
437,1215,69010,0,0,0,4063,171283
438,2043,68472,0,0,0,4100,171283
439,3008,67845,79333,57120,22213,4063,171283
440,4043,67172,153259,110347,42913,3953,171283
441,5079,66499,216741,156054,60688,3778,171283
442,6043,65872,265453,191126,74327,3550,171283
443,6872,65333,296074,213174,82901,3285,171283
444,7507,64920,306519,220693,85825,3000,171283
445,7907,64660,296074,213174,82901,2715,171283
446,8043,64572,265453,191126,74327,2450,171283
447,7907,64660,216741,156054,60688,2222,171283
448,7507,64920,153259,110347,42913,2047,171283
449,6872,65333,79333,57120,22213,1937,171283
450,6043,65872,0,0,0,1900,171283
451,5079,66499,0,0,0,1937,171283
452,4043,67172,0,0,0,2047,171283
453,3008,67845,0,0,0,2222,171283
454,2043,68472,0,0,0,2450,171283
455,1215,69010,0,0,0,2715,171283
456,653,69376,0,0,0,3000,155052
457,253,69635,0,0,0,3285,155052
458,117,69724,0,0,0,3550,155052
459,253,69635,0,0,0,3778,155052
460,653,69376,0,0,0,3953,155052
461,1289,68962,0,0,0,4063,155052
462,2117,68424,0,0,0,4100,155052
463,3082,67797,79999,57600,22400,4063,155052
464,4117,67124,154547,111274,43273,3953,155052
465,5152,66451,218563,157365,61198,3778,155052
466,6117,65824,267683,192732,74951,3550,155052
467,6945,65285,298562,214965,83597,3285,155052
468,7581,64872,309094,222548,86546,3000,155052
469,7981,64613,298562,214965,83597,2715,155052
470,8117,64524,267683,192732,74951,2450,155052
471,7981,64613,218563,157365,61198,2222,155052
472,7581,64872,154547,111274,43273,2047,155052
473,6945,65285,79999,57600,22400,1937,155052
474,6117,65824,0,0,0,1900,155052
475,5152,66451,0,0,0,1937,155052
476,4117,67124,0,0,0,2047,155052
477,3082,67797,0,0,0,2222,155052
478,2117,68424,0,0,0,2450,155052
479,1289,68962,0,0,0,2715,155052
480,729,69326,0,0,0,3000,160845
481,329,69586,0,0,0,3285,160845
482,193,69675,0,0,0,3550,160845
483,329,69586,0,0,0,3778,160845
484,729,69326,0,0,0,3953,160845
485,1364,68913,0,0,0,4063,160845
486,2193,68375,0,0,0,4100,160845
487,3158,67748,80687,58095,22592,4063,160845
488,4193,67075,155876,112230,43645,3953,160845
489,5228,66402,220441,158718,61724,3778,160845
490,6193,65775,269985,194389,75596,3550,160845
491,7021,65236,301129,216813,84316,3285,160845
492,7657,64823,311751,224461,87290,3000,160845
493,8057,64563,301129,216813,84316,2715,160845
494,8193,64475,269985,194389,75596,2450,160845
495,8057,64563,220441,158718,61724,2222,160845
496,7657,64823,155876,112230,43645,2047,160845
497,7021,65236,80687,58095,22592,1937,160845
498,6193,65775,0,0,0,1900,160845
499,5228,66402,0,0,0,1937,160845
500,4193,67075,0,0,0,2047,160845
501,3158,67748,0,0,0,2222,160845
502,2193,68375,0,0,0,2450,160845
503,1364,68913,0,0,0,2715,160845
504,807,69275,0,0,0,3000,184300
505,407,69535,0,0,0,3285,184300
506,271,69624,0,0,0,3550,184300
507,407,69535,0,0,0,3778,184300
508,807,69275,0,0,0,3953,184300
509,1443,68862,0,0,0,4063,184300
510,2271,68324,0,0,0,4100,184300
511,3236,67697,81396,58605,22791,4063,184300
512,4271,67024,157245,113216,44029,3953,184300
513,5306,66351,222378,160112,62266,3778,184300
514,6271,65724,272356,196096,76260,3550,184300
515,7100,65185,303773,218717,85057,3285,184300
516,7735,64772,314489,226432,88057,3000,184300
517,8135,64512,303773,218717,85057,2715,184300
518,8271,64424,272356,196096,76260,2450,184300
519,8135,64512,222378,160112,62266,2222,184300
520,7735,64772,157245,113216,44029,2047,184300
521,7100,65185,81396,58605,22791,1937,184300
522,6271,65724,0,0,0,1900,184300
523,5306,66351,0,0,0,1937,184300
524,4271,67024,0,0,0,2047,184300
525,3236,67697,0,0,0,2222,184300
526,2271,68324,0,0,0,2450,184300
527,1443,68862,0,0,0,2715,184300
528,888,69223,0,0,0,3000,207755
529,488,69483,0,0,0,3285,207755
530,352,69571,0,0,0,3550,207755
531,488,69483,0,0,0,3778,207755
532,888,69223,0,0,0,3953,207755
533,1523,68810,0,0,0,4063,207755
534,2352,68271,0,0,0,4100,207755
535,3316,67644,82125,59130,22995,4063,207755
536,4352,66971,158654,114231,44423,3953,207755
537,5387,66299,224370,161547,62824,3778,207755
538,6352,65671,274796,197853,76943,3550,207755
539,7180,65133,306496,220677,85819,3285,207755
540,7816,64720,317308,228461,88846,3000,207755
541,8215,64460,306496,220677,85819,2715,207755
542,8352,64371,274796,197853,76943,2450,207755
543,8215,64460,224370,161547,62824,2222,207755
544,7816,64720,158654,114231,44423,2047,207755
545,7180,65133,82125,59130,22995,1937,207755
546,6352,65671,0,0,0,1900,207755
547,5387,66299,0,0,0,1937,207755
548,4352,66971,0,0,0,2047,207755
549,3316,67644,0,0,0,2222,207755
550,2352,68271,0,0,0,2450,207755
551,1523,68810,0,0,0,2715,207755
552,970,69169,0,0,0,3000,213548
553,571,69429,0,0,0,3285,213548
554,434,69518,0,0,0,3550,213548
555,571,69429,0,0,0,3778,213548
556,970,69169,0,0,0,3953,213548
557,1606,68756,0,0,0,4063,213548
558,2434,68218,0,0,0,4100,213548
559,3399,67591,82875,59670,23205,4063,213548
560,4434,66918,160103,115274,44829,3953,213548
561,5470,66245,226419,163022,63397,3778,213548
562,6434,65618,277306,199660,77646,3550,213548
563,7263,65079,309294,222692,86602,3285,213548
564,7899,64666,320205,230548,89657,3000,213548
565,8298,64406,309294,222692,86602,2715,213548
566,8434,64318,277306,199660,77646,2450,213548
567,8298,64406,226419,163022,63397,2222,213548
568,7899,64666,160103,115274,44829,2047,213548
569,7263,65079,82875,59670,23205,1937,213548
570,6434,65618,0,0,0,1900,213548
571,5470,66245,0,0,0,1937,213548
572,4434,66918,0,0,0,2047,213548
573,3399,67591,0,0,0,2222,213548
574,2434,68218,0,0,0,2450,213548
575,1606,68756,0,0,0,2715,213548
576,1055,69114,0,0,0,3000,197317
577,656,69374,0,0,0,3285,197317
578,519,69462,0,0,0,3550,197317
579,656,69374,0,0,0,3778,197317
580,1055,69114,0,0,0,3953,197317
581,1691,68701,0,0,0,4063,197317
582,2519,68162,0,0,0,4100,197317
583,3484,67535,83645,60225,23421,4063,197317
584,4519,66862,161591,116345,45245,3953,197317
585,5555,66189,228524,164537,63987,3778,197317
586,6519,65562,279883,201516,78367,3550,197317
587,7348,65024,312169,224762,87407,3285,197317
588,7984,64611,323181,232691,90491,3000,197317
589,8383,64351,312169,224762,87407,2715,197317
590,8519,64262,279883,201516,78367,2450,197317
591,8383,64351,228524,164537,63987,2222,197317
592,7984,64611,161591,116345,45245,2047,197317
593,7348,65024,83645,60225,23421,1937,197317
594,6519,65562,0,0,0,1900,197317
595,5555,66189,0,0,0,1937,197317
596,4519,66862,0,0,0,2047,197317
597,3484,67535,0,0,0,2222,197317
598,2519,68162,0,0,0,2450,197317
599,1691,68701,0,0,0,2715,197317
600,1143,69057,0,0,0,3000,171283
601,743,69317,0,0,0,3285,171283
602,607,69406,0,0,0,3550,171283
603,743,69317,0,0,0,3778,171283
604,1143,69057,0,0,0,3953,171283
605,1778,68644,0,0,0,4063,171283
606,2607,68106,0,0,0,4100,171283
607,3571,67479,84436,60794,23642,4063,171283
608,4607,66806,163117,117445,45673,3953,171283
609,5642,66133,230683,166092,64591,3778,171283
610,6607,65506,282528,203420,79108,3550,171283
611,7435,64967,315119,226885,88233,3285,171283
612,8071,64554,326235,234889,91346,3000,171283
613,8470,64294,315119,226885,88233,2715,171283
614,8607,64206,282528,203420,79108,2450,171283
615,8470,64294,230683,166092,64591,2222,171283
616,8071,64554,163117,117445,45673,2047,171283
617,7435,64967,84436,60794,23642,1937,171283
618,6607,65506,0,0,0,1900,171283
619,5642,66133,0,0,0,1937,171283
620,4607,66806,0,0,0,2047,171283
621,3571,67479,0,0,0,2222,171283
622,2607,68106,0,0,0,2450,171283
623,1778,68644,0,0,0,2715,171283
624,1232,68999,0,0,0,3000,155052
625,832,69259,0,0,0,3285,155052
626,696,69348,0,0,0,3550,155052
627,832,69259,0,0,0,3778,155052
628,1232,68999,0,0,0,3953,155052
629,1868,68586,0,0,0,4063,155052
630,2696,68048,0,0,0,4100,155052
631,3661,67420,85246,61377,23869,4063,155052
632,4696,66748,164683,118571,46111,3953,155052
633,5731,66075,232896,167685,65211,3778,155052
634,6696,65448,285239,205372,79867,3550,155052
635,7525,64909,318142,229062,89080,3285,155052
636,8160,64496,329365,237143,92222,3000,155052
637,8560,64236,318142,229062,89080,2715,155052
638,8696,64148,285239,205372,79867,2450,155052
639,8560,64236,232896,167685,65211,2222,155052
640,8160,64496,164683,118571,46111,2047,155052
641,7525,64909,85246,61377,23869,1937,155052
642,6696,65448,0,0,0,1900,155052
643,5731,66075,0,0,0,1937,155052
644,4696,66748,0,0,0,2047,155052
645,3661,67420,0,0,0,2222,155052
646,2696,68048,0,0,0,2450,155052
647,1868,68586,0,0,0,2715,155052
648,1324,68940,0,0,0,3000,160845
649,924,69199,0,0,0,3285,160845
650,788,69288,0,0,0,3550,160845
651,924,69199,0,0,0,3778,160845
652,1324,68940,0,0,0,3953,160845
653,1959,68526,0,0,0,4063,160845
654,2788,67988,0,0,0,4100,160845
655,3752,67361,86076,61975,24101,4063,160845
656,4788,66688,166286,119726,46560,3953,160845
657,5823,66015,235163,169318,65846,3778,160845
658,6788,65388,288015,207371,80644,3550,160845
659,7616,64849,321239,231292,89947,3285,160845
660,8252,64436,332571,239451,93120,3000,160845
661,8651,64177,321239,231292,89947,2715,160845
662,8788,64088,288015,207371,80644,2450,160845
663,8651,64177,235163,169318,65846,2222,160845
664,8252,64436,166286,119726,46560,2047,160845
665,7616,64849,86076,61975,24101,1937,160845
666,6788,65388,0,0,0,1900,160845
667,5823,66015,0,0,0,1937,160845
668,4788,66688,0,0,0,2047,160845
669,3752,67361,0,0,0,2222,160845
670,2788,67988,0,0,0,2450,160845
671,1959,68526,0,0,0,2715,160845
672,1417,68879,0,0,0,3000,184300
673,1018,69138,0,0,0,3285,184300
674,881,69227,0,0,0,3550,184300
675,1018,69138,0,0,0,3778,184300
676,1417,68879,0,0,0,3953,184300
677,2053,68466,0,0,0,4063,184300
678,2881,67927,0,0,0,4100,184300
679,3846,67300,86925,62586,24339,4063,184300
680,4881,66627,167926,120907,47019,3953,184300
681,5917,65954,237483,170988,66495,3778,184300
682,6881,65327,290856,209417,81440,3550,184300
683,7710,64789,324408,233574,90834,3285,184300
684,8346,64375,335852,241814,94039,3000,184300
685,8745,64116,324408,233574,90834,2715,184300
686,8881,64027,290856,209417,81440,2450,184300
687,8745,64116,237483,170988,66495,2222,184300
688,8346,64375,167926,120907,47019,2047,184300
689,7710,64789,86925,62586,24339,1937,184300
690,6881,65327,0,0,0,1900,184300
691,5917,65954,0,0,0,1937,184300
692,4881,66627,0,0,0,2047,184300
693,3846,67300,0,0,0,2222,184300
694,2881,67927,0,0,0,2450,184300
695,2053,68466,0,0,0,2715,184300
696,1513,68816,0,0,0,3000,207755
697,1114,69076,0,0,0,3285,207755
698,977,69165,0,0,0,3550,207755
699,1114,69076,0,0,0,3778,207755
700,1513,68816,0,0,0,3953,207755
701,2149,68403,0,0,0,4063,207755
702,2977,67865,0,0,0,4100,207755
703,3942,67238,87793,63211,24582,4063,207755
704,4977,66565,169603,122114,47489,3953,207755
705,6013,65892,239855,172696,67160,3778,207755
706,6977,65265,293762,211508,82253,3550,207755
707,7806,64726,327649,235907,91742,3285,207755
708,8441,64313,339207,244229,94978,3000,207755
709,8841,64053,327649,235907,91742,2715,207755
710,8977,63965,293762,211508,82253,2450,207755
711,8841,64053,239855,172696,67160,2222,207755
712,8441,64313,169603,122114,47489,2047,207755
713,7806,64726,87793,63211,24582,1937,207755
714,6977,65265,0,0,0,1900,207755
715,6013,65892,0,0,0,1937,207755
716,4977,66565,0,0,0,2047,207755
717,3942,67238,0,0,0,2222,207755
718,2977,67865,0,0,0,2450,207755
719,2149,68403,0,0,0,2715,207755
720,1611,68753,0,0,0,3000,213548
721,1212,69012,0,0,0,3285,213548
722,1075,69101,0,0,0,3550,213548
723,1212,69012,0,0,0,3778,213548
724,1611,68753,0,0,0,3953,213548
725,2247,68340,0,0,0,4063,213548
726,3075,67801,0,0,0,4100,213548
727,4040,67174,88680,63850,24830,4063,213548
728,5075,66501,171317,123348,47969,3953,213548
729,6111,65828,242279,174441,67838,3778,213548
730,7075,65201,296730,213646,83084,3550,213548
731,7904,64663,330959,238291,92669,3285,213548
732,8539,64249,342634,246697,95938,3000,213548
733,8939,63990,330959,238291,92669,2715,213548
734,9075,63901,296730,213646,83084,2450,213548
735,8939,63990,242279,174441,67838,2222,213548
736,8539,64249,171317,123348,47969,2047,213548
737,7904,64663,88680,63850,24830,1937,213548
738,7075,65201,0,0,0,1900,213548
739,6111,65828,0,0,0,1937,213548
740,5075,66501,0,0,0,2047,213548
741,4040,67174,0,0,0,2222,213548
742,3075,67801,0,0,0,2450,213548
743,2247,68340,0,0,0,2715,213548
744,1711,68688,0,0,0,3000,197317
745,1312,68947,0,0,0,3285,197317
746,1175,69036,0,0,0,3550,197317
747,1312,68947,0,0,0,3778,197317
748,1711,68688,0,0,0,3953,197317
749,2347,68275,0,0,0,4063,197317
750,3175,67736,0,0,0,4100,197317
751,4140,67109,89586,64502,25084,4063,197317
752,5175,66436,173067,124608,48459,3953,197317
753,6211,65763,244753,176222,68531,3778,197317
754,7175,65136,299761,215828,83933,3550,197317
755,8004,64598,334339,240724,93615,3285,197317
756,8639,64184,346134,249216,96917,3000,197317
757,9039,63925,334339,240724,93615,2715,197317
758,9175,63836,299761,215828,83933,2450,197317
759,9039,63925,244753,176222,68531,2222,197317
760,8639,64184,173067,124608,48459,2047,197317
761,8004,64598,89586,64502,25084,1937,197317
762,7175,65136,0,0,0,1900,197317
763,6211,65763,0,0,0,1937,197317
764,5175,66436,0,0,0,2047,197317
765,4140,67109,0,0,0,2222,197317
766,3175,67736,0,0,0,2450,197317
767,2347,68275,0,0,0,2715,197317
768,1813,68621,0,0,0,3000,171283
769,1414,68881,0,0,0,3285,171283
770,1277,68970,0,0,0,3550,171283
771,1414,68881,0,0,0,3778,171283
772,1813,68621,0,0,0,3953,171283
773,2449,68208,0,0,0,4063,171283
774,3277,67670,0,0,0,4100,171283
775,4242,67043,90510,65167,25343,4063,171283
776,5277,66370,174852,125893,48959,3953,171283
777,6313,65697,247278,178040,69238,3778,171283
778,7277,65070,302852,218054,84799,3550,171283
779,8106,64531,337788,243207,94581,3285,171283
780,8741,64118,349704,251787,97917,3000,171283
781,9141,63858,337788,243207,94581,2715,171283
782,9277,63770,302852,218054,84799,2450,171283
783,9141,63858,247278,178040,69238,2222,171283
784,8741,64118,174852,125893,48959,2047,171283
785,8106,64531,90510,65167,25343,1937,171283
786,7277,65070,0,0,0,1900,171283
787,6313,65697,0,0,0,1937,171283
788,5277,66370,0,0,0,2047,171283
789,4242,67043,0,0,0,2222,171283
790,3277,67670,0,0,0,2450,171283
791,2449,68208,0,0,0,2715,171283
792,1917,68554,0,0,0,3000,155052
793,1518,68814,0,0,0,3285,155052
794,1381,68902,0,0,0,3550,155052
795,1518,68814,0,0,0,3778,155052
796,1917,68554,0,0,0,3953,155052
797,2553,68141,0,0,0,4063,155052
798,3381,67602,0,0,0,4100,155052
799,4346,66975,91452,65845,25607,4063,155052
800,5381,66302,176672,127204,49468,3953,155052
801,6417,65629,249852,179893,69958,3778,155052
802,7381,65002,306005,220323,85681,3550,155052
803,8210,64464,341304,245739,95565,3285,155052
804,8845,64051,353344,254407,98936,3000,155052
805,9245,63791,341304,245739,95565,2715,155052
806,9381,63702,306005,220323,85681,2450,155052
807,9245,63791,249852,179893,69958,2222,155052
808,8845,64051,176672,127204,49468,2047,155052
809,8210,64464,91452,65845,25607,1937,155052
810,7381,65002,0,0,0,1900,155052
811,6417,65629,0,0,0,1937,155052
812,5381,66302,0,0,0,2047,155052
813,4346,66975,0,0,0,2222,155052
814,3381,67602,0,0,0,2450,155052
815,2553,68141,0,0,0,2715,155052
816,2023,68485,0,0,0,3000,160845
817,1624,68745,0,0,0,3285,160845
818,1487,68833,0,0,0,3550,160845
819,1624,68745,0,0,0,3778,160845
820,2023,68485,0,0,0,3953,160845
821,2659,68072,0,0,0,4063,160845
822,3487,67533,0,0,0,4100,160845
823,4452,66906,92412,66537,25875,4063,160845
824,5487,66233,178526,128539,49987,3953,160845
825,6522,65560,252474,181781,70693,3778,160845
826,7487,64933,309216,222636,86581,3550,160845
827,8316,64395,344886,248318,96568,3285,160845
828,8951,63982,357052,257078,99975,3000,160845
829,9351,63722,344886,248318,96568,2715,160845
830,9487,63633,309216,222636,86581,2450,160845
831,9351,63722,252474,181781,70693,2222,160845
832,8951,63982,178526,128539,49987,2047,160845
833,8316,64395,92412,66537,25875,1937,160845
834,7487,64933,0,0,0,1900,160845
835,6522,65560,0,0,0,1937,160845
836,5487,66233,0,0,0,2047,160845
837,4452,66906,0,0,0,2222,160845
838,3487,67533,0,0,0,2450,160845
839,2659,68072,0,0,0,2715,160845
840,2131,68415,0,0,0,3000,184300
841,1731,68675,0,0,0,3285,184300
842,1595,68763,0,0,0,3550,184300
843,1731,68675,0,0,0,3778,184300
844,2131,68415,0,0,0,3953,184300
845,2767,68002,0,0,0,4063,184300
846,3595,67463,0,0,0,4100,184300
847,4560,66836,93389,67240,26149,4063,184300
848,5595,66163,180414,129898,50516,3953,184300
849,6630,65490,255144,183704,71440,3778,184300
850,7595,64863,312486,224990,87496,3550,184300
851,8424,64325,348533,250944,97589,3285,184300
852,9059,63912,360828,259796,101032,3000,184300
853,9459,63652,348533,250944,97589,2715,184300
854,9595,63563,312486,224990,87496,2450,184300
855,9459,63652,255144,183704,71440,2222,184300
856,9059,63912,180414,129898,50516,2047,184300
857,8424,64325,93389,67240,26149,1937,184300
858,7595,64863,0,0,0,1900,184300
859,6630,65490,0,0,0,1937,184300
860,5595,66163,0,0,0,2047,184300
861,4560,66836,0,0,0,2222,184300
862,3595,67463,0,0,0,2450,184300
863,2767,68002,0,0,0,2715,184300
864,2241,68343,0,0,0,3000,207755
865,1841,68603,0,0,0,3285,207755
866,1705,68692,0,0,0,3550,207755
867,1841,68603,0,0,0,3778,207755
868,2241,68343,0,0,0,3953,207755
869,2876,67930,0,0,0,4063,207755
870,3705,67392,0,0,0,4100,207755
871,4670,66765,94384,67956,26427,4063,207755
872,5705,66092,182335,131281,51054,3953,207755
873,6740,65419,257861,185660,72201,3778,207755
874,7705,64792,315814,227386,88428,3550,207755
875,8533,64253,352245,253616,98629,3285,207755
876,9169,63840,364671,262563,102108,3000,207755
877,9569,63580,352245,253616,98629,2715,207755
878,9705,63492,315814,227386,88428,2450,207755
879,9569,63580,257861,185660,72201,2222,207755
880,9169,63840,182335,131281,51054,2047,207755
881,8533,64253,94384,67956,26427,1937,207755
882,7705,64792,0,0,0,1900,207755
883,6740,65419,0,0,0,1937,207755
884,5705,66092,0,0,0,2047,207755
885,4670,66765,0,0,0,2222,207755
886,3705,67392,0,0,0,2450,207755
887,2876,67930,0,0,0,2715,207755
888,2352,68271,0,0,0,3000,213548
889,1953,68531,0,0,0,3285,213548
890,1817,68619,0,0,0,3550,213548
891,1953,68531,0,0,0,3778,213548
892,2352,68271,0,0,0,3953,213548
893,2988,67858,0,0,0,4063,213548
894,3817,67319,0,0,0,4100,213548
895,4781,66692,95395,68684,26711,4063,213548
896,5817,66019,184289,132688,51601,3953,213548
897,6852,65346,260624,187649,72975,3778,213548
898,7817,64719,319198,229823,89376,3550,213548
899,8645,64181,356019,256334,99685,3285,213548
900,9281,63768,368578,265376,103202,3000,213548
901,9680,63508,356019,256334,99685,2715,213548
902,9817,63419,319198,229823,89376,2450,213548
903,9680,63508,260624,187649,72975,2222,213548
904,9281,63768,184289,132688,51601,2047,213548
905,8645,64181,95395,68684,26711,1937,213548
906,7817,64719,0,0,0,1900,213548
907,6852,65346,0,0,0,1937,213548
908,5817,66019,0,0,0,2047,213548
909,4781,66692,0,0,0,2222,213548
910,3817,67319,0,0,0,2450,213548
911,2988,67858,0,0,0,2715,213548
912,2466,68197,0,0,0,3000,197317
913,2066,68457,0,0,0,3285,197317
914,1930,68545,0,0,0,3550,197317
915,2066,68457,0,0,0,3778,197317
916,2466,68197,0,0,0,3953,197317
917,3102,67784,0,0,0,4063,197317
918,3930,67245,0,0,0,4100,197317
919,4895,66618,96423,69425,26998,4063,197317
920,5930,65945,186275,134118,52157,3953,197317
921,6965,65273,263433,189672,73761,3778,197317
922,7930,64645,322638,232299,90339,3550,197317
923,8758,64107,359856,259096,100760,3285,197317
924,9394,63694,372550,268236,104314,3000,197317
925,9794,63434,359856,259096,100760,2715,197317
926,9930,63345,322638,232299,90339,2450,197317
927,9794,63434,263433,189672,73761,2222,197317
928,9394,63694,186275,134118,52157,2047,197317
929,8758,64107,96423,69425,26998,1937,197317
930,7930,64645,0,0,0,1900,197317
931,6965,65273,0,0,0,1937,197317
932,5930,65945,0,0,0,2047,197317
933,4895,66618,0,0,0,2222,197317
934,3930,67245,0,0,0,2450,197317
935,3102,67784,0,0,0,2715,197317
936,2581,68122,0,0,0,3000,171283
937,2182,68382,0,0,0,3285,171283
938,2045,68471,0,0,0,3550,171283
939,2182,68382,0,0,0,3778,171283
940,2581,68122,0,0,0,3953,171283
941,3217,67709,0,0,0,4063,171283
942,4045,67171,0,0,0,4100,171283
943,5010,66543,97467,70177,27291,4063,171283
944,6045,65871,188293,135571,52722,3953,171283
945,7081,65198,266286,191726,74560,3778,171283
946,8045,64571,326132,234815,91317,3550,171283
947,8874,64032,363753,261902,101851,3285,171283
948,9509,63619,376585,271141,105444,3000,171283
949,9909,63359,363753,261902,101851,2715,171283
950,10045,63271,326132,234815,91317,2450,171283
951,9909,63359,266286,191726,74560,2222,171283
952,9509,63619,188293,135571,52722,2047,171283
953,8874,64032,97467,70177,27291,1937,171283
954,8045,64571,0,0,0,1900,171283
955,7081,65198,0,0,0,1937,171283
956,6045,65871,0,0,0,2047,171283
957,5010,66543,0,0,0,2222,171283
958,4045,67171,0,0,0,2450,171283
959,3217,67709,0,0,0,2715,171283
960,2698,68046,0,0,0,3000,155052
961,2299,68306,0,0,0,3285,155052
962,2162,68394,0,0,0,3550,155052
963,2299,68306,0,0,0,3778,155052
964,2698,68046,0,0,0,3953,155052
965,3334,67633,0,0,0,4063,155052
966,4162,67094,0,0,0,4100,155052
967,5127,66467,98528,70940,27588,4063,155052
968,6162,65794,190341,137045,53295,3953,155052
969,7198,65122,269183,193811,75371,3778,155052
970,8162,64494,329680,237370,92310,3550,155052
971,8991,63956,367710,264751,102959,3285,155052
972,9626,63543,380682,274091,106591,3000,155052
973,10026,63283,367710,264751,102959,2715,155052
974,10162,63194,329680,237370,92310,2450,155052
975,10026,63283,269183,193811,75371,2222,155052
976,9626,63543,190341,137045,53295,2047,155052
977,8991,63956,98528,70940,27588,1937,155052
978,8162,64494,0,0,0,1900,155052
979,7198,65122,0,0,0,1937,155052
980,6162,65794,0,0,0,2047,155052
981,5127,66467,0,0,0,2222,155052
982,4162,67094,0,0,0,2450,155052
983,3334,67633,0,0,0,2715,155052
984,2817,67969,0,0,0,3000,160845
985,2417,68229,0,0,0,3285,160845
986,2281,68317,0,0,0,3550,160845
987,2417,68229,0,0,0,3778,160845
988,2817,67969,0,0,0,3953,160845
989,3453,67556,0,0,0,4063,160845
990,4281,67017,0,0,0,4100,160845
991,5246,66390,99604,71715,27889,4063,160845
992,6281,65717,192419,138542,53877,3953,160845
993,7316,65044,272122,195928,76194,3778,160845
994,8281,64417,333280,239962,93318,3550,160845
995,9110,63879,371726,267643,104083,3285,160845
996,9745,63466,384839,277084,107755,3000,160845
997,10145,63206,371726,267643,104083,2715,160845
998,10281,63117,333280,239962,93318,2450,160845
999,10145,63206,272122,195928,76194,2222,160845
1000,9745,63466,192419,138542,53877,2047,160845
1001,9110,63879,99604,71715,27889,1937,160845
1002,8281,64417,0,0,0,1900,160845
1003,7316,65044,0,0,0,1937,160845
1004,6281,65717,0,0,0,2047,160845
1005,5246,66390,0,0,0,2222,160845
1006,4281,67017,0,0,0,2450,160845
1007,3453,67556,0,0,0,2715,160845
1008,2937,67891,0,0,0,3000,184300
1009,2538,68150,0,0,0,3285,184300
1010,2402,68239,0,0,0,3550,184300
1011,2538,68150,0,0,0,3778,184300
1012,2937,67891,0,0,0,3953,184300
1013,3573,67477,0,0,0,4063,184300
1014,4402,66939,0,0,0,4100,184300
1015,5366,66312,100695,72500,28195,4063,184300
1016,6402,65639,194528,140060,54468,3953,184300
1017,7437,64966,275104,198075,77029,3778,184300
1018,8402,64339,336932,242591,94341,3550,184300
1019,9230,63800,375799,270575,105224,3285,184300
1020,9866,63387,389055,280120,108935,3000,184300
1021,10265,63128,375799,270575,105224,2715,184300
1022,10402,63039,336932,242591,94341,2450,184300
1023,10265,63128,275104,198075,77029,2222,184300
1024,9866,63387,194528,140060,54468,2047,184300
1025,9230,63800,100695,72500,28195,1937,184300
1026,8402,64339,0,0,0,1900,184300
1027,7437,64966,0,0,0,1937,184300
1028,6402,65639,0,0,0,2047,184300
1029,5366,66312,0,0,0,2222,184300
1030,4402,66939,0,0,0,2450,184300
1031,3573,67477,0,0,0,2715,184300
1032,3060,67811,0,0,0,3000,207755
1033,2660,68071,0,0,0,3285,207755
1034,2524,68160,0,0,0,3550,207755
1035,2660,68071,0,0,0,3778,207755
1036,3060,67811,0,0,0,3953,207755
1037,3695,67398,0,0,0,4063,207755
1038,4524,66860,0,0,0,4100,207755
1039,5488,66233,101801,73297,28504,4063,207755
1040,6524,65560,196665,141599,55066,3953,207755
1041,7559,64887,278126,200251,77875,3778,207755
1042,8524,64260,340634,245256,95377,3550,207755
1043,9352,63721,379927,273548,106380,3285,207755
1044,9988,63308,393330,283197,110132,3000,207755
1045,10387,63048,379927,273548,106380,2715,207755
1046,10524,62960,340634,245256,95377,2450,207755
1047,10387,63048,278126,200251,77875,2222,207755
1048,9988,63308,196665,141599,55066,2047,207755
1049,9352,63721,101801,73297,28504,1937,207755
1050,8524,64260,0,0,0,1900,207755
1051,7559,64887,0,0,0,1937,207755
1052,6524,65560,0,0,0,2047,207755
1053,5488,66233,0,0,0,2222,207755
1054,4524,66860,0,0,0,2450,207755
1055,3695,67398,0,0,0,2715,207755
1056,3183,67731,0,0,0,3000,213548
1057,2784,67991,0,0,0,3285,213548
1058,2647,68079,0,0,0,3550,213548
1059,2784,67991,0,0,0,3778,213548
1060,3183,67731,0,0,0,3953,213548
1061,3819,67318,0,0,0,4063,213548
1062,4647,66779,0,0,0,4100,213548
1063,5612,66152,102922,74104,28818,4063,213548
1064,6647,65479,198831,143158,55673,3953,213548
1065,7683,64806,281189,202456,78733,3778,213548
1066,8647,64179,344385,247957,96428,3550,213548
1067,9476,63641,384111,276560,107551,3285,213548
1068,10112,63227,397661,286316,111345,3000,213548
1069,10511,62968,384111,276560,107551,2715,213548
1070,10647,62879,344385,247957,96428,2450,213548
1071,10511,62968,281189,202456,78733,2222,213548
1072,10112,63227,198831,143158,55673,2047,213548
1073,9476,63641,102922,74104,28818,1937,213548
1074,8647,64179,0,0,0,1900,213548
1075,7683,64806,0,0,0,1937,213548
1076,6647,65479,0,0,0,2047,213548
1077,5612,66152,0,0,0,2222,213548
1078,4647,66779,0,0,0,2450,213548
1079,3819,67318,0,0,0,2715,213548
1080,3309,67649,0,0,0,3000,197317
1081,2909,67909,0,0,0,3285,197317
1082,2773,67998,0,0,0,3550,197317
1083,2909,67909,0,0,0,3778,197317
1084,3309,67649,0,0,0,3953,197317
1085,3944,67236,0,0,0,4063,197317
1086,4773,66698,0,0,0,4100,197317
1087,5738,66071,104058,74922,29136,4063,197317
1088,6773,65398,201024,144737,56287,3953,197317
1089,7808,64725,284291,204689,79601,3778,197317
1090,8773,64098,348184,250692,97491,3550,197317
1091,9601,63559,388348,279611,108738,3285,197317
1092,10237,63146,402048,289474,112573,3000,197317
1093,10637,62886,388348,279611,108738,2715,197317
1094,10773,62798,348184,250692,97491,2450,197317
1095,10637,62886,284291,204689,79601,2222,197317
1096,10237,63146,201024,144737,56287,2047,197317
1097,9601,63559,104058,74922,29136,1937,197317
1098,8773,64098,0,0,0,1900,197317
1099,7808,64725,0,0,0,1937,197317
1100,6773,65398,0,0,0,2047,197317
1101,5738,66071,0,0,0,2222,197317
1102,4773,66698,0,0,0,2450,197317
1103,3944,67236,0,0,0,2715,197317
1104,3436,67567,0,0,0,3000,171283
1105,3036,67827,0,0,0,3285,171283
1106,2900,67915,0,0,0,3550,171283
1107,3036,67827,0,0,0,3778,171283
1108,3436,67567,0,0,0,3953,171283
1109,4071,67154,0,0,0,4063,171283
1110,4900,66615,0,0,0,4100,171283
1111,5864,65988,105207,75749,29458,4063,171283
1112,6900,65315,203244,146336,56908,3953,171283
1113,7935,64642,287431,206950,80481,3778,171283
1114,8900,64015,352030,253461,98568,3550,171283
1115,9728,63477,392638,282699,109939,3285,171283
1116,10364,63064,406489,292672,113817,3000,171283
1117,10763,62804,392638,282699,109939,2715,171283
1118,10900,62715,352030,253461,98568,2450,171283
1119,10763,62804,287431,206950,80481,2222,171283
1120,10364,63064,203244,146336,56908,2047,171283
1121,9728,63477,105207,75749,29458,1937,171283
1122,8900,64015,0,0,0,1900,171283
1123,7935,64642,0,0,0,1937,171283
1124,6900,65315,0,0,0,2047,171283
1125,5864,65988,0,0,0,2222,171283
1126,4900,66615,0,0,0,2450,171283
1127,4071,67154,0,0,0,2715,171283
1128,3564,67483,0,0,0,3000,155052
1129,3164,67743,0,0,0,3285,155052
1130,3028,67832,0,0,0,3550,155052
1131,3164,67743,0,0,0,3778,155052
1132,3564,67483,0,0,0,3953,155052
1133,4200,67070,0,0,0,4063,155052
1134,5028,66532,0,0,0,4100,155052
1135,5993,65905,106370,76587,29784,4063,155052
1136,7028,65232,205491,147954,57538,3953,155052
1137,8063,64559,290609,209238,81370,3778,155052
1138,9028,63932,355922,256264,99658,3550,155052
1139,9857,63393,396979,285825,111154,3285,155052
1140,10492,62980,410983,295908,115075,3000,155052
1141,10892,62720,396979,285825,111154,2715,155052
1142,11028,62632,355922,256264,99658,2450,155052
1143,10892,62720,290609,209238,81370,2222,155052
1144,10492,62980,205491,147954,57538,2047,155052
1145,9857,63393,106370,76587,29784,1937,155052
1146,9028,63932,0,0,0,1900,155052
1147,8063,64559,0,0,0,1937,155052
1148,7028,65232,0,0,0,2047,155052
1149,5993,65905,0,0,0,2222,155052
1150,5028,66532,0,0,0,2450,155052
1151,4200,67070,0,0,0,2715,155052
1152,3694,67399,0,0,0,3000,160845
1153,3294,67659,0,0,0,3285,160845
1154,3158,67747,0,0,0,3550,160845
1155,3294,67659,0,0,0,3778,160845
1156,3694,67399,0,0,0,3953,160845
1157,4330,66986,0,0,0,4063,160845
1158,5158,66447,0,0,0,4100,160845
1159,6123,65820,107547,77434,30113,4063,160845
1160,7158,65147,207764,149590,58174,3953,160845
1161,8193,64474,293823,211553,82270,3778,160845
1162,9158,63847,359858,259098,100760,3550,160845
1163,9986,63309,401370,288986,112383,3285,160845
1164,10622,62896,415528,299180,116348,3000,160845
1165,11022,62636,401370,288986,112383,2715,160845
1166,11158,62547,359858,259098,100760,2450,160845
1167,11022,62636,293823,211553,82270,2222,160845
1168,10622,62896,207764,149590,58174,2047,160845
1169,9986,63309,107547,77434,30113,1937,160845
1170,9158,63847,0,0,0,1900,160845
1171,8193,64474,0,0,0,1937,160845
1172,7158,65147,0,0,0,2047,160845
1173,6123,65820,0,0,0,2222,160845
1174,5158,66447,0,0,0,2450,160845
1175,4330,66986,0,0,0,2715,160845
1176,3825,67314,0,0,0,3000,184300
1177,3426,67573,0,0,0,3285,184300
1178,3289,67662,0,0,0,3550,184300
1179,3426,67573,0,0,0,3778,184300
1180,3825,67314,0,0,0,3953,184300
1181,4461,66900,0,0,0,4063,184300
1182,5289,66362,0,0,0,4100,184300
1183,6254,65735,108736,78290,30446,4063,184300
1184,7289,65062,210062,151245,58817,3953,184300
1185,8325,64389,297073,213892,83180,3778,184300
1186,9289,63762,363838,261963,101875,3550,184300
1187,10118,63224,405809,292182,113626,3285,184300
1188,10753,62810,420124,302489,117635,3000,184300
1189,11153,62551,405809,292182,113626,2715,184300
1190,11289,62462,363838,261963,101875,2450,184300
1191,11153,62551,297073,213892,83180,2222,184300
1192,10753,62810,210062,151245,58817,2047,184300
1193,10118,63224,108736,78290,30446,1937,184300
1194,9289,63762,0,0,0,1900,184300
1195,8325,64389,0,0,0,1937,184300
1196,7289,65062,0,0,0,2047,184300
1197,6254,65735,0,0,0,2222,184300
1198,5289,66362,0,0,0,2450,184300
1199,4461,66900,0,0,0,2715,184300
1200,3958,67227,0,0,0,3000,207755
1201,3558,67487,0,0,0,3285,207755
1202,3422,67576,0,0,0,3550,207755
1203,3558,67487,0,0,0,3778,207755
1204,3958,67227,0,0,0,3953,207755
1205,4594,66814,0,0,0,4063,207755
1206,5422,66276,0,0,0,4100,207755
1207,6387,65649,109938,79156,30783,4063,207755
1208,7422,64976,212384,152917,59468,3953,207755
1209,8457,64303,300357,216257,84100,3778,207755
1210,9422,63676,367860,264860,103001,3550,207755
1211,10250,63137,410295,295412,114883,3285,207755
1212,10886,62724,424769,305833,118935,3000,207755
1213,11286,62464,410295,295412,114883,2715,207755
1214,11422,62376,367860,264860,103001,2450,207755
1215,11286,62464,300357,216257,84100,2222,207755
1216,10886,62724,212384,152917,59468,2047,207755
1217,10250,63137,109938,79156,30783,1937,207755
1218,9422,63676,0,0,0,1900,207755
1219,8457,64303,0,0,0,1937,207755
1220,7422,64976,0,0,0,2047,207755
1221,6387,65649,0,0,0,2222,207755
1222,5422,66276,0,0,0,2450,207755
1223,4594,66814,0,0,0,2715,207755
1224,4092,67140,0,0,0,3000,213548
1225,3692,67400,0,0,0,3285,213548
1226,3556,67489,0,0,0,3550,213548
1227,3692,67400,0,0,0,3778,213548
1228,4092,67140,0,0,0,3953,213548
1229,4728,66727,0,0,0,4063,213548
1230,5556,66189,0,0,0,4100,213548
1231,6521,65562,111153,80030,31123,4063,213548
1232,7556,64889,214730,154606,60124,3953,213548
1233,8591,64216,303675,218646,85029,3778,213548
1234,9556,63589,371924,267785,104139,3550,213548
1235,10384,63050,414827,298676,116152,3285,213548
1236,11020,62637,429461,309212,120249,3000,213548
1237,11420,62377,414827,298676,116152,2715,213548
1238,11556,62289,371924,267785,104139,2450,213548
1239,11420,62377,303675,218646,85029,2222,213548
1240,11020,62637,214730,154606,60124,2047,213548
1241,10384,63050,111153,80030,31123,1937,213548
1242,9556,63589,0,0,0,1900,213548
1243,8591,64216,0,0,0,1937,213548
1244,7556,64889,0,0,0,2047,213548
1245,6521,65562,0,0,0,2222,213548
1246,5556,66189,0,0,0,2450,213548
1247,4728,66727,0,0,0,2715,213548
1248,4227,67052,0,0,0,3000,197317
1249,3828,67312,0,0,0,3285,197317
1250,3691,67401,0,0,0,3550,197317
1251,3828,67312,0,0,0,3778,197317
1252,4227,67052,0,0,0,3953,197317
1253,4863,66639,0,0,0,4063,197317
1254,5691,66101,0,0,0,4100,197317
1255,6656,65474,112379,80913,31466,4063,197317
1256,7691,64801,217099,156312,60788,3953,197317
1257,8727,64128,307025,221058,85967,3778,197317
1258,9691,63501,376027,270740,105288,3550,197317
1259,10520,62962,419404,301971,117433,3285,197317
1260,11155,62549,434199,312623,121576,3000,197317
1261,11555,62289,419404,301971,117433,2715,197317
1262,11691,62201,376027,270740,105288,2450,197317
1263,11555,62289,307025,221058,85967,2222,197317
1264,11155,62549,217099,156312,60788,2047,197317
1265,10520,62962,112379,80913,31466,1937,197317
1266,9691,63501,0,0,0,1900,197317
1267,8727,64128,0,0,0,1937,197317
1268,7691,64801,0,0,0,2047,197317
1269,6656,65474,0,0,0,2222,197317
1270,5691,66101,0,0,0,2450,197317
1271,4863,66639,0,0,0,2715,197317
1272,4364,66963,0,0,0,3000,171283
1273,3964,67223,0,0,0,3285,171283
1274,3828,67312,0,0,0,3550,171283
1275,3964,67223,0,0,0,3778,171283
1276,4364,66963,0,0,0,3953,171283
1277,5000,66550,0,0,0,4063,171283
1278,5828,66012,0,0,0,4100,171283
1279,6793,65385,113617,81804,31813,4063,171283
1280,7828,64712,219491,158033,61457,3953,171283
1281,8863,64039,310407,223493,86914,3778,171283
1282,9828,63412,380169,273722,106447,3550,171283
1283,10656,62873,424024,305297,118727,3285,171283
1284,11292,62460,438982,316067,122915,3000,171283
1285,11692,62200,424024,305297,118727,2715,171283
1286,11828,62112,380169,273722,106447,2450,171283
1287,11692,62200,310407,223493,86914,2222,171283
1288,11292,62460,219491,158033,61457,2047,171283
1289,10656,62873,113617,81804,31813,1937,171283
1290,9828,63412,0,0,0,1900,171283
1291,8863,64039,0,0,0,1937,171283
1292,7828,64712,0,0,0,2047,171283
1293,6793,65385,0,0,0,2222,171283
1294,5828,66012,0,0,0,2450,171283
1295,5000,66550,0,0,0,2715,171283
1296,4502,66874,0,0,0,3000,155052
1297,4102,67134,0,0,0,3285,155052
1298,3966,67222,0,0,0,3550,155052
1299,4102,67134,0,0,0,3778,155052
1300,4502,66874,0,0,0,3953,155052
1301,5138,66461,0,0,0,4063,155052
1302,5966,65922,0,0,0,4100,155052
1303,6931,65295,114866,82703,32162,4063,155052
1304,7966,64622,221904,159771,62133,3953,155052
1305,9001,63949,313819,225950,87869,3778,155052
1306,9966,63322,384349,276731,107618,3550,155052
1307,10794,62784,428685,308653,120032,3285,155052
1308,11430,62370,443808,319542,124266,3000,155052
1309,11830,62111,428685,308653,120032,2715,155052
1310,11966,62022,384349,276731,107618,2450,155052
1311,11830,62111,313819,225950,87869,2222,155052
1312,11430,62370,221904,159771,62133,2047,155052
1313,10794,62784,114866,82703,32162,1937,155052
1314,9966,63322,0,0,0,1900,155052
1315,9001,63949,0,0,0,1937,155052
1316,7966,64622,0,0,0,2047,155052
1317,6931,65295,0,0,0,2222,155052
1318,5966,65922,0,0,0,2450,155052
1319,5138,66461,0,0,0,2715,155052
1320,4641,66783,0,0,0,3000,160845
1321,4241,67043,0,0,0,3285,160845
1322,4105,67132,0,0,0,3550,160845
1323,4241,67043,0,0,0,3778,160845
1324,4641,66783,0,0,0,3953,160845
1325,5277,66370,0,0,0,4063,160845
1326,6105,65832,0,0,0,4100,160845
1327,7070,65205,116126,83611,32515,4063,160845
1328,8105,64532,224338,161523,62815,3953,160845
1329,9140,63859,317262,228428,88833,3778,160845
1330,10105,63232,388565,279766,108798,3550,160845
1331,10933,62693,433387,312039,121348,3285,160845
1332,11569,62280,448676,323046,125629,3000,160845
1333,11969,62020,433387,312039,121348,2715,160845
1334,12105,61932,388565,279766,108798,2450,160845
1335,11969,62020,317262,228428,88833,2222,160845
1336,11569,62280,224338,161523,62815,2047,160845
1337,10933,62693,116126,83611,32515,1937,160845
1338,10105,63232,0,0,0,1900,160845
1339,9140,63859,0,0,0,1937,160845
1340,8105,64532,0,0,0,2047,160845
1341,7070,65205,0,0,0,2222,160845
1342,6105,65832,0,0,0,2450,160845
1343,5277,66370,0,0,0,2715,160845
1344,4781,66692,0,0,0,3000,184300
1345,4382,66952,0,0,0,3285,184300
1346,4245,67041,0,0,0,3550,184300
1347,4382,66952,0,0,0,3778,184300
1348,4781,66692,0,0,0,3953,184300
1349,5417,66279,0,0,0,4063,184300
1350,6245,65741,0,0,0,4100,184300
1351,7210,65114,117396,84525,32871,4063,184300
1352,8245,64441,226792,163290,63502,3953,184300
1353,9281,63768,320732,230927,89805,3778,184300
1354,10245,63141,392815,282827,109988,3550,184300
1355,11074,62602,438129,315453,122676,3285,184300
1356,11709,62189,453584,326580,127004,3000,184300
1357,12109,61929,438129,315453,122676,2715,184300
1358,12245,61841,392815,282827,109988,2450,184300
1359,12109,61929,320732,230927,89805,2222,184300
1360,11709,62189,226792,163290,63502,2047,184300
1361,11074,62602,117396,84525,32871,1937,184300
1362,10245,63141,0,0,0,1900,184300
1363,9281,63768,0,0,0,1937,184300
1364,8245,64441,0,0,0,2047,184300
1365,7210,65114,0,0,0,2222,184300
1366,6245,65741,0,0,0,2450,184300
1367,5417,66279,0,0,0,2715,184300
1368,4923,66600,0,0,0,3000,207755
1369,4523,66860,0,0,0,3285,207755
1370,4387,66949,0,0,0,3550,207755
1371,4523,66860,0,0,0,3778,207755
1372,4923,66600,0,0,0,3953,207755
1373,5558,66187,0,0,0,4063,207755
1374,6387,65649,0,0,0,4100,207755
1375,7351,65022,118677,85447,33229,4063,207755
1376,8387,64349,229266,165071,64194,3953,207755
1377,9422,63676,324231,233446,90785,3778,207755
1378,10387,63049,397100,285912,111188,3550,207755
1379,11215,62510,442907,318893,124014,3285,207755
1380,11851,62097,458531,330143,128389,3000,207755
1381,12250,61837,442907,318893,124014,2715,207755
1382,12387,61749,397100,285912,111188,2450,207755
1383,12250,61837,324231,233446,90785,2222,207755
1384,11851,62097,229266,165071,64194,2047,207755
1385,11215,62510,118677,85447,33229,1937,207755
1386,10387,63049,0,0,0,1900,207755
1387,9422,63676,0,0,0,1937,207755
1388,8387,64349,0,0,0,2047,207755
1389,7351,65022,0,0,0,2222,207755
1390,6387,65649,0,0,0,2450,207755
1391,5558,66187,0,0,0,2715,207755
1392,5065,66508,0,0,0,3000,213548
1393,4665,66768,0,0,0,3285,213548
1394,4529,66856,0,0,0,3550,213548
1395,4665,66768,0,0,0,3778,213548
1396,5065,66508,0,0,0,3953,213548
1397,5701,66095,0,0,0,4063,213548
1398,6529,65556,0,0,0,4100,213548
1399,7494,64929,119967,86376,33591,4063,213548
1400,8529,64256,231758,166866,64892,3953,213548
1401,9564,63583,327755,235984,91771,3778,213548
1402,10529,62956,401417,289020,112397,3550,213548
1403,11357,62418,447722,322360,125362,3285,213548
1404,11993,62004,463516,333732,129784,3000,213548
1405,12393,61745,447722,322360,125362,2715,213548
1406,12529,61656,401417,289020,112397,2450,213548
1407,12393,61745,327755,235984,91771,2222,213548
1408,11993,62004,231758,166866,64892,2047,213548
1409,11357,62418,119967,86376,33591,1937,213548
1410,10529,62956,0,0,0,1900,213548
1411,9564,63583,0,0,0,1937,213548
1412,8529,64256,0,0,0,2047,213548
1413,7494,64929,0,0,0,2222,213548
1414,6529,65556,0,0,0,2450,213548
1415,5701,66095,0,0,0,2715,213548
1416,5208,66415,0,0,0,3000,197317
1417,4809,66674,0,0,0,3285,197317
1418,4672,66763,0,0,0,3550,197317
1419,4809,66674,0,0,0,3778,197317
1420,5208,66415,0,0,0,3953,197317
1421,5844,66001,0,0,0,4063,197317
1422,6672,65463,0,0,0,4100,197317
1423,7637,64836,121266,87312,33955,4063,197317
1424,8672,64163,234268,168673,65595,3953,197317
1425,9708,63490,331306,238540,92766,3778,197317
1426,10672,62863,405765,292151,113614,3550,197317
1427,11501,62324,452572,325852,126720,3285,197317
1428,12137,61911,468537,337346,131190,3000,197317
1429,12536,61651,452572,325852,126720,2715,197317
1430,12672,61563,405765,292151,113614,2450,197317
1431,12536,61651,331306,238540,92766,2222,197317
1432,12137,61911,234268,168673,65595,2047,197317
1433,11501,62324,121266,87312,33955,1937,197317
1434,10672,62863,0,0,0,1900,197317
1435,9708,63490,0,0,0,1937,197317
1436,8672,64163,0,0,0,2047,197317
1437,7637,64836,0,0,0,2222,197317
1438,6672,65463,0,0,0,2450,197317
1439,5844,66001,0,0,0,2715,197317
1440,5353,66321,0,0,0,3000,171283
1441,4953,66580,0,0,0,3285,171283
1442,4817,66669,0,0,0,3550,171283
1443,4953,66580,0,0,0,3778,171283
1444,5353,66321,0,0,0,3953,171283
1445,5988,65907,0,0,0,4063,171283
1446,6817,65369,0,0,0,4100,171283
1447,7782,64742,122575,88254,34321,4063,171283
1448,8817,64069,236796,170493,66303,3953,171283
1449,9852,63396,334880,241114,93766,3778,171283
1450,10817,62769,410143,295303,114840,3550,171283
1451,11645,62231,457455,329367,128087,3285,171283
1452,12281,61817,473592,340986,132606,3000,171283
1453,12681,61558,457455,329367,128087,2715,171283
1454,12817,61469,410143,295303,114840,2450,171283
1455,12681,61558,334880,241114,93766,2222,171283
1456,12281,61817,236796,170493,66303,2047,171283
1457,11645,62231,122575,88254,34321,1937,171283
1458,10817,62769,0,0,0,1900,171283
1459,9852,63396,0,0,0,1937,171283
1460,8817,64069,0,0,0,2047,171283
1461,7782,64742,0,0,0,2222,171283
1462,6817,65369,0,0,0,2450,171283
1463,5988,65907,0,0,0,2715,171283
1464,5498,66226,0,0,0,3000,155052
1465,5099,66486,0,0,0,3285,155052
1466,4962,66575,0,0,0,3550,155052
1467,5099,66486,0,0,0,3778,155052
1468,5498,66226,0,0,0,3953,155052
1469,6134,65813,0,0,0,4063,155052
1470,6962,65275,0,0,0,4100,155052
1471,7927,64647,123892,89202,34690,4063,155052
1472,8962,63975,239340,172325,67015,3953,155052
1473,9998,63302,338478,243704,94774,3778,155052
1474,10962,62675,414549,298475,116074,3550,155052
1475,11791,62136,462370,332906,129464,3285,155052
1476,12426,61723,478680,344650,134030,3000,155052
1477,12826,61463,462370,332906,129464,2715,155052
1478,12962,61375,414549,298475,116074,2450,155052
1479,12826,61463,338478,243704,94774,2222,155052
1480,12426,61723,239340,172325,67015,2047,155052
1481,11791,62136,123892,89202,34690,1937,155052
1482,10962,62675,0,0,0,1900,155052
1483,9998,63302,0,0,0,1937,155052
1484,8962,63975,0,0,0,2047,155052
1485,7927,64647,0,0,0,2222,155052
1486,6962,65275,0,0,0,2450,155052
1487,6134,65813,0,0,0,2715,155052
1488,5644,66131,0,0,0,3000,160845
1489,5245,66391,0,0,0,3285,160845
1490,5109,66479,0,0,0,3550,160845
1491,5245,66391,0,0,0,3778,160845
1492,5644,66131,0,0,0,3953,160845
1493,6280,65718,0,0,0,4063,160845
1494,7109,65179,0,0,0,4100,160845
1495,8073,64552,125217,90156,35061,4063,160845
1496,9109,63879,241900,174168,67732,3953,160845
1497,10144,63206,342098,246311,95788,3778,160845
1498,11109,62579,418983,301668,117315,3550,160845
1499,11937,62041,467315,336467,130848,3285,160845
1500,12573,61628,483800,348336,135464,3000,160845
1501,12972,61368,467315,336467,130848,2715,160845
1502,13109,61279,418983,301668,117315,2450,160845
1503,12972,61368,342098,246311,95788,2222,160845
1504,12573,61628,241900,174168,67732,2047,160845
1505,11937,62041,125217,90156,35061,1937,160845
1506,11109,62579,0,0,0,1900,160845
1507,10144,63206,0,0,0,1937,160845
1508,9109,63879,0,0,0,2047,160845
1509,8073,64552,0,0,0,2222,160845
1510,7109,65179,0,0,0,2450,160845
1511,6280,65718,0,0,0,2715,160845
1512,5792,66035,0,0,0,3000,184300
1513,5392,66295,0,0,0,3285,184300
1514,5256,66384,0,0,0,3550,184300
1515,5392,66295,0,0,0,3778,184300
1516,5792,66035,0,0,0,3953,184300
1517,6427,65622,0,0,0,4063,184300
1518,7256,65084,0,0,0,4100,184300
1519,8220,64457,126550,91116,35434,4063,184300
1520,9256,63784,244475,176022,68453,3953,184300
1521,10291,63111,345740,248933,96807,3778,184300
1522,11256,62484,423443,304879,118564,3550,184300
1523,12084,61945,472289,340048,132241,3285,184300
1524,12720,61532,488950,352044,136906,3000,184300
1525,13119,61272,472289,340048,132241,2715,184300
1526,13256,61184,423443,304879,118564,2450,184300
1527,13119,61272,345740,248933,96807,2222,184300
1528,12720,61532,244475,176022,68453,2047,184300
1529,12084,61945,126550,91116,35434,1937,184300
1530,11256,62484,0,0,0,1900,184300
1531,10291,63111,0,0,0,1937,184300
1532,9256,63784,0,0,0,2047,184300
1533,8220,64457,0,0,0,2222,184300
1534,7256,65084,0,0,0,2450,184300
1535,6427,65622,0,0,0,2715,184300
1536,5940,65939,0,0,0,3000,207755
1537,5540,66199,0,0,0,3285,207755
1538,5404,66288,0,0,0,3550,207755
1539,5540,66199,0,0,0,3778,207755
1540,5940,65939,0,0,0,3953,207755
1541,6575,65526,0,0,0,4063,207755
1542,7404,64988,0,0,0,4100,207755
1543,8368,64361,127890,92081,35809,4063,207755
1544,9404,63688,247064,177886,69178,3953,207755
1545,10439,63015,349401,251569,97832,3778,207755
1546,11404,62388,427927,308108,119820,3550,207755
1547,12232,61849,477291,343650,133641,3285,207755
1548,12868,61436,494128,355772,138356,3000,207755
1549,13267,61176,477291,343650,133641,2715,207755
1550,13404,61088,427927,308108,119820,2450,207755
1551,13267,61176,349401,251569,97832,2222,207755
1552,12868,61436,247064,177886,69178,2047,207755
1553,12232,61849,127890,92081,35809,1937,207755
1554,11404,62388,0,0,0,1900,207755
1555,10439,63015,0,0,0,1937,207755
1556,9404,63688,0,0,0,2047,207755
1557,8368,64361,0,0,0,2222,207755
1558,7404,64988,0,0,0,2450,207755
1559,6575,65526,0,0,0,2715,207755
1560,6088,65843,0,0,0,3000,213548
1561,5689,66102,0,0,0,3285,213548
1562,5552,66191,0,0,0,3550,213548
1563,5689,66102,0,0,0,3778,213548
1564,6088,65843,0,0,0,3953,213548
1565,6724,65429,0,0,0,4063,213548
1566,7552,64891,0,0,0,4100,213548
1567,8517,64264,129237,93051,36186,4063,213548
1568,9552,63591,249667,179760,69907,3953,213548
1569,10588,62918,353082,254219,98863,3778,213548
1570,11552,62291,432435,311353,121082,3550,213548
1571,12381,61752,482319,347270,135049,3285,213548
1572,13016,61339,499333,359520,139813,3000,213548
1573,13416,61080,482319,347270,135049,2715,213548
1574,13552,60991,432435,311353,121082,2450,213548
1575,13416,61080,353082,254219,98863,2222,213548
1576,13016,61339,249667,179760,69907,2047,213548
1577,12381,61752,129237,93051,36186,1937,213548
1578,11552,62291,0,0,0,1900,213548
1579,10588,62918,0,0,0,1937,213548
1580,9552,63591,0,0,0,2047,213548
1581,8517,64264,0,0,0,2222,213548
1582,7552,64891,0,0,0,2450,213548
1583,6724,65429,0,0,0,2715,213548
1584,6238,65745,0,0,0,3000,197317
1585,5838,66005,0,0,0,3285,197317
1586,5702,66094,0,0,0,3550,197317
1587,5838,66005,0,0,0,3778,197317
1588,6238,65745,0,0,0,3953,197317
1589,6873,65332,0,0,0,4063,197317
1590,7702,64794,0,0,0,4100,197317
1591,8667,64167,130591,94025,36565,4063,197317
1592,9702,63494,252282,181643,70639,3953,197317
1593,10737,62821,356780,256882,99899,3778,197317
1594,11702,62194,436965,314615,122350,3550,197317
1595,12530,61655,487371,350907,136464,3285,197317
1596,13166,61242,504564,363286,141278,3000,197317
1597,13566,60982,487371,350907,136464,2715,197317
1598,13702,60894,436965,314615,122350,2450,197317
1599,13566,60982,356780,256882,99899,2222,197317
1600,13166,61242,252282,181643,70639,2047,197317
1601,12530,61655,130591,94025,36565,1937,197317
1602,11702,62194,0,0,0,1900,197317
1603,10737,62821,0,0,0,1937,197317
1604,9702,63494,0,0,0,2047,197317
1605,8667,64167,0,0,0,2222,197317
1606,7702,64794,0,0,0,2450,197317
1607,6873,65332,0,0,0,2715,197317
1608,6388,65648,0,0,0,3000,171283
1609,5988,65908,0,0,0,3285,171283
1610,5852,65996,0,0,0,3550,171283
1611,5988,65908,0,0,0,3778,171283
1612,6388,65648,0,0,0,3953,171283
1613,7024,65235,0,0,0,4063,171283
1614,7852,64696,0,0,0,4100,171283
1615,8817,64069,131951,95004,36946,4063,171283
1616,9852,63396,254909,183535,71375,3953,171283
1617,10887,62723,360496,259557,100939,3778,171283
1618,11852,62096,441515,317891,123624,3550,171283
1619,12680,61558,492446,354561,137885,3285,171283
1620,13316,61145,509818,367069,142749,3000,171283
1621,13716,60885,492446,354561,137885,2715,171283
1622,13852,60796,441515,317891,123624,2450,171283
1623,13716,60885,360496,259557,100939,2222,171283
1624,13316,61145,254909,183535,71375,2047,171283
1625,12680,61558,131951,95004,36946,1937,171283
1626,11852,62096,0,0,0,1900,171283
1627,10887,62723,0,0,0,1937,171283
1628,9852,63396,0,0,0,2047,171283
1629,8817,64069,0,0,0,2222,171283
1630,7852,64696,0,0,0,2450,171283
1631,7024,65235,0,0,0,2715,171283
1632,6539,65550,0,0,0,3000,155052
1633,6139,65810,0,0,0,3285,155052
1634,6003,65898,0,0,0,3550,155052
1635,6139,65810,0,0,0,3778,155052
1636,6539,65550,0,0,0,3953,155052
1637,7174,65137,0,0,0,4063,155052
1638,8003,64598,0,0,0,4100,155052
1639,8967,63971,133316,95988,37329,4063,155052
1640,10003,63298,257547,185434,72113,3953,155052
1641,11038,62625,364227,262243,101984,3778,155052
1642,12003,61998,446085,321181,124904,3550,155052
1643,12831,61460,497543,358231,139312,3285,155052
1644,13467,61047,515095,370868,144227,3000,155052
1645,13866,60787,497543,358231,139312,2715,155052
1646,14003,60698,446085,321181,124904,2450,155052
1647,13866,60787,364227,262243,101984,2222,155052
1648,13467,61047,257547,185434,72113,2047,155052
1649,12831,61460,133316,95988,37329,1937,155052
1650,12003,61998,0,0,0,1900,155052
1651,11038,62625,0,0,0,1937,155052
1652,10003,63298,0,0,0,2047,155052
1653,8967,63971,0,0,0,2222,155052
1654,8003,64598,0,0,0,2450,155052
1655,7174,65137,0,0,0,2715,155052
1656,6690,65452,0,0,0,3000,160845
1657,6290,65711,0,0,0,3285,160845
1658,6154,65800,0,0,0,3550,160845
1659,6290,65711,0,0,0,3778,160845
1660,6690,65452,0,0,0,3953,160845
1661,7326,65038,0,0,0,4063,160845
1662,8154,64500,0,0,0,4100,160845
1663,9119,63873,134687,96975,37712,4063,160845
1664,10154,63200,260196,187341,72855,3953,160845
1665,11189,62527,367973,264940,103032,3778,160845
1666,12154,61900,450673,324484,126188,3550,160845
1667,12982,61361,502660,361915,140745,3285,160845
1668,13618,60948,520392,374682,145710,3000,160845
1669,14018,60688,502660,361915,140745,2715,160845
1670,14154,60600,450673,324484,126188,2450,160845
1671,14018,60688,367973,264940,103032,2222,160845
1672,13618,60948,260196,187341,72855,2047,160845
1673,12982,61361,134687,96975,37712,1937,160845
1674,12154,61900,0,0,0,1900,160845
1675,11189,62527,0,0,0,1937,160845
1676,10154,63200,0,0,0,2047,160845
1677,9119,63873,0,0,0,2222,160845
1678,8154,64500,0,0,0,2450,160845
1679,7326,65038,0,0,0,2715,160845
1680,6842,65353,0,0,0,3000,184300
1681,6442,65613,0,0,0,3285,184300
1682,6306,65701,0,0,0,3550,184300
1683,6442,65613,0,0,0,3778,184300
1684,6842,65353,0,0,0,3953,184300
1685,7478,64940,0,0,0,4063,184300
1686,8306,64401,0,0,0,4100,184300
1687,9271,63774,136063,97966,38098,4063,184300
1688,10306,63101,262854,189255,73599,3953,184300
1689,11341,62428,371732,267647,104085,3778,184300
1690,12306,61801,455277,327799,127478,3550,184300
1691,13134,61263,507796,365613,142183,3285,184300
1692,13770,60849,525709,378510,147198,3000,184300
1693,14170,60590,507796,365613,142183,2715,184300
1694,14306,60501,455277,327799,127478,2450,184300
1695,14170,60590,371732,267647,104085,2222,184300
1696,13770,60849,262854,189255,73599,2047,184300
1697,13134,61263,136063,97966,38098,1937,184300
1698,12306,61801,0,0,0,1900,184300
1699,11341,62428,0,0,0,1937,184300
1700,10306,63101,0,0,0,2047,184300
1701,9271,63774,0,0,0,2222,184300
1702,8306,64401,0,0,0,2450,184300
1703,7478,64940,0,0,0,2715,184300
1704,6994,65254,0,0,0,3000,207755
1705,6595,65513,0,0,0,3285,207755
1706,6458,65602,0,0,0,3550,207755
1707,6595,65513,0,0,0,3778,207755
1708,6994,65254,0,0,0,3953,207755
1709,7630,64841,0,0,0,4063,207755
1710,8458,64302,0,0,0,4100,207755
1711,9423,63675,137444,98960,38484,4063,207755
1712,10458,63002,265521,191175,74346,3953,207755
1713,11494,62329,375504,270363,105141,3778,207755
1714,12458,61702,459896,331125,128771,3550,207755
1715,13287,61164,512948,369322,143625,3285,207755
1716,13922,60750,531043,382351,148692,3000,207755
1717,14322,60491,512948,369322,143625,2715,207755
1718,14458,60402,459896,331125,128771,2450,207755
1719,14322,60491,375504,270363,105141,2222,207755
1720,13922,60750,265521,191175,74346,2047,207755
1721,13287,61164,137444,98960,38484,1937,207755
1722,12458,61702,0,0,0,1900,207755
1723,11494,62329,0,0,0,1937,207755
1724,10458,63002,0,0,0,2047,207755
1725,9423,63675,0,0,0,2222,207755
1726,8458,64302,0,0,0,2450,207755
1727,7630,64841,0,0,0,2715,207755
1728,7147,65154,0,0,0,3000,213548
1729,6748,65414,0,0,0,3285,213548
1730,6611,65503,0,0,0,3550,213548
1731,6748,65414,0,0,0,3778,213548
1732,7147,65154,0,0,0,3953,213548
1733,7783,64741,0,0,0,4063,213548
1734,8611,64203,0,0,0,4100,213548
1735,9576,63576,138829,99957,38872,4063,213548
1736,10611,62903,268196,193101,75095,3953,213548
1737,11646,62230,379287,273087,106200,3778,213548
1738,12611,61603,464530,334461,130068,3550,213548
1739,13440,61064,518116,373043,145072,3285,213548
1740,14075,60651,536393,386203,150190,3000,213548
1741,14475,60391,518116,373043,145072,2715,213548
1742,14611,60303,464530,334461,130068,2450,213548
1743,14475,60391,379287,273087,106200,2222,213548
1744,14075,60651,268196,193101,75095,2047,213548
1745,13440,61064,138829,99957,38872,1937,213548
1746,12611,61603,0,0,0,1900,213548
1747,11646,62230,0,0,0,1937,213548
1748,10611,62903,0,0,0,2047,213548
1749,9576,63576,0,0,0,2222,213548
1750,8611,64203,0,0,0,2450,213548
1751,7783,64741,0,0,0,2715,213548
1752,7300,65055,0,0,0,3000,197317
1753,6901,65314,0,0,0,3285,197317
1754,6764,65403,0,0,0,3550,197317
1755,6901,65314,0,0,0,3778,197317
1756,7300,65055,0,0,0,3953,197317
1757,7936,64642,0,0,0,4063,197317
1758,8764,64103,0,0,0,4100,197317
1759,9729,63476,140217,100956,39261,4063,197317
1760,10764,62803,270879,195033,75846,3953,197317
1761,11800,62130,383080,275818,107262,3778,197317
1762,12764,61503,469175,337806,131369,3550,197317
1763,13593,60965,523297,376774,146523,3285,197317
1764,14229,60551,541757,390065,151692,3000,197317
1765,14628,60292,523297,376774,146523,2715,197317
1766,14764,60203,469175,337806,131369,2450,197317
1767,14628,60292,383080,275818,107262,2222,197317
1768,14229,60551,270879,195033,75846,2047,197317
1769,13593,60965,140217,100956,39261,1937,197317
1770,12764,61503,0,0,0,1900,197317
1771,11800,62130,0,0,0,1937,197317
1772,10764,62803,0,0,0,2047,197317
1773,9729,63476,0,0,0,2222,197317
1774,8764,64103,0,0,0,2450,197317
1775,7936,64642,0,0,0,2715,197317
1776,7454,64955,0,0,0,3000,171283
1777,7054,65215,0,0,0,3285,171283
1778,6918,65303,0,0,0,3550,171283
1779,7054,65215,0,0,0,3778,171283
1780,7454,64955,0,0,0,3953,171283
1781,8090,64542,0,0,0,4063,171283
1782,8918,64003,0,0,0,4100,171283
1783,9883,63376,141609,101958,39650,4063,171283
1784,10918,62703,273567,196968,76599,3953,171283
1785,11953,62030,386882,278555,108327,3778,171283
1786,12918,61403,473832,341159,132673,3550,171283
1787,13747,60865,528491,380514,147978,3285,171283
1788,14382,60452,547134,393937,153198,3000,171283
1789,14782,60192,528491,380514,147978,2715,171283
1790,14918,60103,473832,341159,132673,2450,171283
1791,14782,60192,386882,278555,108327,2222,171283
1792,14382,60452,273567,196968,76599,2047,171283
1793,13747,60865,141609,101958,39650,1937,171283
1794,12918,61403,0,0,0,1900,171283
1795,11953,62030,0,0,0,1937,171283
1796,10918,62703,0,0,0,2047,171283
1797,9883,63376,0,0,0,2222,171283
1798,8918,64003,0,0,0,2450,171283
1799,8090,64542,0,0,0,2715,171283
1800,7608,64855,0,0,0,3000,155052
1801,7208,65115,0,0,0,3285,155052
1802,7072,65203,0,0,0,3550,155052
1803,7208,65115,0,0,0,3778,155052
1804,7608,64855,0,0,0,3953,155052
1805,8244,64442,0,0,0,4063,155052
1806,9072,63903,0,0,0,4100,155052
1807,10037,63276,143003,102962,40041,4063,155052
1808,11072,62603,276261,198908,77353,3953,155052
1809,12107,61930,390693,281299,109394,3778,155052
1810,13072,61303,478499,344519,133980,3550,155052
1811,13901,60765,533696,384261,149435,3285,155052
1812,14536,60351,552523,397817,154706,3000,155052
1813,14936,60092,533696,384261,149435,2715,155052
1814,15072,60003,478499,344519,133980,2450,155052
1815,14936,60092,390693,281299,109394,2222,155052
1816,14536,60351,276261,198908,77353,2047,155052
1817,13901,60765,143003,102962,40041,1937,155052
1818,13072,61303,0,0,0,1900,155052
1819,12107,61930,0,0,0,1937,155052
1820,11072,62603,0,0,0,2047,155052
1821,10037,63276,0,0,0,2222,155052
1822,9072,63903,0,0,0,2450,155052
1823,8244,64442,0,0,0,2715,155052
1824,7762,64755,0,0,0,3000,160845
1825,7363,65014,0,0,0,3285,160845
1826,7226,65103,0,0,0,3550,160845
1827,7363,65014,0,0,0,3778,160845
1828,7762,64755,0,0,0,3953,160845
1829,8398,64341,0,0,0,4063,160845
1830,9226,63803,0,0,0,4100,160845
1831,10191,63176,144401,103968,40432,4063,160845
1832,11226,62503,278961,200852,78109,3953,160845
1833,12262,61830,394510,284047,110463,3778,160845
1834,13226,61203,483174,347885,135289,3550,160845
1835,14055,60664,538910,388015,150895,3285,160845
1836,14690,60251,557921,401703,156218,3000,160845
1837,15090,59991,538910,388015,150895,2715,160845
1838,15226,59903,483174,347885,135289,2450,160845
1839,15090,59991,394510,284047,110463,2222,160845
1840,14690,60251,278961,200852,78109,2047,160845
1841,14055,60664,144401,103968,40432,1937,160845
1842,13226,61203,0,0,0,1900,160845
1843,12262,61830,0,0,0,1937,160845
1844,11226,62503,0,0,0,2047,160845
1845,10191,63176,0,0,0,2222,160845
1846,9226,63803,0,0,0,2450,160845
1847,8398,64341,0,0,0,2715,160845
1848,7917,64654,0,0,0,3000,184300
1849,7517,64914,0,0,0,3285,184300
1850,7381,65002,0,0,0,3550,184300
1851,7517,64914,0,0,0,3778,184300
1852,7917,64654,0,0,0,3953,184300
1853,8552,64241,0,0,0,4063,184300
1854,9381,63702,0,0,0,4100,184300
1855,10346,63075,145800,104976,40824,4063,184300
1856,11381,62402,281664,202798,78866,3953,184300
1857,12416,61730,398333,286799,111533,3778,184300
1858,13381,61102,487856,351256,136600,3550,184300
1859,14209,60564,544132,391775,152357,3285,184300
1860,14845,60151,563327,405596,157732,3000,184300
1861,15244,59891,544132,391775,152357,2715,184300
1862,15381,59802,487856,351256,136600,2450,184300
1863,15244,59891,398333,286799,111533,2222,184300
1864,14845,60151,281664,202798,78866,2047,184300
1865,14209,60564,145800,104976,40824,1937,184300
1866,13381,61102,0,0,0,1900,184300
1867,12416,61730,0,0,0,1937,184300
1868,11381,62402,0,0,0,2047,184300
1869,10346,63075,0,0,0,2222,184300
1870,9381,63702,0,0,0,2450,184300
1871,8552,64241,0,0,0,2715,184300
1872,8071,64554,0,0,0,3000,207755
1873,7672,64813,0,0,0,3285,207755
1874,7535,64902,0,0,0,3550,207755
1875,7672,64813,0,0,0,3778,207755
1876,8071,64554,0,0,0,3953,207755
1877,8707,64140,0,0,0,4063,207755
1878,9535,63602,0,0,0,4100,207755
1879,10500,62975,147201,105984,41216,4063,207755
1880,11535,62302,284370,204746,79624,3953,207755
1881,12571,61629,402160,289555,112605,3778,207755
1882,13535,61002,492543,354631,137912,3550,207755
1883,14364,60463,549360,395540,153821,3285,207755
1884,15000,60050,568740,409493,159247,3000,207755
1885,15399,59791,549360,395540,153821,2715,207755
1886,15535,59702,492543,354631,137912,2450,207755
1887,15399,59791,402160,289555,112605,2222,207755
1888,15000,60050,284370,204746,79624,2047,207755
1889,14364,60463,147201,105984,41216,1937,207755
1890,13535,61002,0,0,0,1900,207755
1891,12571,61629,0,0,0,1937,207755
1892,11535,62302,0,0,0,2047,207755
1893,10500,62975,0,0,0,2222,207755
1894,9535,63602,0,0,0,2450,207755
1895,8707,64140,0,0,0,2715,207755
1896,8226,64453,0,0,0,3000,213548
1897,7827,64713,0,0,0,3285,213548
1898,7690,64801,0,0,0,3550,213548
1899,7827,64713,0,0,0,3778,213548
1900,8226,64453,0,0,0,3953,213548
1901,8862,64040,0,0,0,4063,213548
1902,9690,63501,0,0,0,4100,213548
1903,10655,62874,148603,106994,41609,4063,213548
1904,11690,62201,287079,206697,80382,3953,213548
1905,12725,61528,405990,292313,113677,3778,213548
1906,13690,60901,497235,358009,139226,3550,213548
1907,14519,60363,554593,399307,155286,3285,213548
1908,15154,59950,574157,413393,160764,3000,213548
1909,15554,59690,554593,399307,155286,2715,213548
1910,15690,59601,497235,358009,139226,2450,213548
1911,15554,59690,405990,292313,113677,2222,213548
1912,15154,59950,287079,206697,80382,2047,213548
1913,14519,60363,148603,106994,41609,1937,213548
1914,13690,60901,0,0,0,1900,213548
1915,12725,61528,0,0,0,1937,213548
1916,11690,62201,0,0,0,2047,213548
1917,10655,62874,0,0,0,2222,213548
1918,9690,63501,0,0,0,2450,213548
1919,8862,64040,0,0,0,2715,213548
1920,8381,64352,0,0,0,3000,197317
1921,7981,64612,0,0,0,3285,197317
1922,7845,64701,0,0,0,3550,197317
1923,7981,64612,0,0,0,3778,197317
1924,8381,64352,0,0,0,3953,197317
1925,9017,63939,0,0,0,4063,197317
1926,9845,63401,0,0,0,4100,197317
1927,10810,62774,150006,108004,42002,4063,197317
1928,11845,62101,289789,208648,81141,3953,197317
1929,12880,61428,409823,295073,114751,3778,197317
1930,13845,60801,501929,361389,140540,3550,197317
1931,14674,60262,559829,403077,156752,3285,197317
1932,15309,59849,579578,417296,162282,3000,197317
1933,15709,59589,559829,403077,156752,2715,197317
1934,15845,59501,501929,361389,140540,2450,197317
1935,15709,59589,409823,295073,114751,2222,197317
1936,15309,59849,289789,208648,81141,2047,197317
1937,14674,60262,150006,108004,42002,1937,197317
1938,13845,60801,0,0,0,1900,197317
1939,12880,61428,0,0,0,1937,197317
1940,11845,62101,0,0,0,2047,197317
1941,10810,62774,0,0,0,2222,197317
1942,9845,63401,0,0,0,2450,197317
1943,9017,63939,0,0,0,2715,197317
1944,8536,64252,0,0,0,3000,171283
1945,8136,64511,0,0,0,3285,171283
1946,8000,64600,0,0,0,3550,171283
1947,8136,64511,0,0,0,3778,171283
1948,8536,64252,0,0,0,3953,171283
1949,9172,63838,0,0,0,4063,171283
1950,10000,63300,0,0,0,4100,171283
1951,10965,62673,151409,109015,42395,4063,171283
1952,12000,62000,292500,210600,81900,3953,171283
1953,13035,61327,413657,297833,115824,3778,171283
1954,14000,60700,506625,364770,141855,3550,171283
1955,14828,60162,565067,406848,158219,3285,171283
1956,15464,59748,585000,421200,163800,3000,171283
1957,15864,59489,565067,406848,158219,2715,171283
1958,16000,59400,506625,364770,141855,2450,171283
1959,15864,59489,413657,297833,115824,2222,171283
1960,15464,59748,292500,210600,81900,2047,171283
1961,14828,60162,151409,109015,42395,1937,171283
1962,14000,60700,0,0,0,1900,171283
1963,13035,61327,0,0,0,1937,171283
1964,12000,62000,0,0,0,2047,171283
1965,10965,62673,0,0,0,2222,171283
1966,10000,63300,0,0,0,2450,171283
1967,9172,63838,0,0,0,2715,171283
1968,8691,64151,0,0,0,3000,155052
1969,8291,64411,0,0,0,3285,155052
1970,8155,64499,0,0,0,3550,155052
1971,8291,64411,0,0,0,3778,155052
1972,8691,64151,0,0,0,3953,155052
1973,9326,63738,0,0,0,4063,155052
1974,10155,63199,0,0,0,4100,155052
1975,11120,62572,152813,110025,42788,4063,155052
1976,12155,61899,295211,212552,82659,3953,155052
1977,13190,61226,417492,300594,116898,3778,155052
1978,14155,60599,511321,368151,143170,3550,155052
1979,14983,60061,570304,410619,159685,3285,155052
1980,15619,59648,590422,425104,165318,3000,155052
1981,16019,59388,570304,410619,159685,2715,155052
1982,16155,59299,511321,368151,143170,2450,155052
1983,16019,59388,417492,300594,116898,2222,155052
1984,15619,59648,295211,212552,82659,2047,155052
1985,14983,60061,152813,110025,42788,1937,155052
1986,14155,60599,0,0,0,1900,155052
1987,13190,61226,0,0,0,1937,155052
1988,12155,61899,0,0,0,2047,155052
1989,11120,62572,0,0,0,2222,155052
1990,10155,63199,0,0,0,2450,155052
1991,9326,63738,0,0,0,2715,155052
1992,8846,64050,0,0,0,3000,160845
1993,8446,64310,0,0,0,3285,160845
1994,8310,64399,0,0,0,3550,160845
1995,8446,64310,0,0,0,3778,160845
1996,8846,64050,0,0,0,3953,160845
1997,9481,63637,0,0,0,4063,160845
1998,10310,63099,0,0,0,4100,160845
1999,11275,62472,154215,111035,43180,4063,160845
2000,12310,61799,297921,214503,83418,3953,160845
2001,13345,61126,421324,303354,117971,3778,160845
2002,14310,60499,516015,371531,144484,3550,160845
2003,15138,59960,575540,414389,161151,3285,160845
2004,15774,59547,595843,429007,166836,3000,160845
2005,16173,59287,575540,414389,161151,2715,160845
2006,16310,59199,516015,371531,144484,2450,160845
2007,16173,59287,421324,303354,117971,2222,160845
2008,15774,59547,297921,214503,83418,2047,160845
2009,15138,59960,154215,111035,43180,1937,160845
2010,14310,60499,0,0,0,1900,160845
2011,13345,61126,0,0,0,1937,160845
2012,12310,61799,0,0,0,2047,160845
2013,11275,62472,0,0,0,2222,160845
2014,10310,63099,0,0,0,2450,160845
2015,9481,63637,0,0,0,2715,160845
2016,9000,63950,0,0,0,3000,184300
2017,8601,64209,0,0,0,3285,184300
2018,8465,64298,0,0,0,3550,184300
2019,8601,64209,0,0,0,3778,184300
2020,9000,63950,0,0,0,3953,184300
2021,9636,63537,0,0,0,4063,184300
2022,10465,62998,0,0,0,4100,184300
2023,11429,62371,155618,112045,43573,4063,184300
2024,12465,61698,300630,216454,84176,3953,184300
2025,13500,61025,425155,306112,119043,3778,184300
2026,14465,60398,520707,374909,145798,3550,184300
2027,15293,59860,580773,418156,162616,3285,184300
2028,15929,59446,601260,432907,168353,3000,184300
2029,16328,59187,580773,418156,162616,2715,184300
2030,16465,59098,520707,374909,145798,2450,184300
2031,16328,59187,425155,306112,119043,2222,184300
2032,15929,59446,300630,216454,84176,2047,184300
2033,15293,59860,155618,112045,43573,1937,184300
2034,14465,60398,0,0,0,1900,184300
2035,13500,61025,0,0,0,1937,184300
2036,12465,61698,0,0,0,2047,184300
2037,11429,62371,0,0,0,2222,184300
2038,10465,62998,0,0,0,2450,184300
2039,9636,63537,0,0,0,2715,184300
2040,9155,63849,0,0,0,3000,207755
2041,8756,64109,0,0,0,3285,207755
2042,8619,64198,0,0,0,3550,207755
2043,8756,64109,0,0,0,3778,207755
2044,9155,63849,0,0,0,3953,207755
2045,9791,63436,0,0,0,4063,207755
2046,10619,62898,0,0,0,4100,207755
2047,11584,62270,157018,113053,43965,4063,207755
2048,12619,61598,303336,218402,84934,3953,207755
2049,13654,60925,428982,308867,120115,3778,207755
2050,14619,60298,525394,378284,147110,3550,207755
2051,15448,59759,586001,421921,164080,3285,207755
2052,16083,59346,606673,436804,169868,3000,207755
2053,16483,59086,586001,421921,164080,2715,207755
2054,16619,58998,525394,378284,147110,2450,207755
2055,16483,59086,428982,308867,120115,2222,207755
2056,16083,59346,303336,218402,84934,2047,207755
2057,15448,59759,157018,113053,43965,1937,207755
2058,14619,60298,0,0,0,1900,207755
2059,13654,60925,0,0,0,1937,207755
2060,12619,61598,0,0,0,2047,207755
2061,11584,62270,0,0,0,2222,207755
2062,10619,62898,0,0,0,2450,207755
2063,9791,63436,0,0,0,2715,207755
2064,9310,63749,0,0,0,3000,213548
2065,8910,64009,0,0,0,3285,213548
2066,8774,64097,0,0,0,3550,213548
2067,8910,64009,0,0,0,3778,213548
2068,9310,63749,0,0,0,3953,213548
2069,9945,63336,0,0,0,4063,213548
2070,10774,62797,0,0,0,4100,213548
2071,11738,62170,158418,114061,44357,4063,213548
2072,12774,61497,306039,220348,85691,3953,213548
2073,13809,60824,432805,311620,121185,3778,213548
2074,14774,60197,530076,381655,148421,3550,213548
2075,15602,59659,591223,425680,165542,3285,213548
2076,16238,59245,612079,440697,171382,3000,213548
2077,16637,58986,591223,425680,165542,2715,213548
2078,16774,58897,530076,381655,148421,2450,213548
2079,16637,58986,432805,311620,121185,2222,213548
2080,16238,59245,306039,220348,85691,2047,213548
2081,15602,59659,158418,114061,44357,1937,213548
2082,14774,60197,0,0,0,1900,213548
2083,13809,60824,0,0,0,1937,213548
2084,12774,61497,0,0,0,2047,213548
2085,11738,62170,0,0,0,2222,213548
2086,10774,62797,0,0,0,2450,213548
2087,9945,63336,0,0,0,2715,213548
2088,9464,63649,0,0,0,3000,197317
2089,9064,63908,0,0,0,3285,197317
2090,8928,63997,0,0,0,3550,197317
2091,9064,63908,0,0,0,3778,197317
2092,9464,63649,0,0,0,3953,197317
2093,10099,63235,0,0,0,4063,197317
2094,10928,62697,0,0,0,4100,197317
2095,11893,62070,159815,115067,44748,4063,197317
2096,12928,61397,308739,222292,86447,3953,197317
2097,13963,60724,436622,314368,122254,3778,197317
2098,14928,60097,534751,385021,149730,3550,197317
2099,15756,59558,596437,429435,167002,3285,197317
2100,16392,59145,617477,444583,172894,3000,197317
2101,16792,58885,596437,429435,167002,2715,197317
2102,16928,58797,534751,385021,149730,2450,197317
2103,16792,58885,436622,314368,122254,2222,197317
2104,16392,59145,308739,222292,86447,2047,197317
2105,15756,59558,159815,115067,44748,1937,197317
2106,14928,60097,0,0,0,1900,197317
2107,13963,60724,0,0,0,1937,197317
2108,12928,61397,0,0,0,2047,197317
2109,11893,62070,0,0,0,2222,197317
2110,10928,62697,0,0,0,2450,197317
2111,10099,63235,0,0,0,2715,197317
2112,9618,63548,0,0,0,3000,171283
2113,9218,63808,0,0,0,3285,171283
2114,9082,63897,0,0,0,3550,171283
2115,9218,63808,0,0,0,3778,171283
2116,9618,63548,0,0,0,3953,171283
2117,10253,63135,0,0,0,4063,171283
2118,11082,62597,0,0,0,4100,171283
2119,12047,61970,161209,116071,45139,4063,171283
2120,13082,61297,311433,224232,87201,3953,171283
2121,14117,60624,440432,317111,123321,3778,171283
2122,15082,59997,539417,388381,151037,3550,171283
2123,15910,59458,601642,433182,168460,3285,171283
2124,16546,59045,622866,448463,174402,3000,171283
2125,16946,58785,601642,433182,168460,2715,171283
2126,17082,58697,539417,388381,151037,2450,171283
2127,16946,58785,440432,317111,123321,2222,171283
2128,16546,59045,311433,224232,87201,2047,171283
2129,15910,59458,161209,116071,45139,1937,171283
2130,15082,59997,0,0,0,1900,171283
2131,14117,60624,0,0,0,1937,171283
2132,13082,61297,0,0,0,2047,171283
2133,12047,61970,0,0,0,2222,171283
2134,11082,62597,0,0,0,2450,171283
2135,10253,63135,0,0,0,2715,171283
2136,9771,63449,0,0,0,3000,155052
2137,9372,63708,0,0,0,3285,155052
2138,9236,63797,0,0,0,3550,155052
2139,9372,63708,0,0,0,3778,155052
2140,9771,63449,0,0,0,3953,155052
2141,10407,63035,0,0,0,4063,155052
2142,11236,62497,0,0,0,4100,155052
2143,12200,61870,162601,117073,45528,4063,155052
2144,13236,61197,314121,226167,87954,3953,155052
2145,14271,60524,444235,319849,124386,3778,155052
2146,15236,59897,544074,391733,152341,3550,155052
2147,16064,59358,606836,436922,169914,3285,155052
2148,16700,58945,628243,452335,175908,3000,155052
2149,17099,58686,606836,436922,169914,2715,155052
2150,17236,58597,544074,391733,152341,2450,155052
2151,17099,58686,444235,319849,124386,2222,155052
2152,16700,58945,314121,226167,87954,2047,155052
2153,16064,59358,162601,117073,45528,1937,155052
2154,15236,59897,0,0,0,1900,155052
2155,14271,60524,0,0,0,1937,155052
2156,13236,61197,0,0,0,2047,155052
2157,12200,61870,0,0,0,2222,155052
2158,11236,62497,0,0,0,2450,155052
2159,10407,63035,0,0,0,2715,155052
2160,9925,63349,0,0,0,3000,160845
2161,9525,63609,0,0,0,3285,160845
2162,9389,63697,0,0,0,3550,160845
2163,9525,63609,0,0,0,3778,160845
2164,9925,63349,0,0,0,3953,160845
2165,10560,62936,0,0,0,4063,160845
2166,11389,62397,0,0,0,4100,160845
2167,12354,61770,163990,118073,45917,4063,160845
2168,13389,61097,316804,228099,88705,3953,160845
2169,14424,60424,448028,322580,125448,3778,160845
2170,15389,59797,548720,395078,153642,3550,160845
2171,16217,59259,612018,440653,171365,3285,160845
2172,16853,58846,633607,456197,177410,3000,160845
2173,17252,58586,612018,440653,171365,2715,160845
2174,17389,58497,548720,395078,153642,2450,160845
2175,17252,58586,448028,322580,125448,2222,160845
2176,16853,58846,316804,228099,88705,2047,160845
2177,16217,59259,163990,118073,45917,1937,160845
2178,15389,59797,0,0,0,1900,160845
2179,14424,60424,0,0,0,1937,160845
2180,13389,61097,0,0,0,2047,160845
2181,12354,61770,0,0,0,2222,160845
2182,11389,62397,0,0,0,2450,160845
2183,10560,62936,0,0,0,2715,160845
2184,10078,63250,0,0,0,3000,184300
2185,9678,63509,0,0,0,3285,184300
2186,9542,63598,0,0,0,3550,184300
2187,9678,63509,0,0,0,3778,184300
2188,10078,63250,0,0,0,3953,184300
2189,10713,62836,0,0,0,4063,184300
2190,11542,62298,0,0,0,4100,184300
2191,12506,61671,165374,119070,46305,4063,184300
2192,13542,60998,319479,230025,89454,3953,184300
2193,14577,60325,451811,325304,126507,3778,184300
2194,15542,59698,553353,398414,154939,3550,184300
2195,16370,59159,617185,444373,172812,3285,184300
2196,17006,58746,638957,460049,178908,3000,184300
2197,17405,58487,617185,444373,172812,2715,184300
2198,17542,58398,553353,398414,154939,2450,184300
2199,17405,58487,451811,325304,126507,2222,184300
2200,17006,58746,319479,230025,89454,2047,184300
2201,16370,59159,165374,119070,46305,1937,184300
2202,15542,59698,0,0,0,1900,184300
2203,14577,60325,0,0,0,1937,184300
2204,13542,60998,0,0,0,2047,184300
2205,12506,61671,0,0,0,2222,184300
2206,11542,62298,0,0,0,2450,184300
2207,10713,62836,0,0,0,2715,184300
2208,10230,63151,0,0,0,3000,207755
2209,9830,63410,0,0,0,3285,207755
2210,9694,63499,0,0,0,3550,207755
2211,9830,63410,0,0,0,3778,207755
2212,10230,63151,0,0,0,3953,207755
2213,10866,62737,0,0,0,4063,207755
2214,11694,62199,0,0,0,4100,207755
2215,12659,61572,166755,120064,46691,4063,207755
2216,13694,60899,322146,231945,90201,3953,207755
2217,14729,60226,455583,328020,127563,3778,207755
2218,15694,59599,557973,401740,156232,3550,207755
2219,16522,59060,622338,448083,174255,3285,207755
2220,17158,58647,644291,463890,180402,3000,207755
2221,17558,58387,622338,448083,174255,2715,207755
2222,17694,58299,557973,401740,156232,2450,207755
2223,17558,58387,455583,328020,127563,2222,207755
2224,17158,58647,322146,231945,90201,2047,207755
2225,16522,59060,166755,120064,46691,1937,207755
2226,15694,59599,0,0,0,1900,207755
2227,14729,60226,0,0,0,1937,207755
2228,13694,60899,0,0,0,2047,207755
2229,12659,61572,0,0,0,2222,207755
2230,11694,62199,0,0,0,2450,207755
2231,10866,62737,0,0,0,2715,207755
2232,10382,63052,0,0,0,3000,213548
2233,9982,63312,0,0,0,3285,213548
2234,9846,63400,0,0,0,3550,213548
2235,9982,63312,0,0,0,3778,213548
2236,10382,63052,0,0,0,3953,213548
2237,11018,62639,0,0,0,4063,213548
2238,11846,62100,0,0,0,4100,213548
2239,12811,61473,168131,121054,47077,4063,213548
2240,13846,60800,324804,233859,90945,3953,213548
2241,14881,60127,459342,330726,128616,3778,213548
2242,15846,59500,562577,405055,157522,3550,213548
2243,16674,58962,627473,451781,175692,3285,213548
2244,17310,58548,649608,467718,181890,3000,213548
2245,17710,58289,627473,451781,175692,2715,213548
2246,17846,58200,562577,405055,157522,2450,213548
2247,17710,58289,459342,330726,128616,2222,213548
2248,17310,58548,324804,233859,90945,2047,213548
2249,16674,58962,168131,121054,47077,1937,213548
2250,15846,59500,0,0,0,1900,213548
2251,14881,60127,0,0,0,1937,213548
2252,13846,60800,0,0,0,2047,213548
2253,12811,61473,0,0,0,2222,213548
2254,11846,62100,0,0,0,2450,213548
2255,11018,62639,0,0,0,2715,213548
2256,10533,62953,0,0,0,3000,197317
2257,10134,63213,0,0,0,3285,197317
2258,9997,63302,0,0,0,3550,197317
2259,10134,63213,0,0,0,3778,197317
2260,10533,62953,0,0,0,3953,197317
2261,11169,62540,0,0,0,4063,197317
2262,11997,62002,0,0,0,4100,197317
2263,12962,61375,169502,122041,47461,4063,197317
2264,13997,60702,327453,235766,91687,3953,197317
2265,15033,60029,463088,333423,129665,3778,197317
2266,15997,59402,567165,408359,158806,3550,197317
2267,16826,58863,632590,455465,177125,3285,197317
2268,17461,58450,654905,471532,183373,3000,197317
2269,17861,58190,632590,455465,177125,2715,197317
2270,17997,58102,567165,408359,158806,2450,197317
2271,17861,58190,463088,333423,129665,2222,197317
2272,17461,58450,327453,235766,91687,2047,197317
2273,16826,58863,169502,122041,47461,1937,197317
2274,15997,59402,0,0,0,1900,197317
2275,15033,60029,0,0,0,1937,197317
2276,13997,60702,0,0,0,2047,197317
2277,12962,61375,0,0,0,2222,197317
2278,11997,62002,0,0,0,2450,197317
2279,11169,62540,0,0,0,2715,197317
2280,10684,62855,0,0,0,3000,171283
2281,10284,63115,0,0,0,3285,171283
2282,10148,63204,0,0,0,3550,171283
2283,10284,63115,0,0,0,3778,171283
2284,10684,62855,0,0,0,3953,171283
2285,11320,62442,0,0,0,4063,171283
2286,12148,61904,0,0,0,4100,171283
2287,13113,61277,170868,123025,47843,4063,171283
2288,14148,60604,330091,237665,92425,3953,171283
2289,15183,59931,466819,336110,130709,3778,171283
2290,16148,59304,571734,411649,160086,3550,171283
2291,16976,58765,637687,459134,178552,3285,171283
2292,17612,58352,660182,475331,184851,3000,171283
2293,18012,58092,637687,459134,178552,2715,171283
2294,18148,58004,571734,411649,160086,2450,171283
2295,18012,58092,466819,336110,130709,2222,171283
2296,17612,58352,330091,237665,92425,2047,171283
2297,16976,58765,170868,123025,47843,1937,171283
2298,16148,59304,0,0,0,1900,171283
2299,15183,59931,0,0,0,1937,171283
2300,14148,60604,0,0,0,2047,171283
2301,13113,61277,0,0,0,2222,171283
2302,12148,61904,0,0,0,2450,171283
2303,11320,62442,0,0,0,2715,171283
2304,10834,62758,0,0,0,3000,155052
2305,10434,63018,0,0,0,3285,155052
2306,10298,63106,0,0,0,3550,155052
2307,10434,63018,0,0,0,3778,155052
2308,10834,62758,0,0,0,3953,155052
2309,11470,62345,0,0,0,4063,155052
2310,12298,61806,0,0,0,4100,155052
2311,13263,61179,172228,124004,48224,4063,155052
2312,14298,60506,332718,239557,93161,3953,155052
2313,15333,59833,470535,338785,131750,3778,155052
2314,16298,59206,576285,414925,161360,3550,155052
2315,17127,58668,642762,462789,179973,3285,155052
2316,17762,58255,665436,479114,186322,3000,155052
2317,18162,57995,642762,462789,179973,2715,155052
2318,18298,57906,576285,414925,161360,2450,155052
2319,18162,57995,470535,338785,131750,2222,155052
2320,17762,58255,332718,239557,93161,2047,155052
2321,17127,58668,172228,124004,48224,1937,155052
2322,16298,59206,0,0,0,1900,155052
2323,15333,59833,0,0,0,1937,155052
2324,14298,60506,0,0,0,2047,155052
2325,13263,61179,0,0,0,2222,155052
2326,12298,61806,0,0,0,2450,155052
2327,11470,62345,0,0,0,2715,155052
2328,10984,62661,0,0,0,3000,160845
2329,10584,62920,0,0,0,3285,160845
2330,10448,63009,0,0,0,3550,160845
2331,10584,62920,0,0,0,3778,160845
2332,10984,62661,0,0,0,3953,160845
2333,11619,62248,0,0,0,4063,160845
2334,12448,61709,0,0,0,4100,160845
2335,13412,61082,173581,124979,48603,4063,160845
2336,14448,60409,335333,241440,93893,3953,160845
2337,15483,59736,474233,341448,132785,3778,160845
2338,16448,59109,580815,418186,162628,3550,160845
2339,17276,58571,647814,466426,181388,3285,160845
2340,17912,58157,670667,482880,187787,3000,160845
2341,18311,57898,647814,466426,181388,2715,160845
2342,18448,57809,580815,418186,162628,2450,160845
2343,18311,57898,474233,341448,132785,2222,160845
2344,17912,58157,335333,241440,93893,2047,160845
2345,17276,58571,173581,124979,48603,1937,160845
2346,16448,59109,0,0,0,1900,160845
2347,15483,59736,0,0,0,1937,160845
2348,14448,60409,0,0,0,2047,160845
2349,13412,61082,0,0,0,2222,160845
2350,12448,61709,0,0,0,2450,160845
2351,11619,62248,0,0,0,2715,160845
2352,11132,62564,0,0,0,3000,184300
2353,10733,62824,0,0,0,3285,184300
2354,10596,62912,0,0,0,3550,184300
2355,10733,62824,0,0,0,3778,184300
2356,11132,62564,0,0,0,3953,184300
2357,11768,62151,0,0,0,4063,184300
2358,12596,61612,0,0,0,4100,184300
2359,13561,60985,174929,125949,48980,4063,184300
2360,14596,60312,337936,243314,94622,3953,184300
2361,15632,59639,477914,344098,133816,3778,184300
2362,16596,59012,585322,421432,163890,3550,184300
2363,17425,58474,652842,470046,182796,3285,184300
2364,18060,58061,675872,486628,189244,3000,184300
2365,18460,57801,652842,470046,182796,2715,184300
2366,18596,57712,585322,421432,163890,2450,184300
2367,18460,57801,477914,344098,133816,2222,184300
2368,18060,58061,337936,243314,94622,2047,184300
2369,17425,58474,174929,125949,48980,1937,184300
2370,16596,59012,0,0,0,1900,184300
2371,15632,59639,0,0,0,1937,184300
2372,14596,60312,0,0,0,2047,184300
2373,13561,60985,0,0,0,2222,184300
2374,12596,61612,0,0,0,2450,184300
2375,11768,62151,0,0,0,2715,184300
2376,11280,62468,0,0,0,3000,207755
2377,10881,62728,0,0,0,3285,207755
2378,10744,62816,0,0,0,3550,207755
2379,10881,62728,0,0,0,3778,207755
2380,11280,62468,0,0,0,3953,207755
2381,11916,62055,0,0,0,4063,207755
2382,12744,61516,0,0,0,4100,207755
2383,13709,60889,176269,126914,49355,4063,207755
2384,14744,60216,340525,245178,95347,3953,207755
2385,15780,59543,481575,346734,134841,3778,207755
2386,16744,58916,589807,424661,165146,3550,207755
2387,17573,58378,657844,473648,184196,3285,207755
2388,18208,57965,681050,490356,190694,3000,207755
2389,18608,57705,657844,473648,184196,2715,207755
2390,18744,57616,589807,424661,165146,2450,207755
2391,18608,57705,481575,346734,134841,2222,207755
2392,18208,57965,340525,245178,95347,2047,207755
2393,17573,58378,176269,126914,49355,1937,207755
2394,16744,58916,0,0,0,1900,207755
2395,15780,59543,0,0,0,1937,207755
2396,14744,60216,0,0,0,2047,207755
2397,13709,60889,0,0,0,2222,207755
2398,12744,61516,0,0,0,2450,207755
2399,11916,62055,0,0,0,2715,207755
2400,11427,62372,0,0,0,3000,213548
2401,11028,62632,0,0,0,3285,213548
2402,10891,62721,0,0,0,3550,213548
2403,11028,62632,0,0,0,3778,213548
2404,11427,62372,0,0,0,3953,213548
2405,12063,61959,0,0,0,4063,213548
2406,12891,61421,0,0,0,4100,213548
2407,13856,60794,177602,127873,49728,4063,213548
2408,14891,60121,343100,247032,96068,3953,213548
2409,15927,59448,485217,349356,135861,3778,213548
2410,16891,58821,594267,427872,166395,3550,213548
2411,17720,58282,662818,477229,185589,3285,213548
2412,18356,57869,686200,494064,192136,3000,213548
2413,18755,57609,662818,477229,185589,2715,213548
2414,18891,57521,594267,427872,166395,2450,213548
2415,18755,57609,485217,349356,135861,2222,213548
2416,18356,57869,343100,247032,96068,2047,213548
2417,17720,58282,177602,127873,49728,1937,213548
2418,16891,58821,0,0,0,1900,213548
2419,15927,59448,0,0,0,1937,213548
2420,14891,60121,0,0,0,2047,213548
2421,13856,60794,0,0,0,2222,213548
2422,12891,61421,0,0,0,2450,213548
2423,12063,61959,0,0,0,2715,213548
2424,11574,62277,0,0,0,3000,197317
2425,11174,62537,0,0,0,3285,197317
2426,11038,62625,0,0,0,3550,197317
2427,11174,62537,0,0,0,3778,197317
2428,11574,62277,0,0,0,3953,197317
2429,12209,61864,0,0,0,4063,197317
2430,13038,61325,0,0,0,4100,197317
2431,14002,60698,178927,128827,50099,4063,197317
2432,15038,60025,345660,248875,96785,3953,197317
2433,16073,59353,488837,351963,136874,3778,197317
2434,17038,58725,598700,431064,167636,3550,197317
2435,17866,58187,667764,480790,186974,3285,197317
2436,18502,57774,691320,497750,193570,3000,197317
2437,18901,57514,667764,480790,186974,2715,197317
2438,19038,57425,598700,431064,167636,2450,197317
2439,18901,57514,488837,351963,136874,2222,197317
2440,18502,57774,345660,248875,96785,2047,197317
2441,17866,58187,178927,128827,50099,1937,197317
2442,17038,58725,0,0,0,1900,197317
2443,16073,59353,0,0,0,1937,197317
2444,15038,60025,0,0,0,2047,197317
2445,14002,60698,0,0,0,2222,197317
2446,13038,61325,0,0,0,2450,197317
2447,12209,61864,0,0,0,2715,197317
2448,11719,62183,0,0,0,3000,171283
2449,11319,62442,0,0,0,3285,171283
2450,11183,62531,0,0,0,3550,171283
2451,11319,62442,0,0,0,3778,171283
2452,11719,62183,0,0,0,3953,171283
2453,12355,61769,0,0,0,4063,171283
2454,13183,61231,0,0,0,4100,171283
2455,14148,60604,180244,129775,50468,4063,171283
2456,15183,59931,348204,250707,97497,3953,171283
2457,16218,59258,492435,354553,137882,3778,171283
2458,17183,58631,603107,434237,168870,3550,171283
2459,18012,58093,672678,484328,188350,3285,171283
2460,18647,57679,696408,501414,194994,3000,171283
2461,19047,57420,672678,484328,188350,2715,171283
2462,19183,57331,603107,434237,168870,2450,171283
2463,19047,57420,492435,354553,137882,2222,171283
2464,18647,57679,348204,250707,97497,2047,171283
2465,18012,58093,180244,129775,50468,1937,171283
2466,17183,58631,0,0,0,1900,171283
2467,16218,59258,0,0,0,1937,171283
2468,15183,59931,0,0,0,2047,171283
2469,14148,60604,0,0,0,2222,171283
2470,13183,61231,0,0,0,2450,171283
2471,12355,61769,0,0,0,2715,171283
2472,11863,62089,0,0,0,3000,155052
2473,11464,62349,0,0,0,3285,155052
2474,11328,62437,0,0,0,3550,155052
2475,11464,62349,0,0,0,3778,155052
2476,11863,62089,0,0,0,3953,155052
2477,12499,61676,0,0,0,4063,155052
2478,13328,61137,0,0,0,4100,155052
2479,14292,60510,181552,130717,50835,4063,155052
2480,15328,59837,350732,252527,98205,3953,155052
2481,16363,59164,496009,357127,138883,3778,155052
2482,17328,58537,607485,437389,170096,3550,155052
2483,18156,57999,677561,487844,189717,3285,155052
2484,18792,57585,701463,505054,196410,3000,155052
2485,19191,57326,677561,487844,189717,2715,155052
2486,19328,57237,607485,437389,170096,2450,155052
2487,19191,57326,496009,357127,138883,2222,155052
2488,18792,57585,350732,252527,98205,2047,155052
2489,18156,57999,181552,130717,50835,1937,155052
2490,17328,58537,0,0,0,1900,155052
2491,16363,59164,0,0,0,1937,155052
2492,15328,59837,0,0,0,2047,155052
2493,14292,60510,0,0,0,2222,155052
2494,13328,61137,0,0,0,2450,155052
2495,12499,61676,0,0,0,2715,155052
2496,12007,61996,0,0,0,3000,160845
2497,11607,62255,0,0,0,3285,160845
2498,11471,62344,0,0,0,3550,160845
2499,11607,62255,0,0,0,3778,160845
2500,12007,61996,0,0,0,3953,160845
2501,12643,61582,0,0,0,4063,160845
2502,13471,61044,0,0,0,4100,160845
2503,14436,60417,182852,131653,51198,4063,160845
2504,15471,59744,353242,254334,98908,3953,160845
2505,16506,59071,499560,359683,139877,3778,160845
2506,17471,58444,611833,440520,171313,3550,160845
2507,18299,57905,682411,491336,191075,3285,160845
2508,18935,57492,706484,508668,197816,3000,160845
2509,19335,57232,682411,491336,191075,2715,160845
2510,19471,57144,611833,440520,171313,2450,160845
2511,19335,57232,499560,359683,139877,2222,160845
2512,18935,57492,353242,254334,98908,2047,160845
2513,18299,57905,182852,131653,51198,1937,160845
2514,17471,58444,0,0,0,1900,160845
2515,16506,59071,0,0,0,1937,160845
2516,15471,59744,0,0,0,2047,160845
2517,14436,60417,0,0,0,2222,160845
2518,13471,61044,0,0,0,2450,160845
2519,12643,61582,0,0,0,2715,160845
2520,12149,61903,0,0,0,3000,184300
2521,11750,62163,0,0,0,3285,184300
2522,11613,62251,0,0,0,3550,184300
2523,11750,62163,0,0,0,3778,184300
2524,12149,61903,0,0,0,3953,184300
2525,12785,61490,0,0,0,4063,184300
2526,13613,60951,0,0,0,4100,184300
2527,14578,60324,184142,132582,51560,4063,184300
2528,15613,59651,355734,256129,99606,3953,184300
2529,16649,58978,503084,362221,140864,3778,184300
2530,17613,58351,616150,443628,172522,3550,184300
2531,18442,57813,687226,494803,192423,3285,184300
2532,19077,57400,711469,512257,199211,3000,184300
2533,19477,57140,687226,494803,192423,2715,184300
2534,19613,57051,616150,443628,172522,2450,184300
2535,19477,57140,503084,362221,140864,2222,184300
2536,19077,57400,355734,256129,99606,2047,184300
2537,18442,57813,184142,132582,51560,1937,184300
2538,17613,58351,0,0,0,1900,184300
2539,16649,58978,0,0,0,1937,184300
2540,15613,59651,0,0,0,2047,184300
2541,14578,60324,0,0,0,2222,184300
2542,13613,60951,0,0,0,2450,184300
2543,12785,61490,0,0,0,2715,184300
2544,12291,61811,0,0,0,3000,207755
2545,11891,62071,0,0,0,3285,207755
2546,11755,62159,0,0,0,3550,207755
2547,11891,62071,0,0,0,3778,207755
2548,12291,61811,0,0,0,3953,207755
2549,12926,61398,0,0,0,4063,207755
2550,13755,60859,0,0,0,4100,207755
2551,14719,60232,185422,133504,51918,4063,207755
2552,15755,59559,358208,257910,100298,3953,207755
2553,16790,58886,506583,364739,141843,3778,207755
2554,17755,58259,620434,446713,173722,3550,207755
2555,18583,57721,692005,498243,193761,3285,207755
2556,19219,57308,716416,515820,200596,3000,207755
2557,19618,57048,692005,498243,193761,2715,207755
2558,19755,56959,620434,446713,173722,2450,207755
2559,19618,57048,506583,364739,141843,2222,207755
2560,19219,57308,358208,257910,100298,2047,207755
2561,18583,57721,185422,133504,51918,1937,207755
2562,17755,58259,0,0,0,1900,207755
2563,16790,58886,0,0,0,1937,207755
2564,15755,59559,0,0,0,2047,207755
2565,14719,60232,0,0,0,2222,207755
2566,13755,60859,0,0,0,2450,207755
2567,12926,61398,0,0,0,2715,207755
2568,12431,61720,0,0,0,3000,213548
2569,12031,61980,0,0,0,3285,213548
2570,11895,62068,0,0,0,3550,213548
2571,12031,61980,0,0,0,3778,213548
2572,12431,61720,0,0,0,3953,213548
2573,13067,61307,0,0,0,4063,213548
2574,13895,60768,0,0,0,4100,213548
2575,14860,60141,186692,134419,52274,4063,213548
2576,15895,59468,360662,259677,100985,3953,213548
2577,16930,58795,510053,367238,142815,3778,213548
2578,17895,58168,624685,449773,174912,3550,213548
2579,18723,57630,696746,501657,195089,3285,213548
2580,19359,57217,721324,519354,201971,3000,213548
2581,19759,56957,696746,501657,195089,2715,213548
2582,19895,56868,624685,449773,174912,2450,213548
2583,19759,56957,510053,367238,142815,2222,213548
2584,19359,57217,360662,259677,100985,2047,213548
2585,18723,57630,186692,134419,52274,1937,213548
2586,17895,58168,0,0,0,1900,213548
2587,16930,58795,0,0,0,1937,213548
2588,15895,59468,0,0,0,2047,213548
2589,14860,60141,0,0,0,2222,213548
2590,13895,60768,0,0,0,2450,213548
2591,13067,61307,0,0,0,2715,213548
2592,12570,61630,0,0,0,3000,197317
2593,12170,61889,0,0,0,3285,197317
2594,12034,61978,0,0,0,3550,197317
2595,12170,61889,0,0,0,3778,197317
2596,12570,61630,0,0,0,3953,197317
2597,13206,61216,0,0,0,4063,197317
2598,14034,60678,0,0,0,4100,197317
2599,14999,60051,187952,135326,52627,4063,197317
2600,16034,59378,363096,261429,101667,3953,197317
2601,17069,58705,513495,369717,143779,3778,197317
2602,18034,58078,628901,452809,176092,3550,197317
2603,18862,57539,701448,505042,196405,3285,197317
2604,19498,57126,726192,522858,203334,3000,197317
2605,19898,56866,701448,505042,196405,2715,197317
2606,20034,56778,628901,452809,176092,2450,197317
2607,19898,56866,513495,369717,143779,2222,197317
2608,19498,57126,363096,261429,101667,2047,197317
2609,18862,57539,187952,135326,52627,1937,197317
2610,18034,58078,0,0,0,1900,197317
2611,17069,58705,0,0,0,1937,197317
2612,16034,59378,0,0,0,2047,197317
2613,14999,60051,0,0,0,2222,197317
2614,14034,60678,0,0,0,2450,197317
2615,13206,61216,0,0,0,2715,197317
2616,12708,61540,0,0,0,3000,171283
2617,12308,61800,0,0,0,3285,171283
2618,12172,61888,0,0,0,3550,171283
2619,12308,61800,0,0,0,3778,171283
2620,12708,61540,0,0,0,3953,171283
2621,13344,61127,0,0,0,4063,171283
2622,14172,60588,0,0,0,4100,171283
2623,15137,59961,189201,136225,52976,4063,171283
2624,16172,59288,365509,263167,102343,3953,171283
2625,17207,58615,516908,372174,144734,3778,171283
2626,18172,57988,633080,455818,177263,3550,171283
2627,19000,57450,706109,508399,197711,3285,171283
2628,19636,57037,731018,526333,204685,3000,171283
2629,20036,56777,706109,508399,197711,2715,171283
2630,20172,56688,633080,455818,177263,2450,171283
2631,20036,56777,516908,372174,144734,2222,171283
2632,19636,57037,365509,263167,102343,2047,171283
2633,19000,57450,189201,136225,52976,1937,171283
2634,18172,57988,0,0,0,1900,171283
2635,17207,58615,0,0,0,1937,171283
2636,16172,59288,0,0,0,2047,171283
2637,15137,59961,0,0,0,2222,171283
2638,14172,60588,0,0,0,2450,171283
2639,13344,61127,0,0,0,2715,171283
2640,12845,61451,0,0,0,3000,155052
2641,12445,61711,0,0,0,3285,155052
2642,12309,61799,0,0,0,3550,155052
2643,12445,61711,0,0,0,3778,155052
2644,12845,61451,0,0,0,3953,155052
2645,13480,61038,0,0,0,4063,155052
2646,14309,60499,0,0,0,4100,155052
2647,15273,59872,190439,137116,53323,4063,155052
2648,16309,59199,367901,264888,103012,3953,155052
2649,17344,58526,520290,374609,145681,3778,155052
2650,18309,57899,637222,458800,178422,3550,155052
2651,19137,57361,710729,511725,199004,3285,155052
2652,19773,56948,735801,529777,206024,3000,155052
2653,20172,56688,710729,511725,199004,2715,155052
2654,20309,56599,637222,458800,178422,2450,155052
2655,20172,56688,520290,374609,145681,2222,155052
2656,19773,56948,367901,264888,103012,2047,155052
2657,19137,57361,190439,137116,53323,1937,155052
2658,18309,57899,0,0,0,1900,155052
2659,17344,58526,0,0,0,1937,155052
2660,16309,59199,0,0,0,2047,155052
2661,15273,59872,0,0,0,2222,155052
2662,14309,60499,0,0,0,2450,155052
2663,13480,61038,0,0,0,2715,155052
2664,12980,61363,0,0,0,3000,160845
2665,12580,61623,0,0,0,3285,160845
2666,12444,61711,0,0,0,3550,160845
2667,12580,61623,0,0,0,3778,160845
2668,12980,61363,0,0,0,3953,160845
2669,13616,60950,0,0,0,4063,160845
2670,14444,60411,0,0,0,4100,160845
2671,15409,59784,191666,137999,53666,4063,160845
2672,16444,59111,370270,266594,103676,3953,160845
2673,17479,58438,523640,377021,146619,3778,160845
2674,18444,57811,641326,461755,179571,3550,160845
2675,19272,57273,715306,515020,200286,3285,160845
2676,19908,56860,740539,533188,207351,3000,160845
2677,20308,56600,715306,515020,200286,2715,160845
2678,20444,56511,641326,461755,179571,2450,160845
2679,20308,56600,523640,377021,146619,2222,160845
2680,19908,56860,370270,266594,103676,2047,160845
2681,19272,57273,191666,137999,53666,1937,160845
2682,18444,57811,0,0,0,1900,160845
2683,17479,58438,0,0,0,1937,160845
2684,16444,59111,0,0,0,2047,160845
2685,15409,59784,0,0,0,2222,160845
2686,14444,60411,0,0,0,2450,160845
2687,13616,60950,0,0,0,2715,160845
2688,13114,61276,0,0,0,3000,184300
2689,12714,61536,0,0,0,3285,184300
2690,12578,61624,0,0,0,3550,184300
2691,12714,61536,0,0,0,3778,184300
2692,13114,61276,0,0,0,3953,184300
2693,13750,60863,0,0,0,4063,184300
2694,14578,60324,0,0,0,4100,184300
2695,15543,59697,192880,138874,54006,4063,184300
2696,16578,59024,372616,268283,104332,3953,184300
2697,17613,58351,526958,379410,147548,3778,184300
2698,18578,57724,645389,464680,180709,3550,184300
2699,19406,57186,719838,518284,201555,3285,184300
2700,20042,56773,745231,536567,208665,3000,184300
2701,20442,56513,719838,518284,201555,2715,184300
2702,20578,56424,645389,464680,180709,2450,184300
2703,20442,56513,526958,379410,147548,2222,184300
2704,20042,56773,372616,268283,104332,2047,184300
2705,19406,57186,192880,138874,54006,1937,184300
2706,18578,57724,0,0,0,1900,184300
2707,17613,58351,0,0,0,1937,184300
2708,16578,59024,0,0,0,2047,184300
2709,15543,59697,0,0,0,2222,184300
2710,14578,60324,0,0,0,2450,184300
2711,13750,60863,0,0,0,2715,184300
2712,13247,61190,0,0,0,3000,207755
2713,12847,61449,0,0,0,3285,207755
2714,12711,61538,0,0,0,3550,207755
2715,12847,61449,0,0,0,3778,207755
2716,13247,61190,0,0,0,3953,207755
2717,13882,60776,0,0,0,4063,207755
2718,14711,60238,0,0,0,4100,207755
2719,15675,59611,194082,139739,54343,4063,207755
2720,16711,58938,374938,269955,104983,3953,207755
2721,17746,58265,530242,381774,148468,3778,207755
2722,18711,57638,649412,467576,181835,3550,207755
2723,19539,57100,724325,521514,202811,3285,207755
2724,20175,56686,749876,539911,209965,3000,207755
2725,20574,56427,724325,521514,202811,2715,207755
2726,20711,56338,649412,467576,181835,2450,207755
2727,20574,56427,530242,381774,148468,2222,207755
2728,20175,56686,374938,269955,104983,2047,207755
2729,19539,57100,194082,139739,54343,1937,207755
2730,18711,57638,0,0,0,1900,207755
2731,17746,58265,0,0,0,1937,207755
2732,16711,58938,0,0,0,2047,207755
2733,15675,59611,0,0,0,2222,207755
2734,14711,60238,0,0,0,2450,207755
2735,13882,60776,0,0,0,2715,207755
2736,13378,61104,0,0,0,3000,213548
2737,12978,61364,0,0,0,3285,213548
2738,12842,61453,0,0,0,3550,213548
2739,12978,61364,0,0,0,3778,213548
2740,13378,61104,0,0,0,3953,213548
2741,14014,60691,0,0,0,4063,213548
2742,14842,60153,0,0,0,4100,213548
2743,15807,59526,195272,140596,54676,4063,213548
2744,16842,58853,377236,271610,105626,3953,213548
2745,17877,58180,533492,384114,149378,3778,213548
2746,18842,57553,653392,470442,182950,3550,213548
2747,19670,57014,728764,524710,204054,3285,213548
2748,20306,56601,754472,543220,211252,3000,213548
2749,20706,56341,728764,524710,204054,2715,213548
2750,20842,56253,653392,470442,182950,2450,213548
2751,20706,56341,533492,384114,149378,2222,213548
2752,20306,56601,377236,271610,105626,2047,213548
2753,19670,57014,195272,140596,54676,1937,213548
2754,18842,57553,0,0,0,1900,213548
2755,17877,58180,0,0,0,1937,213548
2756,16842,58853,0,0,0,2047,213548
2757,15807,59526,0,0,0,2222,213548
2758,14842,60153,0,0,0,2450,213548
2759,14014,60691,0,0,0,2715,213548
2760,13508,61020,0,0,0,3000,197317
2761,13108,61280,0,0,0,3285,197317
2762,12972,61368,0,0,0,3550,197317
2763,13108,61280,0,0,0,3778,197317
2764,13508,61020,0,0,0,3953,197317
2765,14143,60607,0,0,0,4063,197317
2766,14972,60068,0,0,0,4100,197317
2767,15937,59441,196448,141443,55005,4063,197317
2768,16972,58768,379509,273246,106262,3953,197317
2769,18007,58095,536706,386428,150278,3778,197317
2770,18972,57468,657328,473276,184052,3550,197317
2771,19800,56930,733154,527871,205283,3285,197317
2772,20436,56517,759017,546492,212525,3000,197317
2773,20836,56257,733154,527871,205283,2715,197317
2774,20972,56168,657328,473276,184052,2450,197317
2775,20836,56257,536706,386428,150278,2222,197317
2776,20436,56517,379509,273246,106262,2047,197317
2777,19800,56930,196448,141443,55005,1937,197317
2778,18972,57468,0,0,0,1900,197317
2779,18007,58095,0,0,0,1937,197317
2780,16972,58768,0,0,0,2047,197317
2781,15937,59441,0,0,0,2222,197317
2782,14972,60068,0,0,0,2450,197317
2783,14143,60607,0,0,0,2715,197317
2784,13636,60936,0,0,0,3000,171283
2785,13237,61196,0,0,0,3285,171283
2786,13100,61285,0,0,0,3550,171283
2787,13237,61196,0,0,0,3778,171283
2788,13636,60936,0,0,0,3953,171283
2789,14272,60523,0,0,0,4063,171283
2790,15100,59985,0,0,0,4100,171283
2791,16065,59358,197611,142280,55331,4063,171283
2792,17100,58685,381756,274864,106892,3953,171283
2793,18136,58012,539884,388716,151167,3778,171283
2794,19100,57385,661220,476078,185142,3550,171283
2795,19929,56846,737495,530996,206499,3285,171283
2796,20564,56433,763511,549728,213783,3000,171283
2797,20964,56173,737495,530996,206499,2715,171283
2798,21100,56085,661220,476078,185142,2450,171283
2799,20964,56173,539884,388716,151167,2222,171283
2800,20564,56433,381756,274864,106892,2047,171283
2801,19929,56846,197611,142280,55331,1937,171283
2802,19100,57385,0,0,0,1900,171283
2803,18136,58012,0,0,0,1937,171283
2804,17100,58685,0,0,0,2047,171283
2805,16065,59358,0,0,0,2222,171283
2806,15100,59985,0,0,0,2450,171283
2807,14272,60523,0,0,0,2715,171283
2808,13763,60854,0,0,0,3000,155052
2809,13363,61114,0,0,0,3285,155052
2810,13227,61202,0,0,0,3550,155052
2811,13363,61114,0,0,0,3778,155052
2812,13763,60854,0,0,0,3953,155052
2813,14399,60441,0,0,0,4063,155052
2814,15227,59902,0,0,0,4100,155052
2815,16192,59275,198761,143108,55653,4063,155052
2816,17227,58602,383976,276463,107513,3953,155052
2817,18262,57929,543024,390977,152047,3778,155052
2818,19227,57302,665066,478848,186218,3550,155052
2819,20056,56764,741785,534085,207700,3285,155052
2820,20691,56351,767952,552926,215027,3000,155052
2821,21091,56091,741785,534085,207700,2715,155052
2822,21227,56002,665066,478848,186218,2450,155052
2823,21091,56091,543024,390977,152047,2222,155052
2824,20691,56351,383976,276463,107513,2047,155052
2825,20056,56764,198761,143108,55653,1937,155052
2826,19227,57302,0,0,0,1900,155052
2827,18262,57929,0,0,0,1937,155052
2828,17227,58602,0,0,0,2047,155052
2829,16192,59275,0,0,0,2222,155052
2830,15227,59902,0,0,0,2450,155052
2831,14399,60441,0,0,0,2715,155052
2832,13888,60773,0,0,0,3000,160845
2833,13489,61032,0,0,0,3285,160845
2834,13353,61121,0,0,0,3550,160845
2835,13489,61032,0,0,0,3778,160845
2836,13888,60773,0,0,0,3953,160845
2837,14524,60359,0,0,0,4063,160845
2838,15353,59821,0,0,0,4100,160845
2839,16317,59194,199896,143925,55971,4063,160845
2840,17353,58521,386169,278042,108127,3953,160845
2841,18388,57848,546126,393211,152915,3778,160845
2842,19353,57221,668865,481583,187282,3550,160845
2843,20181,56682,746022,537136,208886,3285,160845
2844,20817,56269,772339,556084,216255,3000,160845
2845,21216,56009,746022,537136,208886,2715,160845
2846,21353,55921,668865,481583,187282,2450,160845
2847,21216,56009,546126,393211,152915,2222,160845
2848,20817,56269,386169,278042,108127,2047,160845
2849,20181,56682,199896,143925,55971,1937,160845
2850,19353,57221,0,0,0,1900,160845
2851,18388,57848,0,0,0,1937,160845
2852,17353,58521,0,0,0,2047,160845
2853,16317,59194,0,0,0,2222,160845
2854,15353,59821,0,0,0,2450,160845
2855,14524,60359,0,0,0,2715,160845
2856,14012,60692,0,0,0,3000,184300
2857,13613,60952,0,0,0,3285,184300
2858,13476,61040,0,0,0,3550,184300
2859,13613,60952,0,0,0,3778,184300
2860,14012,60692,0,0,0,3953,184300
2861,14648,60279,0,0,0,4063,184300
2862,15476,59740,0,0,0,4100,184300
2863,16441,59113,201017,144732,56285,4063,184300
2864,17476,58440,388335,279601,108734,3953,184300
2865,18512,57767,549189,395416,153773,3778,184300
2866,19476,57140,672616,484284,188333,3550,184300
2867,20305,56602,750206,540148,210058,3285,184300
2868,20940,56189,776670,559203,217468,3000,184300
2869,21340,55929,750206,540148,210058,2715,184300
2870,21476,55840,672616,484284,188333,2450,184300
2871,21340,55929,549189,395416,153773,2222,184300
2872,20940,56189,388335,279601,108734,2047,184300
2873,20305,56602,201017,144732,56285,1937,184300
2874,19476,57140,0,0,0,1900,184300
2875,18512,57767,0,0,0,1937,184300
2876,17476,58440,0,0,0,2047,184300
2877,16441,59113,0,0,0,2222,184300
2878,15476,59740,0,0,0,2450,184300
2879,14648,60279,0,0,0,2715,184300
2880,14134,60613,0,0,0,3000,207755
2881,13735,60872,0,0,0,3285,207755
2882,13598,60961,0,0,0,3550,207755
2883,13735,60872,0,0,0,3778,207755
2884,14134,60613,0,0,0,3953,207755
2885,14770,60200,0,0,0,4063,207755
2886,15598,59661,0,0,0,4100,207755
2887,16563,59034,202123,145529,56595,4063,207755
2888,17598,58361,390472,281140,109332,3953,207755
2889,18634,57688,552211,397592,154619,3778,207755
2890,19598,57061,676318,486949,189369,3550,207755
2891,20427,56523,754335,543121,211214,3285,207755
2892,21063,56109,780945,562280,218665,3000,207755
2893,21462,55850,754335,543121,211214,2715,207755
2894,21598,55761,676318,486949,189369,2450,207755
2895,21462,55850,552211,397592,154619,2222,207755
2896,21063,56109,390472,281140,109332,2047,207755
2897,20427,56523,202123,145529,56595,1937,207755
2898,19598,57061,0,0,0,1900,207755
2899,18634,57688,0,0,0,1937,207755
2900,17598,58361,0,0,0,2047,207755
2901,16563,59034,0,0,0,2222,207755
2902,15598,59661,0,0,0,2450,207755
2903,14770,60200,0,0,0,2715,207755
2904,14255,60534,0,0,0,3000,213548
2905,13855,60794,0,0,0,3285,213548
2906,13719,60883,0,0,0,3550,213548
2907,13855,60794,0,0,0,3778,213548
2908,14255,60534,0,0,0,3953,213548
2909,14890,60121,0,0,0,4063,213548
2910,15719,59583,0,0,0,4100,213548
2911,16684,58956,203215,146315,56900,4063,213548
2912,17719,58283,392581,282658,109923,3953,213548
2913,18754,57610,555193,399739,155454,3778,213548
2914,19719,56983,679970,489578,190391,3550,213548
2915,20547,56444,758407,546053,212354,3285,213548
2916,21183,56031,785161,565316,219845,3000,213548
2917,21583,55771,758407,546053,212354,2715,213548
2918,21719,55683,679970,489578,190391,2450,213548
2919,21583,55771,555193,399739,155454,2222,213548
2920,21183,56031,392581,282658,109923,2047,213548
2921,20547,56444,203215,146315,56900,1937,213548
2922,19719,56983,0,0,0,1900,213548
2923,18754,57610,0,0,0,1937,213548
2924,17719,58283,0,0,0,2047,213548
2925,16684,58956,0,0,0,2222,213548
2926,15719,59583,0,0,0,2450,213548
2927,14890,60121,0,0,0,2715,213548
2928,14374,60457,0,0,0,3000,197317
2929,13974,60717,0,0,0,3285,197317
2930,13838,60806,0,0,0,3550,197317
2931,13974,60717,0,0,0,3778,197317
2932,14374,60457,0,0,0,3953,197317
2933,15009,60044,0,0,0,4063,197317
2934,15838,59506,0,0,0,4100,197317
2935,16802,58878,204291,147089,57201,4063,197317
2936,17838,58206,394659,284155,110505,3953,197317
2937,18873,57533,558132,401855,156277,3778,197317
2938,19838,56906,683570,492170,191400,3550,197317
2939,20666,56367,762423,548945,213478,3285,197317
2940,21302,55954,789318,568309,221009,3000,197317
2941,21701,55694,762423,548945,213478,2715,197317
2942,21838,55606,683570,492170,191400,2450,197317
2943,21701,55694,558132,401855,156277,2222,197317
2944,21302,55954,394659,284155,110505,2047,197317
2945,20666,56367,204291,147089,57201,1937,197317
2946,19838,56906,0,0,0,1900,197317
2947,18873,57533,0,0,0,1937,197317
2948,17838,58206,0,0,0,2047,197317
2949,16802,58878,0,0,0,2222,197317
2950,15838,59506,0,0,0,2450,197317
2951,15009,60044,0,0,0,2715,197317
2952,14491,60381,0,0,0,3000,171283
2953,14091,60641,0,0,0,3285,171283
2954,13955,60729,0,0,0,3550,171283
2955,14091,60641,0,0,0,3778,171283
2956,14491,60381,0,0,0,3953,171283
2957,15126,59968,0,0,0,4063,171283
2958,15955,59429,0,0,0,4100,171283
2959,16919,58802,205351,147853,57498,4063,171283
2960,17955,58129,396707,285629,111078,3953,171283
2961,18990,57457,561029,403941,157088,3778,171283
2962,19955,56829,687117,494725,192393,3550,171283
2963,20783,56291,766380,551794,214586,3285,171283
2964,21419,55878,793415,571259,222156,3000,171283
2965,21818,55618,766380,551794,214586,2715,171283
2966,21955,55529,687117,494725,192393,2450,171283
2967,21818,55618,561029,403941,157088,2222,171283
2968,21419,55878,396707,285629,111078,2047,171283
2969,20783,56291,205351,147853,57498,1937,171283
2970,19955,56829,0,0,0,1900,171283
2971,18990,57457,0,0,0,1937,171283
2972,17955,58129,0,0,0,2047,171283
2973,16919,58802,0,0,0,2222,171283
2974,15955,59429,0,0,0,2450,171283
2975,15126,59968,0,0,0,2715,171283
2976,14606,60306,0,0,0,3000,155052
2977,14206,60566,0,0,0,3285,155052
2978,14070,60655,0,0,0,3550,155052
2979,14206,60566,0,0,0,3778,155052
2980,14606,60306,0,0,0,3953,155052
2981,15242,59893,0,0,0,4063,155052
2982,16070,59355,0,0,0,4100,155052
2983,17035,58727,206395,148605,57791,4063,155052
2984,18070,58055,398725,287082,111643,3953,155052
2985,19105,57382,563882,405995,157887,3778,155052
2986,20070,56755,690612,497240,193371,3550,155052
2987,20898,56216,770277,554600,215678,3285,155052
2988,21534,55803,797450,574164,223286,3000,155052
2989,21934,55543,770277,554600,215678,2715,155052
2990,22070,55455,690612,497240,193371,2450,155052
2991,21934,55543,563882,405995,157887,2222,155052
2992,21534,55803,398725,287082,111643,2047,155052
2993,20898,56216,206395,148605,57791,1937,155052
2994,20070,56755,0,0,0,1900,155052
2995,19105,57382,0,0,0,1937,155052
2996,18070,58055,0,0,0,2047,155052
2997,17035,58727,0,0,0,2222,155052
2998,16070,59355,0,0,0,2450,155052
2999,15242,59893,0,0,0,2715,155052
3000,14719,60232,0,0,0,3000,160845
3001,14320,60492,0,0,0,3285,160845
3002,14183,60581,0,0,0,3550,160845
3003,14320,60492,0,0,0,3778,160845
3004,14719,60232,0,0,0,3953,160845
3005,15355,59819,0,0,0,4063,160845
3006,16183,59281,0,0,0,4100,160845
3007,17148,58654,207423,149345,58078,4063,160845
3008,18183,57981,400711,288512,112199,3953,160845
3009,19219,57308,566691,408017,158673,3778,160845
3010,20183,56681,694051,499717,194334,3550,160845
3011,21012,56142,774114,557362,216752,3285,160845
3012,21648,55729,801422,577024,224398,3000,160845
3013,22047,55469,774114,557362,216752,2715,160845
3014,22183,55381,694051,499717,194334,2450,160845
3015,22047,55469,566691,408017,158673,2222,160845
3016,21648,55729,400711,288512,112199,2047,160845
3017,21012,56142,207423,149345,58078,1937,160845
3018,20183,56681,0,0,0,1900,160845
3019,19219,57308,0,0,0,1937,160845
3020,18183,57981,0,0,0,2047,160845
3021,17148,58654,0,0,0,2222,160845
3022,16183,59281,0,0,0,2450,160845
3023,15355,59819,0,0,0,2715,160845
3024,14831,60160,0,0,0,3000,184300
3025,14431,60420,0,0,0,3285,184300
3026,14295,60508,0,0,0,3550,184300
3027,14431,60420,0,0,0,3778,184300
3028,14831,60160,0,0,0,3953,184300
3029,15467,59747,0,0,0,4063,184300
3030,16295,59208,0,0,0,4100,184300
3031,17260,58581,208435,150073,58362,4063,184300
3032,18295,57908,402665,289919,112746,3953,184300
3033,19330,57235,569454,410007,159447,3778,184300
3034,20295,56608,697436,502154,195282,3550,184300
3035,21124,56070,777888,560080,217809,3285,184300
3036,21759,55657,805329,579837,225492,3000,184300
3037,22159,55397,777888,560080,217809,2715,184300
3038,22295,55308,697436,502154,195282,2450,184300
3039,22159,55397,569454,410007,159447,2222,184300
3040,21759,55657,402665,289919,112746,2047,184300
3041,21124,56070,208435,150073,58362,1937,184300
3042,20295,56608,0,0,0,1900,184300
3043,19330,57235,0,0,0,1937,184300
3044,18295,57908,0,0,0,2047,184300
3045,17260,58581,0,0,0,2222,184300
3046,16295,59208,0,0,0,2450,184300
3047,15467,59747,0,0,0,2715,184300
3048,14941,60088,0,0,0,3000,207755
3049,14541,60348,0,0,0,3285,207755
3050,14405,60437,0,0,0,3550,207755
3051,14541,60348,0,0,0,3778,207755
3052,14941,60088,0,0,0,3953,207755
3053,15576,59675,0,0,0,4063,207755
3054,16405,59137,0,0,0,4100,207755
3055,17370,58510,209429,150789,58640,4063,207755
3056,18405,57837,404586,291302,113284,3953,207755
3057,19440,57164,572171,411963,160208,3778,207755
3058,20405,56537,700763,504550,196214,3550,207755
3059,21233,55998,781600,562752,218848,3285,207755
3060,21869,55585,809172,582604,226568,3000,207755
3061,22269,55325,781600,562752,218848,2715,207755
3062,22405,55237,700763,504550,196214,2450,207755
3063,22269,55325,572171,411963,160208,2222,207755
3064,21869,55585,404586,291302,113284,2047,207755
3065,21233,55998,209429,150789,58640,1937,207755
3066,20405,56537,0,0,0,1900,207755
3067,19440,57164,0,0,0,1937,207755
3068,18405,57837,0,0,0,2047,207755
3069,17370,58510,0,0,0,2222,207755
3070,16405,59137,0,0,0,2450,207755
3071,15576,59675,0,0,0,2715,207755
3072,15049,60018,0,0,0,3000,213548
3073,14649,60278,0,0,0,3285,213548
3074,14513,60367,0,0,0,3550,213548
3075,14649,60278,0,0,0,3778,213548
3076,15049,60018,0,0,0,3953,213548
3077,15684,59605,0,0,0,4063,213548
3078,16513,59067,0,0,0,4100,213548
3079,17478,58440,210406,151493,58914,4063,213548
3080,18513,57767,406474,292661,113813,3953,213548
3081,19548,57094,574841,413885,160955,3778,213548
3082,20513,56467,704034,506904,197129,3550,213548
3083,21341,55928,785247,565378,219869,3285,213548
3084,21977,55515,812948,585322,227625,3000,213548
3085,22376,55255,785247,565378,219869,2715,213548
3086,22513,55167,704034,506904,197129,2450,213548
3087,22376,55255,574841,413885,160955,2222,213548
3088,21977,55515,406474,292661,113813,2047,213548
3089,21341,55928,210406,151493,58914,1937,213548
3090,20513,56467,0,0,0,1900,213548
3091,19548,57094,0,0,0,1937,213548
3092,18513,57767,0,0,0,2047,213548
3093,17478,58440,0,0,0,2222,213548
3094,16513,59067,0,0,0,2450,213548
3095,15684,59605,0,0,0,2715,213548
3096,15155,59949,0,0,0,3000,197317
3097,14755,60209,0,0,0,3285,197317
3098,14619,60298,0,0,0,3550,197317
3099,14755,60209,0,0,0,3778,197317
3100,15155,59949,0,0,0,3953,197317
3101,15790,59536,0,0,0,4063,197317
3102,16619,58998,0,0,0,4100,197317
3103,17583,58371,211366,152184,59183,4063,197317
3104,18619,57698,408328,293996,114332,3953,197317
3105,19654,57025,577463,415774,161690,3778,197317
3106,20619,56398,707245,509217,198029,3550,197317
3107,21447,55859,788829,567957,220872,3285,197317
3108,22083,55446,816656,587993,228664,3000,197317
3109,22482,55186,788829,567957,220872,2715,197317
3110,22619,55098,707245,509217,198029,2450,197317
3111,22482,55186,577463,415774,161690,2222,197317
3112,22083,55446,408328,293996,114332,2047,197317
3113,21447,55859,211366,152184,59183,1937,197317
3114,20619,56398,0,0,0,1900,197317
3115,19654,57025,0,0,0,1937,197317
3116,18619,57698,0,0,0,2047,197317
3117,17583,58371,0,0,0,2222,197317
3118,16619,58998,0,0,0,2450,197317
3119,15790,59536,0,0,0,2715,197317
3120,15259,59882,0,0,0,3000,171283
3121,14859,60142,0,0,0,3285,171283
3122,14723,60230,0,0,0,3550,171283
3123,14859,60142,0,0,0,3778,171283
3124,15259,59882,0,0,0,3953,171283
3125,15894,59469,0,0,0,4063,171283
3126,16723,58930,0,0,0,4100,171283
3127,17687,58303,212308,152862,59446,4063,171283
3128,18723,57630,410148,295307,114841,3953,171283
3129,19758,56957,580037,417627,162410,3778,171283
3130,20723,56330,710397,511486,198911,3550,171283
3131,21551,55792,792345,570489,221857,3285,171283
3132,22187,55379,820296,590613,229683,3000,171283
3133,22586,55119,792345,570489,221857,2715,171283
3134,22723,55030,710397,511486,198911,2450,171283
3135,22586,55119,580037,417627,162410,2222,171283
3136,22187,55379,410148,295307,114841,2047,171283
3137,21551,55792,212308,152862,59446,1937,171283
3138,20723,56330,0,0,0,1900,171283
3139,19758,56957,0,0,0,1937,171283
3140,18723,57630,0,0,0,2047,171283
3141,17687,58303,0,0,0,2222,171283
3142,16723,58930,0,0,0,2450,171283
3143,15894,59469,0,0,0,2715,171283
3144,15361,59816,0,0,0,3000,155052
3145,14961,60075,0,0,0,3285,155052
3146,14825,60164,0,0,0,3550,155052
3147,14961,60075,0,0,0,3778,155052
3148,15361,59816,0,0,0,3953,155052
3149,15996,59402,0,0,0,4063,155052
3150,16825,58864,0,0,0,4100,155052
3151,17789,58237,213232,153527,59705,4063,155052
3152,18825,57564,411933,296592,115341,3953,155052
3153,19860,56891,582561,419444,163117,3778,155052
3154,20825,56264,713489,513712,199777,3550,155052
3155,21653,55725,795794,572972,222822,3285,155052
3156,22289,55312,823866,593184,230683,3000,155052
3157,22688,55053,795794,572972,222822,2715,155052
3158,22825,54964,713489,513712,199777,2450,155052
3159,22688,55053,582561,419444,163117,2222,155052
3160,22289,55312,411933,296592,115341,2047,155052
3161,21653,55725,213232,153527,59705,1937,155052
3162,20825,56264,0,0,0,1900,155052
3163,19860,56891,0,0,0,1937,155052
3164,18825,57564,0,0,0,2047,155052
3165,17789,58237,0,0,0,2222,155052
3166,16825,58864,0,0,0,2450,155052
3167,15996,59402,0,0,0,2715,155052
3168,15461,59751,0,0,0,3000,160845
3169,15061,60010,0,0,0,3285,160845
3170,14925,60099,0,0,0,3550,160845
3171,15061,60010,0,0,0,3778,160845
3172,15461,59751,0,0,0,3953,160845
3173,16096,59337,0,0,0,4063,160845
3174,16925,58799,0,0,0,4100,160845
3175,17889,58172,214138,154179,59959,4063,160845
3176,18925,57499,413683,297852,115831,3953,160845
3177,19960,56826,585036,421226,163810,3778,160845
3178,20925,56199,716520,515894,200626,3550,160845
3179,21753,55660,799174,575405,223769,3285,160845
3180,22389,55247,827366,595703,231662,3000,160845
3181,22788,54988,799174,575405,223769,2715,160845
3182,22925,54899,716520,515894,200626,2450,160845
3183,22788,54988,585036,421226,163810,2222,160845
3184,22389,55247,413683,297852,115831,2047,160845
3185,21753,55660,214138,154179,59959,1937,160845
3186,20925,56199,0,0,0,1900,160845
3187,19960,56826,0,0,0,1937,160845
3188,18925,57499,0,0,0,2047,160845
3189,17889,58172,0,0,0,2222,160845
3190,16925,58799,0,0,0,2450,160845
3191,16096,59337,0,0,0,2715,160845
3192,15559,59687,0,0,0,3000,184300
3193,15159,59947,0,0,0,3285,184300
3194,15023,60035,0,0,0,3550,184300
3195,15159,59947,0,0,0,3778,184300
3196,15559,59687,0,0,0,3953,184300
3197,16194,59274,0,0,0,4063,184300
3198,17023,58735,0,0,0,4100,184300
3199,17987,58108,215025,154818,60207,4063,184300
3200,19023,57435,415397,299086,116311,3953,184300
3201,20058,56762,587460,422971,164489,3778,184300
3202,21023,56135,719488,518031,201457,3550,184300
3203,21851,55597,802485,577789,224696,3285,184300
3204,22487,55184,830793,598171,232622,3000,184300
3205,22886,54924,802485,577789,224696,2715,184300
3206,23023,54835,719488,518031,201457,2450,184300
3207,22886,54924,587460,422971,164489,2222,184300
3208,22487,55184,415397,299086,116311,2047,184300
3209,21851,55597,215025,154818,60207,1937,184300
3210,21023,56135,0,0,0,1900,184300
3211,20058,56762,0,0,0,1937,184300
3212,19023,57435,0,0,0,2047,184300
3213,17987,58108,0,0,0,2222,184300
3214,17023,58735,0,0,0,2450,184300
3215,16194,59274,0,0,0,2715,184300
3216,15654,59625,0,0,0,3000,207755
3217,15255,59884,0,0,0,3285,207755
3218,15119,59973,0,0,0,3550,207755
3219,15255,59884,0,0,0,3778,207755
3220,15654,59625,0,0,0,3953,207755
3221,16290,59211,0,0,0,4063,207755
3222,17119,58673,0,0,0,4100,207755
3223,18083,58046,215893,155443,60450,4063,207755
3224,19119,57373,417074,300293,116781,3953,207755
3225,20154,56700,589832,424679,165153,3778,207755
3226,21119,56073,722393,520123,202270,3550,207755
3227,21947,55534,805725,580122,225603,3285,207755
3228,22583,55121,834148,600586,233561,3000,207755
3229,22982,54862,805725,580122,225603,2715,207755
3230,23119,54773,722393,520123,202270,2450,207755
3231,22982,54862,589832,424679,165153,2222,207755
3232,22583,55121,417074,300293,116781,2047,207755
3233,21947,55534,215893,155443,60450,1937,207755
3234,21119,56073,0,0,0,1900,207755
3235,20154,56700,0,0,0,1937,207755
3236,19119,57373,0,0,0,2047,207755
3237,18083,58046,0,0,0,2222,207755
3238,17119,58673,0,0,0,2450,207755
3239,16290,59211,0,0,0,2715,207755
3240,15748,59564,0,0,0,3000,213548
3241,15349,59823,0,0,0,3285,213548
3242,15212,59912,0,0,0,3550,213548
3243,15349,59823,0,0,0,3778,213548
3244,15748,59564,0,0,0,3953,213548
3245,16384,59151,0,0,0,4063,213548
3246,17212,58612,0,0,0,4100,213548
3247,18177,57985,216743,156055,60688,4063,213548
3248,19212,57312,418714,301474,117240,3953,213548
3249,20248,56639,592152,426349,165802,3778,213548
3250,21212,56012,725235,522169,203066,3550,213548
3251,22041,55474,808894,582404,226490,3285,213548
3252,22676,55060,837429,602949,234480,3000,213548
3253,23076,54801,808894,582404,226490,2715,213548
3254,23212,54712,725235,522169,203066,2450,213548
3255,23076,54801,592152,426349,165802,2222,213548
3256,22676,55060,418714,301474,117240,2047,213548
3257,22041,55474,216743,156055,60688,1937,213548
3258,21212,56012,0,0,0,1900,213548
3259,20248,56639,0,0,0,1937,213548
3260,19212,57312,0,0,0,2047,213548
3261,18177,57985,0,0,0,2222,213548
3262,17212,58612,0,0,0,2450,213548
3263,16384,59151,0,0,0,2715,213548
3264,15840,59504,0,0,0,3000,197317
3265,15440,59764,0,0,0,3285,197317
3266,15304,59852,0,0,0,3550,197317
3267,15440,59764,0,0,0,3778,197317
3268,15840,59504,0,0,0,3953,197317
3269,16475,59091,0,0,0,4063,197317
3270,17304,58552,0,0,0,4100,197317
3271,18269,57925,217572,156652,60920,4063,197317
3272,19304,57252,420317,302629,117689,3953,197317
3273,20339,56580,594419,427981,166437,3778,197317
3274,21304,55952,728011,524168,203843,3550,197317
3275,22132,55414,811991,584633,227357,3285,197317
3276,22768,55001,840635,605257,235378,3000,197317
3277,23168,54741,811991,584633,227357,2715,197317
3278,23304,54652,728011,524168,203843,2450,197317
3279,23168,54741,594419,427981,166437,2222,197317
3280,22768,55001,420317,302629,117689,2047,197317
3281,22132,55414,217572,156652,60920,1937,197317
3282,21304,55952,0,0,0,1900,197317
3283,20339,56580,0,0,0,1937,197317
3284,19304,57252,0,0,0,2047,197317
3285,18269,57925,0,0,0,2222,197317
3286,17304,58552,0,0,0,2450,197317
3287,16475,59091,0,0,0,2715,197317
3288,15929,59446,0,0,0,3000,171283
3289,15530,59706,0,0,0,3285,171283
3290,15393,59794,0,0,0,3550,171283
3291,15530,59706,0,0,0,3778,171283
3292,15929,59446,0,0,0,3953,171283
3293,16565,59033,0,0,0,4063,171283
3294,17393,58494,0,0,0,4100,171283
3295,18358,57867,218382,157235,61147,4063,171283
3296,19393,57194,421883,303755,118127,3953,171283
3297,20429,56521,596632,429575,167057,3778,171283
3298,21393,55894,730722,526120,204602,3550,171283
3299,22222,55356,815015,586810,228204,3285,171283
3300,22857,54943,843765,607511,236254,3000,171283
3301,23257,54683,815015,586810,228204,2715,171283
3302,23393,54594,730722,526120,204602,2450,171283
3303,23257,54683,596632,429575,167057,2222,171283
3304,22857,54943,421883,303755,118127,2047,171283
3305,22222,55356,218382,157235,61147,1937,171283
3306,21393,55894,0,0,0,1900,171283
3307,20429,56521,0,0,0,1937,171283
3308,19393,57194,0,0,0,2047,171283
3309,18358,57867,0,0,0,2222,171283
3310,17393,58494,0,0,0,2450,171283
3311,16565,59033,0,0,0,2715,171283
3312,16016,59389,0,0,0,3000,155052
3313,15617,59649,0,0,0,3285,155052
3314,15481,59738,0,0,0,3550,155052
3315,15617,59649,0,0,0,3778,155052
3316,16016,59389,0,0,0,3953,155052
3317,16652,58976,0,0,0,4063,155052
3318,17481,58438,0,0,0,4100,155052
3319,18445,57811,219173,157804,61368,4063,155052
3320,19481,57138,423409,304855,118555,3953,155052
3321,20516,56465,598791,431130,167662,3778,155052
3322,21481,55838,733367,528024,205343,3550,155052
3323,22309,55299,817964,588934,229030,3285,155052
3324,22945,54886,846819,609709,237109,3000,155052
3325,23344,54626,817964,588934,229030,2715,155052
3326,23481,54538,733367,528024,205343,2450,155052
3327,23344,54626,598791,431130,167662,2222,155052
3328,22945,54886,423409,304855,118555,2047,155052
3329,22309,55299,219173,157804,61368,1937,155052
3330,21481,55838,0,0,0,1900,155052
3331,20516,56465,0,0,0,1937,155052
3332,19481,57138,0,0,0,2047,155052
3333,18445,57811,0,0,0,2222,155052
3334,17481,58438,0,0,0,2450,155052
3335,16652,58976,0,0,0,2715,155052
3336,16101,59334,0,0,0,3000,160845
3337,15702,59594,0,0,0,3285,160845
3338,15566,59682,0,0,0,3550,160845
3339,15702,59594,0,0,0,3778,160845
3340,16101,59334,0,0,0,3953,160845
3341,16737,58921,0,0,0,4063,160845
3342,17566,58382,0,0,0,4100,160845
3343,18530,57755,219943,158359,61584,4063,160845
3344,19566,57082,424897,305926,118971,3953,160845
3345,20601,56409,600896,432645,168251,3778,160845
3346,21566,55782,735944,529880,206064,3550,160845
3347,22394,55244,820839,591004,229835,3285,160845
3348,23030,54831,849795,611852,237943,3000,160845
3349,23429,54571,820839,591004,229835,2715,160845
3350,23566,54482,735944,529880,206064,2450,160845
3351,23429,54571,600896,432645,168251,2222,160845
3352,23030,54831,424897,305926,118971,2047,160845
3353,22394,55244,219943,158359,61584,1937,160845
3354,21566,55782,0,0,0,1900,160845
3355,20601,56409,0,0,0,1937,160845
3356,19566,57082,0,0,0,2047,160845
3357,18530,57755,0,0,0,2222,160845
3358,17566,58382,0,0,0,2450,160845
3359,16737,58921,0,0,0,2715,160845
3360,16184,59280,0,0,0,3000,184300
3361,15785,59540,0,0,0,3285,184300
3362,15648,59629,0,0,0,3550,184300
3363,15785,59540,0,0,0,3778,184300
3364,16184,59280,0,0,0,3953,184300
3365,16820,58867,0,0,0,4063,184300
3366,17648,58329,0,0,0,4100,184300
3367,18613,57701,220693,158899,61794,4063,184300
3368,19648,57029,426346,306969,119377,3953,184300
3369,20684,56356,602945,434120,168824,3778,184300
3370,21648,55729,738453,531686,206767,3550,184300
3371,22477,55190,823638,593019,230619,3285,184300
3372,23112,54777,852692,613939,238754,3000,184300
3373,23512,54517,823638,593019,230619,2715,184300
3374,23648,54429,738453,531686,206767,2450,184300
3375,23512,54517,602945,434120,168824,2222,184300
3376,23112,54777,426346,306969,119377,2047,184300
3377,22477,55190,220693,158899,61794,1937,184300
3378,21648,55729,0,0,0,1900,184300
3379,20684,56356,0,0,0,1937,184300
3380,19648,57029,0,0,0,2047,184300
3381,18613,57701,0,0,0,2222,184300
3382,17648,58329,0,0,0,2450,184300
3383,16820,58867,0,0,0,2715,184300
3384,16265,59228,0,0,0,3000,207755
3385,15865,59488,0,0,0,3285,207755
3386,15729,59576,0,0,0,3550,207755
3387,15865,59488,0,0,0,3778,207755
3388,16265,59228,0,0,0,3953,207755
3389,16900,58815,0,0,0,4063,207755
3390,17729,58276,0,0,0,4100,207755
3391,18694,57649,221422,159424,61998,4063,207755
3392,19729,56976,427755,307984,119771,3953,207755
3393,20764,56303,604937,435555,169382,3778,207755
3394,21729,55676,740894,533444,207450,3550,207755
3395,22557,55138,826360,594979,231381,3285,207755
3396,23193,54725,855511,615968,239543,3000,207755
3397,23593,54465,826360,594979,231381,2715,207755
3398,23729,54376,740894,533444,207450,2450,207755
3399,23593,54465,604937,435555,169382,2222,207755
3400,23193,54725,427755,307984,119771,2047,207755
3401,22557,55138,221422,159424,61998,1937,207755
3402,21729,55676,0,0,0,1900,207755
3403,20764,56303,0,0,0,1937,207755
3404,19729,56976,0,0,0,2047,207755
3405,18694,57649,0,0,0,2222,207755
3406,17729,58276,0,0,0,2450,207755
3407,16900,58815,0,0,0,2715,207755
3408,16343,59177,0,0,0,3000,213548
3409,15943,59437,0,0,0,3285,213548
3410,15807,59525,0,0,0,3550,213548
3411,15943,59437,0,0,0,3778,213548
3412,16343,59177,0,0,0,3953,213548
3413,16979,58764,0,0,0,4063,213548
3414,17807,58225,0,0,0,4100,213548
3415,18772,57598,222131,159934,62197,4063,213548
3416,19807,56925,429124,308970,120155,3953,213548
3417,20842,56252,606874,436949,169925,3778,213548
3418,21807,55625,743265,535151,208114,3550,213548
3419,22636,55087,829005,596883,232121,3285,213548
3420,23271,54674,858249,617939,240310,3000,213548
3421,23671,54414,829005,596883,232121,2715,213548
3422,23807,54325,743265,535151,208114,2450,213548
3423,23671,54414,606874,436949,169925,2222,213548
3424,23271,54674,429124,308970,120155,2047,213548
3425,22636,55087,222131,159934,62197,1937,213548
3426,21807,55625,0,0,0,1900,213548
3427,20842,56252,0,0,0,1937,213548
3428,19807,56925,0,0,0,2047,213548
3429,18772,57598,0,0,0,2222,213548
3430,17807,58225,0,0,0,2450,213548
3431,16979,58764,0,0,0,2715,213548
3432,16419,59128,0,0,0,3000,197317
3433,16019,59387,0,0,0,3285,197317
3434,15883,59476,0,0,0,3550,197317
3435,16019,59387,0,0,0,3778,197317
3436,16419,59128,0,0,0,3953,197317
3437,17055,58715,0,0,0,4063,197317
3438,17883,58176,0,0,0,4100,197317
3439,18848,57549,222819,160430,62389,4063,197317
3440,19883,56876,430453,309926,120527,3953,197317
3441,20918,56203,608752,438302,170451,3778,197317
3442,21883,55576,745566,536808,208759,3550,197317
3443,22711,55038,831571,598731,232840,3285,197317
3444,23347,54624,860906,619852,241054,3000,197317
3445,23747,54365,831571,598731,232840,2715,197317
3446,23883,54276,745566,536808,208759,2450,197317
3447,23747,54365,608752,438302,170451,2222,197317
3448,23347,54624,430453,309926,120527,2047,197317
3449,22711,55038,222819,160430,62389,1937,197317
3450,21883,55576,0,0,0,1900,197317
3451,20918,56203,0,0,0,1937,197317
3452,19883,56876,0,0,0,2047,197317
3453,18848,57549,0,0,0,2222,197317
3454,17883,58176,0,0,0,2450,197317
3455,17055,58715,0,0,0,2715,197317
3456,16493,59080,0,0,0,3000,171283
3457,16093,59340,0,0,0,3285,171283
3458,15957,59428,0,0,0,3550,171283
3459,16093,59340,0,0,0,3778,171283
3460,16493,59080,0,0,0,3953,171283
3461,17128,58667,0,0,0,4063,171283
3462,17957,58128,0,0,0,4100,171283
3463,18921,57501,223485,160909,62576,4063,171283
3464,19957,56828,431741,310853,120887,3953,171283
3465,20992,56155,610573,439613,170961,3778,171283
3466,21957,55528,747797,538414,209383,3550,171283
3467,22785,54990,834059,600522,233536,3285,171283
3468,23421,54577,863481,621707,241775,3000,171283
3469,23820,54317,834059,600522,233536,2715,171283
3470,23957,54228,747797,538414,209383,2450,171283
3471,23820,54317,610573,439613,170961,2222,171283
3472,23421,54577,431741,310853,120887,2047,171283
3473,22785,54990,223485,160909,62576,1937,171283
3474,21957,55528,0,0,0,1900,171283
3475,20992,56155,0,0,0,1937,171283
3476,19957,56828,0,0,0,2047,171283
3477,18921,57501,0,0,0,2222,171283
3478,17957,58128,0,0,0,2450,171283
3479,17128,58667,0,0,0,2715,171283
3480,16564,59034,0,0,0,3000,155052
3481,16164,59293,0,0,0,3285,155052
3482,16028,59382,0,0,0,3550,155052
3483,16164,59293,0,0,0,3778,155052
3484,16564,59034,0,0,0,3953,155052
3485,17199,58620,0,0,0,4063,155052
3486,18028,58082,0,0,0,4100,155052
3487,18993,57455,224131,161374,62757,4063,155052
3488,20028,56782,432987,311751,121236,3953,155052
3489,21063,56109,612336,440882,171454,3778,155052
3490,22028,55482,749956,539968,209988,3550,155052
3491,22856,54943,836467,602256,234211,3285,155052
3492,23492,54530,865974,623501,242473,3000,155052
3493,23892,54271,836467,602256,234211,2715,155052
3494,24028,54182,749956,539968,209988,2450,155052
3495,23892,54271,612336,440882,171454,2222,155052
3496,23492,54530,432987,311751,121236,2047,155052
3497,22856,54943,224131,161374,62757,1937,155052
3498,22028,55482,0,0,0,1900,155052
3499,21063,56109,0,0,0,1937,155052
3500,20028,56782,0,0,0,2047,155052
3501,18993,57455,0,0,0,2222,155052
3502,18028,58082,0,0,0,2450,155052
3503,17199,58620,0,0,0,2715,155052
3504,16633,58989,0,0,0,3000,160845
3505,16233,59249,0,0,0,3285,160845
3506,16097,59337,0,0,0,3550,160845
3507,16233,59249,0,0,0,3778,160845
3508,16633,58989,0,0,0,3953,160845
3509,17268,58576,0,0,0,4063,160845
3510,18097,58037,0,0,0,4100,160845
3511,19061,57410,224754,161823,62931,4063,160845
3512,20097,56737,434192,312618,121574,3953,160845
3513,21132,56064,614040,442109,171931,3778,160845
3514,22097,55437,752042,541471,210572,3550,160845
3515,22925,54899,838794,603932,234862,3285,160845
3516,23561,54485,868384,625236,243147,3000,160845
3517,23960,54226,838794,603932,234862,2715,160845
3518,24097,54137,752042,541471,210572,2450,160845
3519,23960,54226,614040,442109,171931,2222,160845
3520,23561,54485,434192,312618,121574,2047,160845
3521,22925,54899,224754,161823,62931,1937,160845
3522,22097,55437,0,0,0,1900,160845
3523,21132,56064,0,0,0,1937,160845
3524,20097,56737,0,0,0,2047,160845
3525,19061,57410,0,0,0,2222,160845
3526,18097,58037,0,0,0,2450,160845
3527,17268,58576,0,0,0,2715,160845
3528,16699,58946,0,0,0,3000,184300
3529,16299,59205,0,0,0,3285,184300
3530,16163,59294,0,0,0,3550,184300
3531,16299,59205,0,0,0,3778,184300
3532,16699,58946,0,0,0,3953,184300
3533,17335,58532,0,0,0,4063,184300
3534,18163,57994,0,0,0,4100,184300
3535,19128,57367,225356,162256,63100,4063,184300
3536,20163,56694,435355,313455,121899,3953,184300
3537,21198,56021,615684,443293,172392,3778,184300
3538,22163,55394,754056,542921,211136,3550,184300
3539,22992,54855,841041,605549,235491,3285,184300
3540,23627,54442,870709,626911,243799,3000,184300
3541,24027,54183,841041,605549,235491,2715,184300
3542,24163,54094,754056,542921,211136,2450,184300
3543,24027,54183,615684,443293,172392,2222,184300
3544,23627,54442,435355,313455,121899,2047,184300
3545,22992,54855,225356,162256,63100,1937,184300
3546,22163,55394,0,0,0,1900,184300
3547,21198,56021,0,0,0,1937,184300
3548,20163,56694,0,0,0,2047,184300
3549,19128,57367,0,0,0,2222,184300
3550,18163,57994,0,0,0,2450,184300
3551,17335,58532,0,0,0,2715,184300
3552,16763,58904,0,0,0,3000,207755
3553,16363,59164,0,0,0,3285,207755
3554,16227,59252,0,0,0,3550,207755
3555,16363,59164,0,0,0,3778,207755
3556,16763,58904,0,0,0,3953,207755
3557,17399,58491,0,0,0,4063,207755
3558,18227,57952,0,0,0,4100,207755
3559,19192,57325,225936,162674,63262,4063,207755
3560,20227,56652,436475,314262,122213,3953,207755
3561,21262,55979,617269,444434,172835,3778,207755
3562,22227,55352,755997,544318,211679,3550,207755
3563,23056,54814,843205,607108,236097,3285,207755
3564,23691,54401,872950,628524,244426,3000,207755
3565,24091,54141,843205,607108,236097,2715,207755
3566,24227,54052,755997,544318,211679,2450,207755
3567,24091,54141,617269,444434,172835,2222,207755
3568,23691,54401,436475,314262,122213,2047,207755
3569,23056,54814,225936,162674,63262,1937,207755
3570,22227,55352,0,0,0,1900,207755
3571,21262,55979,0,0,0,1937,207755
3572,20227,56652,0,0,0,2047,207755
3573,19192,57325,0,0,0,2222,207755
3574,18227,57952,0,0,0,2450,207755
3575,17399,58491,0,0,0,2715,207755
3576,16825,58864,0,0,0,3000,213548
3577,16425,59124,0,0,0,3285,213548
3578,16289,59212,0,0,0,3550,213548
3579,16425,59124,0,0,0,3778,213548
3580,16825,58864,0,0,0,3953,213548
3581,17460,58451,0,0,0,4063,213548
3582,18289,57912,0,0,0,4100,213548
3583,19253,57285,226494,163076,63418,4063,213548
3584,20289,56612,437553,315038,122515,3953,213548
3585,21324,55939,618793,445531,173262,3778,213548
3586,22289,55312,757864,545662,212202,3550,213548
3587,23117,54774,845287,608607,236680,3285,213548
3588,23753,54361,875106,630076,245030,3000,213548
3589,24152,54101,845287,608607,236680,2715,213548
3590,24289,54012,757864,545662,212202,2450,213548
3591,24152,54101,618793,445531,173262,2222,213548
3592,23753,54361,437553,315038,122515,2047,213548
3593,23117,54774,226494,163076,63418,1937,213548
3594,22289,55312,0,0,0,1900,213548
3595,21324,55939,0,0,0,1937,213548
3596,20289,56612,0,0,0,2047,213548
3597,19253,57285,0,0,0,2222,213548
3598,18289,57912,0,0,0,2450,213548
3599,17460,58451,0,0,0,2715,213548
3600,16884,58826,0,0,0,3000,197317
3601,16484,59085,0,0,0,3285,197317
3602,16348,59174,0,0,0,3550,197317
3603,16484,59085,0,0,0,3778,197317
3604,16884,58826,0,0,0,3953,197317
3605,17519,58412,0,0,0,4063,197317
3606,18348,57874,0,0,0,4100,197317
3607,19313,57247,227030,163461,63568,4063,197317
3608,20348,56574,438588,315783,122805,3953,197317
3609,21383,55901,620257,446585,173672,3778,197317
3610,22348,55274,759656,546953,212704,3550,197317
3611,23176,54735,847287,610046,237240,3285,197317
3612,23812,54322,877176,631566,245609,3000,197317
3613,24212,54062,847287,610046,237240,2715,197317
3614,24348,53974,759656,546953,212704,2450,197317
3615,24212,54062,620257,446585,173672,2222,197317
3616,23812,54322,438588,315783,122805,2047,197317
3617,23176,54735,227030,163461,63568,1937,197317
3618,22348,55274,0,0,0,1900,197317
3619,21383,55901,0,0,0,1937,197317
3620,20348,56574,0,0,0,2047,197317
3621,19313,57247,0,0,0,2222,197317
3622,18348,57874,0,0,0,2450,197317
3623,17519,58412,0,0,0,2715,197317
3624,16940,58789,0,0,0,3000,171283
3625,16541,59048,0,0,0,3285,171283
3626,16405,59137,0,0,0,3550,171283
3627,16541,59048,0,0,0,3778,171283
3628,16940,58789,0,0,0,3953,171283
3629,17576,58376,0,0,0,4063,171283
3630,18405,57837,0,0,0,4100,171283
3631,19369,57210,227543,163831,63712,4063,171283
3632,20405,56537,439579,316497,123082,3953,171283
3633,21440,55864,621659,447595,174065,3778,171283
3634,22405,55237,761374,548189,213185,3550,171283
3635,23233,54699,849202,611426,237777,3285,171283
3636,23869,54285,879159,632994,246164,3000,171283
3637,24268,54026,849202,611426,237777,2715,171283
3638,24405,53937,761374,548189,213185,2450,171283
3639,24268,54026,621659,447595,174065,2222,171283
3640,23869,54285,439579,316497,123082,2047,171283
3641,23233,54699,227543,163831,63712,1937,171283
3642,22405,55237,0,0,0,1900,171283
3643,21440,55864,0,0,0,1937,171283
3644,20405,56537,0,0,0,2047,171283
3645,19369,57210,0,0,0,2222,171283
3646,18405,57837,0,0,0,2450,171283
3647,17576,58376,0,0,0,2715,171283
3648,16995,58754,0,0,0,3000,155052
3649,16595,59013,0,0,0,3285,155052
3650,16459,59102,0,0,0,3550,155052
3651,16595,59013,0,0,0,3778,155052
3652,16995,58754,0,0,0,3953,155052
3653,17630,58340,0,0,0,4063,155052
3654,18459,57802,0,0,0,4100,155052
3655,19423,57175,228034,164184,63849,4063,155052
3656,20459,56502,440527,317180,123348,3953,155052
3657,21494,55829,623000,448560,174440,3778,155052
3658,22459,55202,763016,549371,213644,3550,155052
3659,23287,54663,851033,612744,238289,3285,155052
3660,23923,54250,881055,634359,246695,3000,155052
3661,24322,53990,851033,612744,238289,2715,155052
3662,24459,53902,763016,549371,213644,2450,155052
3663,24322,53990,623000,448560,174440,2222,155052
3664,23923,54250,440527,317180,123348,2047,155052
3665,23287,54663,228034,164184,63849,1937,155052
3666,22459,55202,0,0,0,1900,155052
3667,21494,55829,0,0,0,1937,155052
3668,20459,56502,0,0,0,2047,155052
3669,19423,57175,0,0,0,2222,155052
3670,18459,57802,0,0,0,2450,155052
3671,17630,58340,0,0,0,2715,155052
3672,17046,58720,0,0,0,3000,160845
3673,16647,58980,0,0,0,3285,160845
3674,16510,59068,0,0,0,3550,160845
3675,16647,58980,0,0,0,3778,160845
3676,17046,58720,0,0,0,3953,160845
3677,17682,58307,0,0,0,4063,160845
3678,18510,57768,0,0,0,4100,160845
3679,19475,57141,228502,164521,63980,4063,160845
3680,20510,56468,441431,317831,123601,3953,160845
3681,21546,55795,624278,449480,174798,3778,160845
3682,22510,55168,764582,550499,214083,3550,160845
3683,23339,54630,852780,614002,238778,3285,160845
3684,23974,54217,882863,635661,247202,3000,160845
3685,24374,53957,852780,614002,238778,2715,160845
3686,24510,53868,764582,550499,214083,2450,160845
3687,24374,53957,624278,449480,174798,2222,160845
3688,23974,54217,441431,317831,123601,2047,160845
3689,23339,54630,228502,164521,63980,1937,160845
3690,22510,55168,0,0,0,1900,160845
3691,21546,55795,0,0,0,1937,160845
3692,20510,56468,0,0,0,2047,160845
3693,19475,57141,0,0,0,2222,160845
3694,18510,57768,0,0,0,2450,160845
3695,17682,58307,0,0,0,2715,160845
3696,17095,58688,0,0,0,3000,184300
3697,16696,58948,0,0,0,3285,184300
3698,16560,59036,0,0,0,3550,184300
3699,16696,58948,0,0,0,3778,184300
3700,17095,58688,0,0,0,3953,184300
3701,17731,58275,0,0,0,4063,184300
3702,18560,57736,0,0,0,4100,184300
3703,19524,57109,228947,164842,64105,4063,184300
3704,20560,56436,442291,318450,123842,3953,184300
3705,21595,55763,625494,450356,175138,3778,184300
3706,22560,55136,766071,551571,214500,3550,184300
3707,23388,54598,854441,615198,239244,3285,184300
3708,24024,54185,884583,636900,247683,3000,184300
3709,24423,53925,854441,615198,239244,2715,184300
3710,24560,53836,766071,551571,214500,2450,184300
3711,24423,53925,625494,450356,175138,2222,184300
3712,24024,54185,442291,318450,123842,2047,184300
3713,23388,54598,228947,164842,64105,1937,184300
3714,22560,55136,0,0,0,1900,184300
3715,21595,55763,0,0,0,1937,184300
3716,20560,56436,0,0,0,2047,184300
3717,19524,57109,0,0,0,2222,184300
3718,18560,57736,0,0,0,2450,184300
3719,17731,58275,0,0,0,2715,184300
3720,17142,58658,0,0,0,3000,207755
3721,16742,58917,0,0,0,3285,207755
3722,16606,59006,0,0,0,3550,207755
3723,16742,58917,0,0,0,3778,207755
3724,17142,58658,0,0,0,3953,207755
3725,17778,58245,0,0,0,4063,207755
3726,18606,57706,0,0,0,4100,207755
3727,19571,57079,229369,165146,64223,4063,207755
3728,20606,56406,443107,319037,124070,3953,207755
3729,21641,55733,626648,451186,175461,3778,207755
3730,22606,55106,767484,552588,214895,3550,207755
3731,23435,54568,856017,616332,239685,3285,207755
3732,24070,54154,886214,638074,248140,3000,207755
3733,24470,53895,856017,616332,239685,2715,207755
3734,24606,53806,767484,552588,214895,2450,207755
3735,24470,53895,626648,451186,175461,2222,207755
3736,24070,54154,443107,319037,124070,2047,207755
3737,23435,54568,229369,165146,64223,1937,207755
3738,22606,55106,0,0,0,1900,207755
3739,21641,55733,0,0,0,1937,207755
3740,20606,56406,0,0,0,2047,207755
3741,19571,57079,0,0,0,2222,207755
3742,18606,57706,0,0,0,2450,207755
3743,17778,58245,0,0,0,2715,207755
3744,17186,58629,0,0,0,3000,213548
3745,16786,58889,0,0,0,3285,213548
3746,16650,58977,0,0,0,3550,213548
3747,16786,58889,0,0,0,3778,213548
3748,17186,58629,0,0,0,3953,213548
3749,17822,58216,0,0,0,4063,213548
3750,18650,57677,0,0,0,4100,213548
3751,19615,57050,229768,165433,64335,4063,213548
3752,20650,56377,443878,319592,124286,3953,213548
3753,21685,55704,627738,451972,175767,3778,213548
3754,22650,55077,768819,553550,215269,3550,213548
3755,23479,54539,857506,617405,240102,3285,213548
3756,24114,54126,887756,639184,248572,3000,213548
3757,24514,53866,857506,617405,240102,2715,213548
3758,24650,53777,768819,553550,215269,2450,213548
3759,24514,53866,627738,451972,175767,2222,213548
3760,24114,54126,443878,319592,124286,2047,213548
3761,23479,54539,229768,165433,64335,1937,213548
3762,22650,55077,0,0,0,1900,213548
3763,21685,55704,0,0,0,1937,213548
3764,20650,56377,0,0,0,2047,213548
3765,19615,57050,0,0,0,2222,213548
3766,18650,57677,0,0,0,2450,213548
3767,17822,58216,0,0,0,2715,213548
3768,17228,58602,0,0,0,3000,197317
3769,16828,58862,0,0,0,3285,197317
3770,16692,58950,0,0,0,3550,197317
3771,16828,58862,0,0,0,3778,197317
3772,17228,58602,0,0,0,3953,197317
3773,17863,58189,0,0,0,4063,197317
3774,18692,57650,0,0,0,4100,197317
3775,19656,57023,230144,165704,64440,4063,197317
3776,20692,56350,444604,320115,124489,3953,197317
3777,21727,55677,628765,452711,176054,3778,197317
3778,22692,55050,770077,554455,215622,3550,197317
3779,23520,54512,858909,618415,240495,3285,197317
3780,24156,54099,889208,640230,248978,3000,197317
3781,24555,53839,858909,618415,240495,2715,197317
3782,24692,53750,770077,554455,215622,2450,197317
3783,24555,53839,628765,452711,176054,2222,197317
3784,24156,54099,444604,320115,124489,2047,197317
3785,23520,54512,230144,165704,64440,1937,197317
3786,22692,55050,0,0,0,1900,197317
3787,21727,55677,0,0,0,1937,197317
3788,20692,56350,0,0,0,2047,197317
3789,19656,57023,0,0,0,2222,197317
3790,18692,57650,0,0,0,2450,197317
3791,17863,58189,0,0,0,2715,197317
3792,17266,58577,0,0,0,3000,171283
3793,16867,58837,0,0,0,3285,171283
3794,16731,58925,0,0,0,3550,171283
3795,16867,58837,0,0,0,3778,171283
3796,17266,58577,0,0,0,3953,171283
3797,17902,58164,0,0,0,4063,171283
3798,18731,57625,0,0,0,4100,171283
3799,19695,56998,230497,165957,64539,4063,171283
3800,20731,56325,445285,320605,124680,3953,171283
3801,21766,55652,629728,453404,176324,3778,171283
3802,22731,55025,771256,555305,215952,3550,171283
3803,23559,54487,860225,619362,240863,3285,171283
3804,24195,54073,890570,641210,249360,3000,171283
3805,24594,53814,860225,619362,240863,2715,171283
3806,24731,53725,771256,555305,215952,2450,171283
3807,24594,53814,629728,453404,176324,2222,171283
3808,24195,54073,445285,320605,124680,2047,171283
3809,23559,54487,230497,165957,64539,1937,171283
3810,22731,55025,0,0,0,1900,171283
3811,21766,55652,0,0,0,1937,171283
3812,20731,56325,0,0,0,2047,171283
3813,19695,56998,0,0,0,2222,171283
3814,18731,57625,0,0,0,2450,171283
3815,17902,58164,0,0,0,2715,171283
3816,17303,58553,0,0,0,3000,155052
3817,16903,58813,0,0,0,3285,155052
3818,16767,58902,0,0,0,3550,155052
3819,16903,58813,0,0,0,3778,155052
3820,17303,58553,0,0,0,3953,155052
3821,17938,58140,0,0,0,4063,155052
3822,18767,57602,0,0,0,4100,155052
3823,19732,56974,230826,166194,64631,4063,155052
3824,20767,56302,445921,321063,124858,3953,155052
3825,21802,55629,630627,454052,176576,3778,155052
3826,22767,55002,772358,556097,216260,3550,155052
3827,23595,54463,861453,620246,241207,3285,155052
3828,24231,54050,891842,642126,249716,3000,155052
3829,24631,53790,861453,620246,241207,2715,155052
3830,24767,53702,772358,556097,216260,2450,155052
3831,24631,53790,630627,454052,176576,2222,155052
3832,24231,54050,445921,321063,124858,2047,155052
3833,23595,54463,230826,166194,64631,1937,155052
3834,22767,55002,0,0,0,1900,155052
3835,21802,55629,0,0,0,1937,155052
3836,20767,56302,0,0,0,2047,155052
3837,19732,56974,0,0,0,2222,155052
3838,18767,57602,0,0,0,2450,155052
3839,17938,58140,0,0,0,2715,155052
3840,17337,58531,0,0,0,3000,160845
3841,16937,58791,0,0,0,3285,160845
3842,16801,58880,0,0,0,3550,160845
3843,16937,58791,0,0,0,3778,160845
3844,17337,58531,0,0,0,3953,160845
3845,17972,58118,0,0,0,4063,160845
3846,18801,57580,0,0,0,4100,160845
3847,19765,56953,231131,166414,64717,4063,160845
3848,20801,56280,446511,321488,125023,3953,160845
3849,21836,55607,631462,454653,176809,3778,160845
3850,22801,54980,773380,556834,216546,3550,160845
3851,23629,54441,862593,621067,241526,3285,160845
3852,24265,54028,893022,642976,250046,3000,160845
3853,24664,53768,862593,621067,241526,2715,160845
3854,24801,53680,773380,556834,216546,2450,160845
3855,24664,53768,631462,454653,176809,2222,160845
3856,24265,54028,446511,321488,125023,2047,160845
3857,23629,54441,231131,166414,64717,1937,160845
3858,22801,54980,0,0,0,1900,160845
3859,21836,55607,0,0,0,1937,160845
3860,20801,56280,0,0,0,2047,160845
3861,19765,56953,0,0,0,2222,160845
3862,18801,57580,0,0,0,2450,160845
3863,17972,58118,0,0,0,2715,160845
3864,17368,58511,0,0,0,3000,184300
3865,16968,58771,0,0,0,3285,184300
3866,16832,58859,0,0,0,3550,184300
3867,16968,58771,0,0,0,3778,184300
3868,17368,58511,0,0,0,3953,184300
3869,18003,58098,0,0,0,4063,184300
3870,18832,57559,0,0,0,4100,184300
3871,19796,56932,231413,166617,64796,4063,184300
3872,20832,56259,447056,321880,125176,3953,184300
3873,21867,55586,632232,455207,177025,3778,184300
3874,22832,54959,774323,557513,216811,3550,184300
3875,23660,54421,863645,621825,241821,3285,184300
3876,24296,54008,894112,643760,250351,3000,184300
3877,24695,53748,863645,621825,241821,2715,184300
3878,24832,53659,774323,557513,216811,2450,184300
3879,24695,53748,632232,455207,177025,2222,184300
3880,24296,54008,447056,321880,125176,2047,184300
3881,23660,54421,231413,166617,64796,1937,184300
3882,22832,54959,0,0,0,1900,184300
3883,21867,55586,0,0,0,1937,184300
3884,20832,56259,0,0,0,2047,184300
3885,19796,56932,0,0,0,2222,184300
3886,18832,57559,0,0,0,2450,184300
3887,18003,58098,0,0,0,2715,184300
3888,17396,58492,0,0,0,3000,207755
3889,16997,58752,0,0,0,3285,207755
3890,16860,58841,0,0,0,3550,207755
3891,16997,58752,0,0,0,3778,207755
3892,17396,58492,0,0,0,3953,207755
3893,18032,58079,0,0,0,4063,207755
3894,18860,57541,0,0,0,4100,207755
3895,19825,56914,231671,166803,64868,4063,207755
3896,20860,56241,447555,322239,125315,3953,207755
3897,21896,55568,632938,455715,177223,3778,207755
3898,22860,54941,775187,558135,217052,3550,207755
3899,23689,54402,864609,622519,242091,3285,207755
3900,24324,53989,895109,644479,250631,3000,207755
3901,24724,53729,864609,622519,242091,2715,207755
3902,24860,53641,775187,558135,217052,2450,207755
3903,24724,53729,632938,455715,177223,2222,207755
3904,24324,53989,447555,322239,125315,2047,207755
3905,23689,54402,231671,166803,64868,1937,207755
3906,22860,54941,0,0,0,1900,207755
3907,21896,55568,0,0,0,1937,207755
3908,20860,56241,0,0,0,2047,207755
3909,19825,56914,0,0,0,2222,207755
3910,18860,57541,0,0,0,2450,207755
3911,18032,58079,0,0,0,2715,207755
3912,17422,58476,0,0,0,3000,213548
3913,17022,58735,0,0,0,3285,213548
3914,16886,58824,0,0,0,3550,213548
3915,17022,58735,0,0,0,3778,213548
3916,17422,58476,0,0,0,3953,213548
3917,18058,58062,0,0,0,4063,213548
3918,18886,57524,0,0,0,4100,213548
3919,19851,56897,231906,166972,64934,4063,213548
3920,20886,56224,448008,322565,125442,3953,213548
3921,21921,55551,633578,456176,177402,3778,213548
3922,22886,54924,775972,558700,217272,3550,213548
3923,23715,54386,865484,623149,242336,3285,213548
3924,24350,53972,896015,645131,250884,3000,213548
3925,24750,53713,865484,623149,242336,2715,213548
3926,24886,53624,775972,558700,217272,2450,213548
3927,24750,53713,633578,456176,177402,2222,213548
3928,24350,53972,448008,322565,125442,2047,213548
3929,23715,54386,231906,166972,64934,1937,213548
3930,22886,54924,0,0,0,1900,213548
3931,21921,55551,0,0,0,1937,213548
3932,20886,56224,0,0,0,2047,213548
3933,19851,56897,0,0,0,2222,213548
3934,18886,57524,0,0,0,2450,213548
3935,18058,58062,0,0,0,2715,213548
3936,17445,58461,0,0,0,3000,197317
3937,17046,58720,0,0,0,3285,197317
3938,16909,58809,0,0,0,3550,197317
3939,17046,58720,0,0,0,3778,197317
3940,17445,58461,0,0,0,3953,197317
3941,18081,58047,0,0,0,4063,197317
3942,18909,57509,0,0,0,4100,197317
3943,19874,56882,232116,167124,64993,4063,197317
3944,20909,56209,448414,322858,125556,3953,197317
3945,21945,55536,634154,456591,177563,3778,197317
3946,22909,54909,776676,559207,217469,3550,197317
3947,23738,54370,866270,623714,242556,3285,197317
3948,24373,53957,896829,645717,251112,3000,197317
3949,24773,53697,866270,623714,242556,2715,197317
3950,24909,53609,776676,559207,217469,2450,197317
3951,24773,53697,634154,456591,177563,2222,197317
3952,24373,53957,448414,322858,125556,2047,197317
3953,23738,54370,232116,167124,64993,1937,197317
3954,22909,54909,0,0,0,1900,197317
3955,21945,55536,0,0,0,1937,197317
3956,20909,56209,0,0,0,2047,197317
3957,19874,56882,0,0,0,2222,197317
3958,18909,57509,0,0,0,2450,197317
3959,18081,58047,0,0,0,2715,197317
3960,17466,58447,0,0,0,3000,171283
3961,17066,58707,0,0,0,3285,171283
3962,16930,58796,0,0,0,3550,171283
3963,17066,58707,0,0,0,3778,171283
3964,17466,58447,0,0,0,3953,171283
3965,18102,58034,0,0,0,4063,171283
3966,18930,57496,0,0,0,4100,171283
3967,19895,56868,232303,167258,65045,4063,171283
3968,20930,56196,448775,323118,125657,3953,171283
3969,21965,55523,634664,456958,177706,3778,171283
3970,22930,54896,777301,559657,217644,3550,171283
3971,23758,54357,866967,624216,242751,3285,171283
3972,24394,53944,897550,646236,251314,3000,171283
3973,24794,53684,866967,624216,242751,2715,171283
3974,24930,53596,777301,559657,217644,2450,171283
3975,24794,53684,634664,456958,177706,2222,171283
3976,24394,53944,448775,323118,125657,2047,171283
3977,23758,54357,232303,167258,65045,1937,171283
3978,22930,54896,0,0,0,1900,171283
3979,21965,55523,0,0,0,1937,171283
3980,20930,56196,0,0,0,2047,171283
3981,19895,56868,0,0,0,2222,171283
3982,18930,57496,0,0,0,2450,171283
3983,18102,58034,0,0,0,2715,171283
3984,17484,58435,0,0,0,3000,155052
3985,17084,58695,0,0,0,3285,155052
3986,16948,58784,0,0,0,3550,155052
3987,17084,58695,0,0,0,3778,155052
3988,17484,58435,0,0,0,3953,155052
3989,18120,58022,0,0,0,4063,155052
3990,18948,57484,0,0,0,4100,155052
3991,19913,56857,232466,167375,65090,4063,155052
3992,20948,56184,449089,323344,125745,3953,155052
3993,21983,55511,635108,457278,177830,3778,155052
3994,22948,54884,777846,560049,217797,3550,155052
3995,23776,54345,867574,624653,242921,3285,155052
3996,24412,53932,898179,646689,251490,3000,155052
3997,24812,53672,867574,624653,242921,2715,155052
3998,24948,53584,777846,560049,217797,2450,155052
3999,24812,53672,635108,457278,177830,2222,155052
4000,24412,53932,449089,323344,125745,2047,155052
4001,23776,54345,232466,167375,65090,1937,155052
4002,22948,54884,0,0,0,1900,155052
4003,21983,55511,0,0,0,1937,155052
4004,20948,56184,0,0,0,2047,155052
4005,19913,56857,0,0,0,2222,155052
4006,18948,57484,0,0,0,2450,155052
4007,18120,58022,0,0,0,2715,155052
4008,17499,58426,0,0,0,3000,160845
4009,17100,58685,0,0,0,3285,160845
4010,16963,58774,0,0,0,3550,160845
4011,17100,58685,0,0,0,3778,160845
4012,17499,58426,0,0,0,3953,160845
4013,18135,58012,0,0,0,4063,160845
4014,18963,57474,0,0,0,4100,160845
4015,19928,56847,232604,167475,65129,4063,160845
4016,20963,56174,449357,323537,125820,3953,160845
4017,21999,55501,635487,457551,177936,3778,160845
4018,22963,54874,778310,560383,217927,3550,160845
4019,23792,54335,868092,625026,243066,3285,160845
4020,24427,53922,898714,647074,251640,3000,160845
4021,24827,53662,868092,625026,243066,2715,160845
4022,24963,53574,778310,560383,217927,2450,160845
4023,24827,53662,635487,457551,177936,2222,160845
4024,24427,53922,449357,323537,125820,2047,160845
4025,23792,54335,232604,167475,65129,1937,160845
4026,22963,54874,0,0,0,1900,160845
4027,21999,55501,0,0,0,1937,160845
4028,20963,56174,0,0,0,2047,160845
4029,19928,56847,0,0,0,2222,160845
4030,18963,57474,0,0,0,2450,160845
4031,18135,58012,0,0,0,2715,160845
4032,17512,58417,0,0,0,3000,184300
4033,17112,58677,0,0,0,3285,184300
4034,16976,58766,0,0,0,3550,184300
4035,17112,58677,0,0,0,3778,184300
4036,17512,58417,0,0,0,3953,184300
4037,18147,58004,0,0,0,4063,184300
4038,18976,57466,0,0,0,4100,184300
4039,19941,56839,232719,167558,65161,4063,184300
4040,20976,56166,449579,323697,125882,3953,184300
4041,22011,55493,635800,457776,178024,3778,184300
4042,22976,54866,778693,560659,218034,3550,184300
4043,23804,54327,868519,625334,243185,3285,184300
4044,24440,53914,899157,647393,251764,3000,184300
4045,24840,53654,868519,625334,243185,2715,184300
4046,24976,53566,778693,560659,218034,2450,184300
4047,24840,53654,635800,457776,178024,2222,184300
4048,24440,53914,449579,323697,125882,2047,184300
4049,23804,54327,232719,167558,65161,1937,184300
4050,22976,54866,0,0,0,1900,184300
4051,22011,55493,0,0,0,1937,184300
4052,20976,56166,0,0,0,2047,184300
4053,19941,56839,0,0,0,2222,184300
4054,18976,57466,0,0,0,2450,184300
4055,18147,58004,0,0,0,2715,184300
4056,17522,58411,0,0,0,3000,207755
4057,17122,58671,0,0,0,3285,207755
4058,16986,58759,0,0,0,3550,207755
4059,17122,58671,0,0,0,3778,207755
4060,17522,58411,0,0,0,3953,207755
4061,18157,57998,0,0,0,4063,207755
4062,18986,57459,0,0,0,4100,207755
4063,19951,56832,232810,167623,65187,4063,207755
4064,20986,56159,449754,323823,125931,3953,207755
4065,22021,55486,636048,457954,178093,3778,207755
4066,22986,54859,778996,560877,218119,3550,207755
4067,23814,54321,868857,625577,243280,3285,207755
4068,24450,53907,899507,647645,251862,3000,207755
4069,24850,53648,868857,625577,243280,2715,207755
4070,24986,53559,778996,560877,218119,2450,207755
4071,24850,53648,636048,457954,178093,2222,207755
4072,24450,53907,449754,323823,125931,2047,207755
4073,23814,54321,232810,167623,65187,1937,207755
4074,22986,54859,0,0,0,1900,207755
4075,22021,55486,0,0,0,1937,207755
4076,20986,56159,0,0,0,2047,207755
4077,19951,56832,0,0,0,2222,207755
4078,18986,57459,0,0,0,2450,207755
4079,18157,57998,0,0,0,2715,207755
4080,17529,58406,0,0,0,3000,213548
4081,17130,58666,0,0,0,3285,213548
4082,16993,58754,0,0,0,3550,213548
4083,17130,58666,0,0,0,3778,213548
4084,17529,58406,0,0,0,3953,213548
4085,18165,57993,0,0,0,4063,213548
4086,18993,57454,0,0,0,4100,213548
4087,19958,56827,232876,167671,65205,4063,213548
4088,20993,56154,449882,323915,125967,3953,213548
4089,22029,55481,636229,458085,178144,3778,213548
4090,22993,54854,779218,561037,218181,3550,213548
4091,23822,54316,869105,625756,243349,3285,213548
4092,24457,53903,899764,647830,251934,3000,213548
4093,24857,53643,869105,625756,243349,2715,213548
4094,24993,53554,779218,561037,218181,2450,213548
4095,24857,53643,636229,458085,178144,2222,213548
4096,24457,53903,449882,323915,125967,2047,213548
4097,23822,54316,232876,167671,65205,1937,213548
4098,22993,54854,0,0,0,1900,213548
4099,22029,55481,0,0,0,1937,213548
4100,20993,56154,0,0,0,2047,213548
4101,19958,56827,0,0,0,2222,213548
4102,18993,57454,0,0,0,2450,213548
4103,18165,57993,0,0,0,2715,213548
4104,17534,58403,0,0,0,3000,197317
4105,17134,58663,0,0,0,3285,197317
4106,16998,58751,0,0,0,3550,197317
4107,17134,58663,0,0,0,3778,197317
4108,17534,58403,0,0,0,3953,197317
4109,18169,57990,0,0,0,4063,197317
4110,18998,57451,0,0,0,4100,197317
4111,19963,56824,232918,167701,65217,4063,197317
4112,20998,56151,449964,323974,125990,3953,197317
4113,22033,55478,636345,458168,178176,3778,197317
4114,22998,54851,779360,561139,218221,3550,197317
4115,23826,54313,869263,625869,243394,3285,197317
4116,24462,53900,899927,647947,251980,3000,197317
4117,24862,53640,869263,625869,243394,2715,197317
4118,24998,53551,779360,561139,218221,2450,197317
4119,24862,53640,636345,458168,178176,2222,197317
4120,24462,53900,449964,323974,125990,2047,197317
4121,23826,54313,232918,167701,65217,1937,197317
4122,22998,54851,0,0,0,1900,197317
4123,22033,55478,0,0,0,1937,197317
4124,20998,56151,0,0,0,2047,197317
4125,19963,56824,0,0,0,2222,197317
4126,18998,57451,0,0,0,2450,197317
4127,18169,57990,0,0,0,2715,197317
4128,17536,58402,0,0,0,3000,171283
4129,17136,58661,0,0,0,3285,171283
4130,17000,58750,0,0,0,3550,171283
4131,17136,58661,0,0,0,3778,171283
4132,17536,58402,0,0,0,3953,171283
4133,18171,57989,0,0,0,4063,171283
4134,19000,57450,0,0,0,4100,171283
4135,19965,56823,232936,167714,65222,4063,171283
4136,21000,56150,449999,323999,126000,3953,171283
4137,22035,55477,636394,458204,178190,3778,171283
4138,23000,54850,779420,561183,218238,3550,171283
4139,23828,54312,869330,625918,243413,3285,171283
4140,24464,53898,899997,647998,251999,3000,171283
4141,24864,53639,869330,625918,243413,2715,171283
4142,25000,53550,779420,561183,218238,2450,171283
4143,24864,53639,636394,458204,178190,2222,171283
4144,24464,53898,449999,323999,126000,2047,171283
4145,23828,54312,232936,167714,65222,1937,171283
4146,23000,54850,0,0,0,1900,171283
4147,22035,55477,0,0,0,1937,171283
4148,21000,56150,0,0,0,2047,171283
4149,19965,56823,0,0,0,2222,171283
4150,19000,57450,0,0,0,2450,171283
4151,18171,57989,0,0,0,2715,171283
4152,17535,58402,0,0,0,3000,155052
4153,17136,58662,0,0,0,3285,155052
4154,16999,58750,0,0,0,3550,155052
4155,17136,58662,0,0,0,3778,155052
4156,17535,58402,0,0,0,3953,155052
4157,18171,57989,0,0,0,4063,155052
4158,18999,57450,0,0,0,4100,155052
4159,19964,56823,232930,167710,65220,4063,155052
4160,20999,56150,449987,323991,125996,3953,155052
4161,22035,55478,636378,458192,178186,3778,155052
4162,22999,54850,779400,561168,218232,3550,155052
4163,23828,54312,869308,625902,243406,3285,155052
4164,24463,53899,899974,647981,251993,3000,155052
4165,24863,53639,869308,625902,243406,2715,155052
4166,24999,53550,779400,561168,218232,2450,155052
4167,24863,53639,636378,458192,178186,2222,155052
4168,24463,53899,449987,323991,125996,2047,155052
4169,23828,54312,232930,167710,65220,1937,155052
4170,22999,54850,0,0,0,1900,155052
4171,22035,55478,0,0,0,1937,155052
4172,20999,56150,0,0,0,2047,155052
4173,19964,56823,0,0,0,2222,155052
4174,18999,57450,0,0,0,2450,155052
4175,18171,57989,0,0,0,2715,155052
4176,17532,58404,0,0,0,3000,160845
4177,17132,58664,0,0,0,3285,160845
4178,16996,58753,0,0,0,3550,160845
4179,17132,58664,0,0,0,3778,160845
4180,17532,58404,0,0,0,3953,160845
4181,18167,57991,0,0,0,4063,160845
4182,18996,57453,0,0,0,4100,160845
4183,19961,56826,232900,167688,65212,4063,160845
4184,20996,56153,449929,323949,125980,3953,160845
4185,22031,55480,636295,458132,178163,3778,160845
4186,22996,54853,779299,561095,218204,3550,160845
4187,23824,54314,869195,625821,243375,3285,160845
4188,24460,53901,899857,647897,251960,3000,160845
4189,24860,53641,869195,625821,243375,2715,160845
4190,24996,53553,779299,561095,218204,2450,160845
4191,24860,53641,636295,458132,178163,2222,160845
4192,24460,53901,449929,323949,125980,2047,160845
4193,23824,54314,232900,167688,65212,1937,160845
4194,22996,54853,0,0,0,1900,160845
4195,22031,55480,0,0,0,1937,160845
4196,20996,56153,0,0,0,2047,160845
4197,19961,56826,0,0,0,2222,160845
4198,18996,57453,0,0,0,2450,160845
4199,18167,57991,0,0,0,2715,160845
4200,17526,58408,0,0,0,3000,184300
4201,17126,58668,0,0,0,3285,184300
4202,16990,58757,0,0,0,3550,184300
4203,17126,58668,0,0,0,3778,184300
4204,17526,58408,0,0,0,3953,184300
4205,18161,57995,0,0,0,4063,184300
4206,18990,57457,0,0,0,4100,184300
4207,19955,56829,232846,167649,65197,4063,184300
4208,20990,56157,449824,323873,125951,3953,184300
4209,22025,55484,636147,458026,178121,3778,184300
4210,22990,54857,779117,560964,218153,3550,184300
4211,23818,54318,868992,625675,243318,3285,184300
4212,24454,53905,899647,647746,251901,3000,184300
4213,24854,53645,868992,625675,243318,2715,184300
4214,24990,53557,779117,560964,218153,2450,184300
4215,24854,53645,636147,458026,178121,2222,184300
4216,24454,53905,449824,323873,125951,2047,184300
4217,23818,54318,232846,167649,65197,1937,184300
4218,22990,54857,0,0,0,1900,184300
4219,22025,55484,0,0,0,1937,184300
4220,20990,56157,0,0,0,2047,184300
4221,19955,56829,0,0,0,2222,184300
4222,18990,57457,0,0,0,2450,184300
4223,18161,57995,0,0,0,2715,184300
4224,17517,58414,0,0,0,3000,207755
4225,17118,58674,0,0,0,3285,207755
4226,16981,58762,0,0,0,3550,207755
4227,17118,58674,0,0,0,3778,207755
4228,17517,58414,0,0,0,3953,207755
4229,18153,58001,0,0,0,4063,207755
4230,18981,57462,0,0,0,4100,207755
4231,19946,56835,232767,167592,65175,4063,207755
4232,20981,56162,449672,323764,125908,3953,207755
4233,22017,55489,635932,457871,178061,3778,207755
4234,22981,54862,778855,560775,218079,3550,207755
4235,23810,54324,868700,625464,243236,3285,207755
4236,24445,53911,899344,647528,251816,3000,207755
4237,24845,53651,868700,625464,243236,2715,207755
4238,24981,53562,778855,560775,218079,2450,207755
4239,24845,53651,635932,457871,178061,2222,207755
4240,24445,53911,449672,323764,125908,2047,207755
4241,23810,54324,232767,167592,65175,1937,207755
4242,22981,54862,0,0,0,1900,207755
4243,22017,55489,0,0,0,1937,207755
4244,20981,56162,0,0,0,2047,207755
4245,19946,56835,0,0,0,2222,207755
4246,18981,57462,0,0,0,2450,207755
4247,18153,58001,0,0,0,2715,207755
4248,17506,58421,0,0,0,3000,213548
4249,17106,58681,0,0,0,3285,213548
4250,16970,58770,0,0,0,3550,213548
4251,17106,58681,0,0,0,3778,213548
4252,17506,58421,0,0,0,3953,213548
4253,18142,58008,0,0,0,4063,213548
4254,18970,57470,0,0,0,4100,213548
4255,19935,56842,232665,167519,65146,4063,213548
4256,20970,56170,449474,323621,125853,3953,213548
4257,22005,55497,635652,457669,177983,3778,213548
4258,22970,54870,778511,560528,217983,3550,213548
4259,23798,54331,868317,625188,243129,3285,213548
4260,24434,53918,898948,647242,251705,3000,213548
4261,24834,53658,868317,625188,243129,2715,213548
4262,24970,53570,778511,560528,217983,2450,213548
4263,24834,53658,635652,457669,177983,2222,213548
4264,24434,53918,449474,323621,125853,2047,213548
4265,23798,54331,232665,167519,65146,1937,213548
4266,22970,54870,0,0,0,1900,213548
4267,22005,55497,0,0,0,1937,213548
4268,20970,56170,0,0,0,2047,213548
4269,19935,56842,0,0,0,2222,213548
4270,18970,57470,0,0,0,2450,213548
4271,18142,58008,0,0,0,2715,213548
4272,17492,58430,0,0,0,3000,197317
4273,17092,58690,0,0,0,3285,197317
4274,16956,58779,0,0,0,3550,197317
4275,17092,58690,0,0,0,3778,197317
4276,17492,58430,0,0,0,3953,197317
4277,18128,58017,0,0,0,4063,197317
4278,18956,57479,0,0,0,4100,197317
4279,19921,56852,232538,167427,65111,4063,197317
4280,20956,56179,449229,323445,125784,3953,197317
4281,21991,55506,635306,457420,177886,3778,197317
4282,22956,54879,778088,560223,217865,3550,197317
4283,23784,54340,867844,624848,242996,3285,197317
4284,24420,53927,898458,646890,251568,3000,197317
4285,24820,53667,867844,624848,242996,2715,197317
4286,24956,53579,778088,560223,217865,2450,197317
4287,24820,53667,635306,457420,177886,2222,197317
4288,24420,53927,449229,323445,125784,2047,197317
4289,23784,54340,232538,167427,65111,1937,197317
4290,22956,54879,0,0,0,1900,197317
4291,21991,55506,0,0,0,1937,197317
4292,20956,56179,0,0,0,2047,197317
4293,19921,56852,0,0,0,2222,197317
4294,18956,57479,0,0,0,2450,197317
4295,18128,58017,0,0,0,2715,197317
4296,17475,58441,0,0,0,3000,171283
4297,17076,58701,0,0,0,3285,171283
4298,16939,58789,0,0,0,3550,171283
4299,17076,58701,0,0,0,3778,171283
4300,17475,58441,0,0,0,3953,171283
4301,18111,58028,0,0,0,4063,171283
4302,18939,57489,0,0,0,4100,171283
4303,19904,56862,232387,167319,65068,4063,171283
4304,20939,56189,448938,323235,125703,3953,171283
4305,21975,55517,634894,457124,177770,3778,171283
4306,22939,54889,777583,559860,217723,3550,171283
4307,23768,54351,867282,624443,242839,3285,171283
4308,24403,53938,897876,646471,251405,3000,171283
4309,24803,53678,867282,624443,242839,2715,171283
4310,24939,53589,777583,559860,217723,2450,171283
4311,24803,53678,634894,457124,177770,2222,171283
4312,24403,53938,448938,323235,125703,2047,171283
4313,23768,54351,232387,167319,65068,1937,171283
4314,22939,54889,0,0,0,1900,171283
4315,21975,55517,0,0,0,1937,171283
4316,20939,56189,0,0,0,2047,171283
4317,19904,56862,0,0,0,2222,171283
4318,18939,57489,0,0,0,2450,171283
4319,18111,58028,0,0,0,2715,171283
4320,17456,58454,0,0,0,3000,155052
4321,17056,58713,0,0,0,3285,155052
4322,16920,58802,0,0,0,3550,155052
4323,17056,58713,0,0,0,3778,155052
4324,17456,58454,0,0,0,3953,155052
4325,18092,58040,0,0,0,4063,155052
4326,18920,57502,0,0,0,4100,155052
4327,19885,56875,232213,167193,65020,4063,155052
4328,20920,56202,448600,322992,125608,3953,155052
4329,21955,55529,634417,456780,177637,3778,155052
4330,22920,54902,776999,559439,217560,3550,155052
4331,23748,54364,866630,623973,242656,3285,155052
4332,24384,53950,897201,645985,251216,3000,155052
4333,24784,53691,866630,623973,242656,2715,155052
4334,24920,53602,776999,559439,217560,2450,155052
4335,24784,53691,634417,456780,177637,2222,155052
4336,24384,53950,448600,322992,125608,2047,155052
4337,23748,54364,232213,167193,65020,1937,155052
4338,22920,54902,0,0,0,1900,155052
4339,21955,55529,0,0,0,1937,155052
4340,20920,56202,0,0,0,2047,155052
4341,19885,56875,0,0,0,2222,155052
4342,18920,57502,0,0,0,2450,155052
4343,18092,58040,0,0,0,2715,155052
4344,17434,58468,0,0,0,3000,160845
4345,17034,58728,0,0,0,3285,160845
4346,16898,58816,0,0,0,3550,160845
4347,17034,58728,0,0,0,3778,160845
4348,17434,58468,0,0,0,3953,160845
4349,18070,58055,0,0,0,4063,160845
4350,18898,57516,0,0,0,4100,160845
4351,19863,56889,232014,167050,64964,4063,160845
4352,20898,56216,448217,322716,125501,3953,160845
4353,21933,55543,633874,456389,177485,3778,160845
4354,22898,54916,776334,558961,217374,3550,160845
4355,23727,54378,865888,623440,242449,3285,160845
4356,24362,53965,896433,645432,251001,3000,160845
4357,24762,53705,865888,623440,242449,2715,160845
4358,24898,53616,776334,558961,217374,2450,160845
4359,24762,53705,633874,456389,177485,2222,160845
4360,24362,53965,448217,322716,125501,2047,160845
4361,23727,54378,232014,167050,64964,1937,160845
4362,22898,54916,0,0,0,1900,160845
4363,21933,55543,0,0,0,1937,160845
4364,20898,56216,0,0,0,2047,160845
4365,19863,56889,0,0,0,2222,160845
4366,18898,57516,0,0,0,2450,160845
4367,18070,58055,0,0,0,2715,160845
4368,17409,58484,0,0,0,3000,184300
4369,17010,58744,0,0,0,3285,184300
4370,16874,58832,0,0,0,3550,184300
4371,17010,58744,0,0,0,3778,184300
4372,17409,58484,0,0,0,3953,184300
4373,18045,58071,0,0,0,4063,184300
4374,18874,57532,0,0,0,4100,184300
4375,19838,56905,231792,166890,64902,4063,184300
4376,20874,56232,447787,322407,125380,3953,184300
4377,21909,55559,633266,455952,177315,3778,184300
4378,22874,54932,775590,558424,217165,3550,184300
4379,23702,54394,865058,622842,242216,3285,184300
4380,24338,53981,895574,644813,250761,3000,184300
4381,24737,53721,865058,622842,242216,2715,184300
4382,24874,53632,775590,558424,217165,2450,184300
4383,24737,53721,633266,455952,177315,2222,184300
4384,24338,53981,447787,322407,125380,2047,184300
4385,23702,54394,231792,166890,64902,1937,184300
4386,22874,54932,0,0,0,1900,184300
4387,21909,55559,0,0,0,1937,184300
4388,20874,56232,0,0,0,2047,184300
4389,19838,56905,0,0,0,2222,184300
4390,18874,57532,0,0,0,2450,184300
4391,18045,58071,0,0,0,2715,184300
4392,17382,58502,0,0,0,3000,207755
4393,16983,58761,0,0,0,3285,207755
4394,16846,58850,0,0,0,3550,207755
4395,16983,58761,0,0,0,3778,207755
4396,17382,58502,0,0,0,3953,207755
4397,18018,58088,0,0,0,4063,207755
4398,18846,57550,0,0,0,4100,207755
4399,19811,56923,231545,166713,64833,4063,207755
4400,20846,56250,447311,322064,125247,3953,207755
4401,21882,55577,632593,455467,177126,3778,207755
4402,22846,54950,774765,557831,216934,3550,207755
4403,23675,54411,864138,622180,241959,3285,207755
4404,24310,53998,894622,644128,250494,3000,207755
4405,24710,53738,864138,622180,241959,2715,207755
4406,24846,53650,774765,557831,216934,2450,207755
4407,24710,53738,632593,455467,177126,2222,207755
4408,24310,53998,447311,322064,125247,2047,207755
4409,23675,54411,231545,166713,64833,1937,207755
4410,22846,54950,0,0,0,1900,207755
4411,21882,55577,0,0,0,1937,207755
4412,20846,56250,0,0,0,2047,207755
4413,19811,56923,0,0,0,2222,207755
4414,18846,57550,0,0,0,2450,207755
4415,18018,58088,0,0,0,2715,207755
4416,17352,58521,0,0,0,3000,213548
4417,16953,58781,0,0,0,3285,213548
4418,16817,58869,0,0,0,3550,213548
4419,16953,58781,0,0,0,3778,213548
4420,17352,58521,0,0,0,3953,213548
4421,17988,58108,0,0,0,4063,213548
4422,18817,57569,0,0,0,4100,213548
4423,19781,56942,231275,166518,64757,4063,213548
4424,20817,56269,446789,321688,125101,3953,213548
4425,21852,55596,631855,454936,176919,3778,213548
4426,22817,54969,773862,557180,216681,3550,213548
4427,23645,54431,863130,621454,241677,3285,213548
4428,24281,54018,893578,643376,250202,3000,213548
4429,24680,53758,863130,621454,241677,2715,213548
4430,24817,53669,773862,557180,216681,2450,213548
4431,24680,53758,631855,454936,176919,2222,213548
4432,24281,54018,446789,321688,125101,2047,213548
4433,23645,54431,231275,166518,64757,1937,213548
4434,22817,54969,0,0,0,1900,213548
4435,21852,55596,0,0,0,1937,213548
4436,20817,56269,0,0,0,2047,213548
4437,19781,56942,0,0,0,2222,213548
4438,18817,57569,0,0,0,2450,213548
4439,17988,58108,0,0,0,2715,213548
4440,17320,58542,0,0,0,3000,197317
4441,16920,58802,0,0,0,3285,197317
4442,16784,58890,0,0,0,3550,197317
4443,16920,58802,0,0,0,3778,197317
4444,17320,58542,0,0,0,3953,197317
4445,17956,58129,0,0,0,4063,197317
4446,18784,57590,0,0,0,4100,197317
4447,19749,56963,230981,166307,64675,4063,197317
4448,20784,56290,446222,321280,124942,3953,197317
4449,21819,55617,631053,454358,176695,3778,197317
4450,22784,54990,772879,556473,216406,3550,197317
4451,23613,54452,862034,620665,241370,3285,197317
4452,24248,54039,892443,642559,249884,3000,197317
4453,24648,53779,862034,620665,241370,2715,197317
4454,24784,53690,772879,556473,216406,2450,197317
4455,24648,53779,631053,454358,176695,2222,197317
4456,24248,54039,446222,321280,124942,2047,197317
4457,23613,54452,230981,166307,64675,1937,197317
4458,22784,54990,0,0,0,1900,197317
4459,21819,55617,0,0,0,1937,197317
4460,20784,56290,0,0,0,2047,197317
4461,19749,56963,0,0,0,2222,197317
4462,18784,57590,0,0,0,2450,197317
4463,17956,58129,0,0,0,2715,197317
4464,17285,58565,0,0,0,3000,171283
4465,16885,58825,0,0,0,3285,171283
4466,16749,58913,0,0,0,3550,171283
4467,16885,58825,0,0,0,3778,171283
4468,17285,58565,0,0,0,3953,171283
4469,17921,58152,0,0,0,4063,171283
4470,18749,57613,0,0,0,4100,171283
4471,19714,56986,230664,166078,64586,4063,171283
4472,20749,56313,445609,320838,124770,3953,171283
4473,21784,55640,630186,453734,176452,3778,171283
4474,22749,55013,771817,555708,216109,3550,171283
4475,23577,54475,860850,619812,241038,3285,171283
4476,24213,54061,891217,641676,249541,3000,171283
4477,24613,53802,860850,619812,241038,2715,171283
4478,24749,53713,771817,555708,216109,2450,171283
4479,24613,53802,630186,453734,176452,2222,171283
4480,24213,54061,445609,320838,124770,2047,171283
4481,23577,54475,230664,166078,64586,1937,171283
4482,22749,55013,0,0,0,1900,171283
4483,21784,55640,0,0,0,1937,171283
4484,20749,56313,0,0,0,2047,171283
4485,19714,56986,0,0,0,2222,171283
4486,18749,57613,0,0,0,2450,171283
4487,17921,58152,0,0,0,2715,171283
4488,17247,58589,0,0,0,3000,155052
4489,16848,58849,0,0,0,3285,155052
4490,16711,58938,0,0,0,3550,155052
4491,16848,58849,0,0,0,3778,155052
4492,17247,58589,0,0,0,3953,155052
4493,17883,58176,0,0,0,4063,155052
4494,18711,57638,0,0,0,4100,155052
4495,19676,57010,230323,165833,64490,4063,155052
4496,20711,56338,444950,320364,124586,3953,155052
4497,21747,55665,629255,453063,176191,3778,155052
4498,22711,55038,770676,554887,215789,3550,155052
4499,23540,54499,859578,618896,240682,3285,155052
4500,24176,54086,889900,640728,249172,3000,155052
4501,24575,53826,859578,618896,240682,2715,155052
4502,24711,53738,770676,554887,215789,2450,155052
4503,24575,53826,629255,453063,176191,2222,155052
4504,24176,54086,444950,320364,124586,2047,155052
4505,23540,54499,230323,165833,64490,1937,155052
4506,22711,55038,0,0,0,1900,155052
4507,21747,55665,0,0,0,1937,155052
4508,20711,56338,0,0,0,2047,155052
4509,19676,57010,0,0,0,2222,155052
4510,18711,57638,0,0,0,2450,155052
4511,17883,58176,0,0,0,2715,155052
4512,17207,58615,0,0,0,3000,160845
4513,16808,58875,0,0,0,3285,160845
4514,16671,58964,0,0,0,3550,160845
4515,16808,58875,0,0,0,3778,160845
4516,17207,58615,0,0,0,3953,160845
4517,17843,58202,0,0,0,4063,160845
4518,18671,57664,0,0,0,4100,160845
4519,19636,57037,229959,165570,64389,4063,160845
4520,20671,56364,444247,319858,124389,3953,160845
4521,21707,55691,628260,452347,175913,3778,160845
4522,22671,55064,769458,554010,215448,3550,160845
4523,23500,54525,858219,617917,240301,3285,160845
4524,24135,54112,888493,639715,248778,3000,160845
4525,24535,53852,858219,617917,240301,2715,160845
4526,24671,53764,769458,554010,215448,2450,160845
4527,24535,53852,628260,452347,175913,2222,160845
4528,24135,54112,444247,319858,124389,2047,160845
4529,23500,54525,229959,165570,64389,1937,160845
4530,22671,55064,0,0,0,1900,160845
4531,21707,55691,0,0,0,1937,160845
4532,20671,56364,0,0,0,2047,160845
4533,19636,57037,0,0,0,2222,160845
4534,18671,57664,0,0,0,2450,160845
4535,17843,58202,0,0,0,2715,160845
4536,17164,58643,0,0,0,3000,184300
4537,16765,58903,0,0,0,3285,184300
4538,16628,58992,0,0,0,3550,184300
4539,16765,58903,0,0,0,3778,184300
4540,17164,58643,0,0,0,3953,184300
4541,17800,58230,0,0,0,4063,184300
4542,18628,57692,0,0,0,4100,184300
4543,19593,57064,229571,165291,64280,4063,184300
4544,20628,56392,443498,319319,124179,3953,184300
4545,21664,55719,627201,451585,175616,3778,184300
4546,22628,55092,768161,553076,215085,3550,184300
4547,23457,54553,856772,616876,239896,3285,184300
4548,24093,54140,886996,638637,248359,3000,184300
4549,24492,53880,856772,616876,239896,2715,184300
4550,24628,53792,768161,553076,215085,2450,184300
4551,24492,53880,627201,451585,175616,2222,184300
4552,24093,54140,443498,319319,124179,2047,184300
4553,23457,54553,229571,165291,64280,1937,184300
4554,22628,55092,0,0,0,1900,184300
4555,21664,55719,0,0,0,1937,184300
4556,20628,56392,0,0,0,2047,184300
4557,19593,57064,0,0,0,2222,184300
4558,18628,57692,0,0,0,2450,184300
4559,17800,58230,0,0,0,2715,184300
4560,17119,58673,0,0,0,3000,207755
4561,16719,58932,0,0,0,3285,207755
4562,16583,59021,0,0,0,3550,207755
4563,16719,58932,0,0,0,3778,207755
4564,17119,58673,0,0,0,3953,207755
4565,17755,58259,0,0,0,4063,207755
4566,18583,57721,0,0,0,4100,207755
4567,19548,57094,229161,164996,64165,4063,207755
4568,20583,56421,442705,318747,123957,3953,207755
4569,21618,55748,626079,450777,175302,3778,207755
4570,22583,55121,766787,552087,214700,3550,207755
4571,23412,54582,855240,615773,239467,3285,207755
4572,24047,54169,885410,637495,247915,3000,207755
4573,24447,53910,855240,615773,239467,2715,207755
4574,24583,53821,766787,552087,214700,2450,207755
4575,24447,53910,626079,450777,175302,2222,207755
4576,24047,54169,442705,318747,123957,2047,207755
4577,23412,54582,229161,164996,64165,1937,207755
4578,22583,55121,0,0,0,1900,207755
4579,21618,55748,0,0,0,1937,207755
4580,20583,56421,0,0,0,2047,207755
4581,19548,57094,0,0,0,2222,207755
4582,18583,57721,0,0,0,2450,207755
4583,17755,58259,0,0,0,2715,207755
4584,17071,58704,0,0,0,3000,213548
4585,16672,58963,0,0,0,3285,213548
4586,16535,59052,0,0,0,3550,213548
4587,16672,58963,0,0,0,3778,213548
4588,17071,58704,0,0,0,3953,213548
4589,17707,58291,0,0,0,4063,213548
4590,18535,57752,0,0,0,4100,213548
4591,19500,57125,228727,164684,64044,4063,213548
4592,20535,56452,441867,318144,123723,3953,213548
4593,21571,55779,624894,449924,174970,3778,213548
4594,22535,55152,765336,551042,214294,3550,213548
4595,23364,54614,853621,614607,239014,3285,213548
4596,23999,54200,883734,636288,247445,3000,213548
4597,24399,53941,853621,614607,239014,2715,213548
4598,24535,53852,765336,551042,214294,2450,213548
4599,24399,53941,624894,449924,174970,2222,213548
4600,23999,54200,441867,318144,123723,2047,213548
4601,23364,54614,228727,164684,64044,1937,213548
4602,22535,55152,0,0,0,1900,213548
4603,21571,55779,0,0,0,1937,213548
4604,20535,56452,0,0,0,2047,213548
4605,19500,57125,0,0,0,2222,213548
4606,18535,57752,0,0,0,2450,213548
4607,17707,58291,0,0,0,2715,213548
4608,17021,58737,0,0,0,3000,197317
4609,16621,58996,0,0,0,3285,197317
4610,16485,59085,0,0,0,3550,197317
4611,16621,58996,0,0,0,3778,197317
4612,17021,58737,0,0,0,3953,197317
4613,17656,58323,0,0,0,4063,197317
4614,18485,57785,0,0,0,4100,197317
4615,19450,57158,228271,164355,63916,4063,197317
4616,20485,56485,440985,317509,123476,3953,197317
4617,21520,55812,623647,449026,174621,3778,197317
4618,22485,55185,763808,549942,213866,3550,197317
4619,23313,54646,851917,613381,238537,3285,197317
4620,23949,54233,881970,635018,246952,3000,197317
4621,24349,53973,851917,613381,238537,2715,197317
4622,24485,53885,763808,549942,213866,2450,197317
4623,24349,53973,623647,449026,174621,2222,197317
4624,23949,54233,440985,317509,123476,2047,197317
4625,23313,54646,228271,164355,63916,1937,197317
4626,22485,55185,0,0,0,1900,197317
4627,21520,55812,0,0,0,1937,197317
4628,20485,56485,0,0,0,2047,197317
4629,19450,57158,0,0,0,2222,197317
4630,18485,57785,0,0,0,2450,197317
4631,17656,58323,0,0,0,2715,197317
4632,16968,58771,0,0,0,3000,171283
4633,16568,59031,0,0,0,3285,171283
4634,16432,59119,0,0,0,3550,171283
4635,16568,59031,0,0,0,3778,171283
4636,16968,58771,0,0,0,3953,171283
4637,17604,58358,0,0,0,4063,171283
4638,18432,57819,0,0,0,4100,171283
4639,19397,57192,227791,164010,63782,4063,171283
4640,20432,56519,440059,316842,123216,3953,171283
4641,21467,55846,622337,448083,174254,3778,171283
4642,22432,55219,762204,548787,213417,3550,171283
4643,23260,54681,850128,612092,238036,3285,171283
4644,23896,54268,880118,633685,246433,3000,171283
4645,24296,54008,850128,612092,238036,2715,171283
4646,24432,53919,762204,548787,213417,2450,171283
4647,24296,54008,622337,448083,174254,2222,171283
4648,23896,54268,440059,316842,123216,2047,171283
4649,23260,54681,227791,164010,63782,1937,171283
4650,22432,55219,0,0,0,1900,171283
4651,21467,55846,0,0,0,1937,171283
4652,20432,56519,0,0,0,2047,171283
4653,19397,57192,0,0,0,2222,171283
4654,18432,57819,0,0,0,2450,171283
4655,17604,58358,0,0,0,2715,171283
4656,16912,58807,0,0,0,3000,155052
4657,16513,59067,0,0,0,3285,155052
4658,16377,59155,0,0,0,3550,155052
4659,16513,59067,0,0,0,3778,155052
4660,16912,58807,0,0,0,3953,155052
4661,17548,58394,0,0,0,4063,155052
4662,18377,57855,0,0,0,4100,155052
4663,19341,57228,227289,163648,63641,4063,155052
4664,20377,56555,439089,316144,122945,3953,155052
4665,21412,55882,620966,447095,173870,3778,155052
4666,22377,55255,760524,547578,212947,3550,155052
4667,23205,54717,848255,610743,237511,3285,155052
4668,23841,54304,878178,632288,245890,3000,155052
4669,24240,54044,848255,610743,237511,2715,155052
4670,24377,53955,760524,547578,212947,2450,155052
4671,24240,54044,620966,447095,173870,2222,155052
4672,23841,54304,439089,316144,122945,2047,155052
4673,23205,54717,227289,163648,63641,1937,155052
4674,22377,55255,0,0,0,1900,155052
4675,21412,55882,0,0,0,1937,155052
4676,20377,56555,0,0,0,2047,155052
4677,19341,57228,0,0,0,2222,155052
4678,18377,57855,0,0,0,2450,155052
4679,17548,58394,0,0,0,2715,155052
4680,16855,58845,0,0,0,3000,160845
4681,16455,59104,0,0,0,3285,160845
4682,16319,59193,0,0,0,3550,160845
4683,16455,59104,0,0,0,3778,160845
4684,16855,58845,0,0,0,3953,160845
4685,17490,58431,0,0,0,4063,160845
4686,18319,57893,0,0,0,4100,160845
4687,19283,57266,226765,163271,63494,4063,160845
4688,20319,56593,438076,315415,122661,3953,160845
4689,21354,55920,619533,446064,173469,3778,160845
4690,22319,55293,758770,546314,212455,3550,160845
4691,23147,54754,846297,609334,236963,3285,160845
4692,23783,54341,876152,630829,245322,3000,160845
4693,24182,54081,846297,609334,236963,2715,160845
4694,24319,53993,758770,546314,212455,2450,160845
4695,24182,54081,619533,446064,173469,2222,160845
4696,23783,54341,438076,315415,122661,2047,160845
4697,23147,54754,226765,163271,63494,1937,160845
4698,22319,55293,0,0,0,1900,160845
4699,21354,55920,0,0,0,1937,160845
4700,20319,56593,0,0,0,2047,160845
4701,19283,57266,0,0,0,2222,160845
4702,18319,57893,0,0,0,2450,160845
4703,17490,58431,0,0,0,2715,160845
4704,16794,58884,0,0,0,3000,184300
4705,16395,59144,0,0,0,3285,184300
4706,16258,59232,0,0,0,3550,184300
4707,16395,59144,0,0,0,3778,184300
4708,16794,58884,0,0,0,3953,184300
4709,17430,58471,0,0,0,4063,184300
4710,18258,57932,0,0,0,4100,184300
4711,19223,57305,226218,162877,63341,4063,184300
4712,20258,56632,437019,314654,122365,3953,184300
4713,21294,55959,618039,444988,173051,3778,184300
4714,22258,55332,756940,544997,211943,3550,184300
4715,23087,54794,844257,607865,236392,3285,184300
4716,23722,54380,874039,629308,244731,3000,184300
4717,24122,54121,844257,607865,236392,2715,184300
4718,24258,54032,756940,544997,211943,2450,184300
4719,24122,54121,618039,444988,173051,2222,184300
4720,23722,54380,437019,314654,122365,2047,184300
4721,23087,54794,226218,162877,63341,1937,184300
4722,22258,55332,0,0,0,1900,184300
4723,21294,55959,0,0,0,1937,184300
4724,20258,56632,0,0,0,2047,184300
4725,19223,57305,0,0,0,2222,184300
4726,18258,57932,0,0,0,2450,184300
4727,17430,58471,0,0,0,2715,184300
4728,16731,58925,0,0,0,3000,207755
4729,16332,59184,0,0,0,3285,207755
4730,16195,59273,0,0,0,3550,207755
4731,16332,59184,0,0,0,3778,207755
4732,16731,58925,0,0,0,3953,207755
4733,17367,58511,0,0,0,4063,207755
4734,18195,57973,0,0,0,4100,207755
4735,19160,57346,225649,162467,63182,4063,207755
4736,20195,56673,435920,313863,122058,3953,207755
4737,21231,56000,616484,443869,172616,3778,207755
4738,22195,55373,755036,543626,211410,3550,207755
4739,23024,54834,842133,606336,235797,3285,207755
4740,23660,54421,871840,627725,244115,3000,207755
4741,24059,54162,842133,606336,235797,2715,207755
4742,24195,54073,755036,543626,211410,2450,207755
4743,24059,54162,616484,443869,172616,2222,207755
4744,23660,54421,435920,313863,122058,2047,207755
4745,23024,54834,225649,162467,63182,1937,207755
4746,22195,55373,0,0,0,1900,207755
4747,21231,56000,0,0,0,1937,207755
4748,20195,56673,0,0,0,2047,207755
4749,19160,57346,0,0,0,2222,207755
4750,18195,57973,0,0,0,2450,207755
4751,17367,58511,0,0,0,2715,207755
4752,16666,58967,0,0,0,3000,213548
4753,16266,59227,0,0,0,3285,213548
4754,16130,59315,0,0,0,3550,213548
4755,16266,59227,0,0,0,3778,213548
4756,16666,58967,0,0,0,3953,213548
4757,17302,58554,0,0,0,4063,213548
4758,18130,58015,0,0,0,4100,213548
4759,19095,57388,225058,162042,63016,4063,213548
4760,20130,56715,434779,313041,121738,3953,213548
4761,21165,56042,614870,442706,172164,3778,213548
4762,22130,55415,753059,542202,210856,3550,213548
4763,22959,54877,839928,604748,235180,3285,213548
4764,23594,54464,869557,626081,243476,3000,213548
4765,23994,54204,839928,604748,235180,2715,213548
4766,24130,54115,753059,542202,210856,2450,213548
4767,23994,54204,614870,442706,172164,2222,213548
4768,23594,54464,434779,313041,121738,2047,213548
4769,22959,54877,225058,162042,63016,1937,213548
4770,22130,55415,0,0,0,1900,213548
4771,21165,56042,0,0,0,1937,213548
4772,20130,56715,0,0,0,2047,213548
4773,19095,57388,0,0,0,2222,213548
4774,18130,58015,0,0,0,2450,213548
4775,17302,58554,0,0,0,2715,213548
4776,16598,59011,0,0,0,3000,197317
4777,16199,59271,0,0,0,3285,197317
4778,16063,59359,0,0,0,3550,197317
4779,16199,59271,0,0,0,3778,197317
4780,16598,59011,0,0,0,3953,197317
4781,17234,58598,0,0,0,4063,197317
4782,18063,58059,0,0,0,4100,197317
4783,19027,57432,224445,161600,62845,4063,197317
4784,20063,56759,433595,312188,121407,3953,197317
4785,21098,56086,613195,441501,171695,3778,197317
4786,22063,55459,751008,540726,210282,3550,197317
4787,22891,54921,837641,603101,234539,3285,197317
4788,23527,54508,867189,624376,242813,3000,197317
4789,23926,54248,837641,603101,234539,2715,197317
4790,24063,54159,751008,540726,210282,2450,197317
4791,23926,54248,613195,441501,171695,2222,197317
4792,23527,54508,433595,312188,121407,2047,197317
4793,22891,54921,224445,161600,62845,1937,197317
4794,22063,55459,0,0,0,1900,197317
4795,21098,56086,0,0,0,1937,197317
4796,20063,56759,0,0,0,2047,197317
4797,19027,57432,0,0,0,2222,197317
4798,18063,58059,0,0,0,2450,197317
4799,17234,58598,0,0,0,2715,197317
4800,16528,59057,0,0,0,3000,171283
4801,16129,59316,0,0,0,3285,171283
4802,15993,59405,0,0,0,3550,171283
4803,16129,59316,0,0,0,3778,171283
4804,16528,59057,0,0,0,3953,171283
4805,17164,58643,0,0,0,4063,171283
4806,17993,58105,0,0,0,4100,171283
4807,18957,57478,223811,161144,62667,4063,171283
4808,19993,56805,432369,311306,121063,3953,171283
4809,21028,56132,611462,440253,171209,3778,171283
4810,21993,55505,748885,539197,209688,3550,171283
4811,22821,54966,835273,601396,233876,3285,171283
4812,23457,54553,864738,622611,242127,3000,171283
4813,23856,54293,835273,601396,233876,2715,171283
4814,23993,54205,748885,539197,209688,2450,171283
4815,23856,54293,611462,440253,171209,2222,171283
4816,23457,54553,432369,311306,121063,2047,171283
4817,22821,54966,223811,161144,62667,1937,171283
4818,21993,55505,0,0,0,1900,171283
4819,21028,56132,0,0,0,1937,171283
4820,19993,56805,0,0,0,2047,171283
4821,18957,57478,0,0,0,2222,171283
4822,17993,58105,0,0,0,2450,171283
4823,17164,58643,0,0,0,2715,171283
4824,16456,59104,0,0,0,3000,155052
4825,16056,59363,0,0,0,3285,155052
4826,15920,59452,0,0,0,3550,155052
4827,16056,59363,0,0,0,3778,155052
4828,16456,59104,0,0,0,3953,155052
4829,17092,58690,0,0,0,4063,155052
4830,17920,58152,0,0,0,4100,155052
4831,18885,57525,223155,160671,62483,4063,155052
4832,19920,56852,431102,310393,120709,3953,155052
4833,20955,56179,609670,438963,170708,3778,155052
4834,21920,55552,746690,537617,209073,3550,155052
4835,22749,55013,832825,599634,233191,3285,155052
4836,23384,54600,862204,620787,241417,3000,155052
4837,23784,54341,832825,599634,233191,2715,155052
4838,23920,54252,746690,537617,209073,2450,155052
4839,23784,54341,609670,438963,170708,2222,155052
4840,23384,54600,431102,310393,120709,2047,155052
4841,22749,55013,223155,160671,62483,1937,155052
4842,21920,55552,0,0,0,1900,155052
4843,20955,56179,0,0,0,1937,155052
4844,19920,56852,0,0,0,2047,155052
4845,18885,57525,0,0,0,2222,155052
4846,17920,58152,0,0,0,2450,155052
4847,17092,58690,0,0,0,2715,155052
4848,16381,59152,0,0,0,3000,160845
4849,15982,59412,0,0,0,3285,160845
4850,15845,59501,0,0,0,3550,160845
4851,15982,59412,0,0,0,3778,160845
4852,16381,59152,0,0,0,3953,160845
4853,17017,58739,0,0,0,4063,160845
4854,17845,58201,0,0,0,4100,160845
4855,18810,57573,222478,160184,62294,4063,160845
4856,19845,56901,429794,309451,120342,3953,160845
4857,20881,56228,607820,437631,170190,3778,160845
4858,21845,55601,744425,535986,208439,3550,160845
4859,22674,55062,830298,597814,232483,3285,160845
4860,23309,54649,859587,618903,240684,3000,160845
4861,23709,54389,830298,597814,232483,2715,160845
4862,23845,54301,744425,535986,208439,2450,160845
4863,23709,54389,607820,437631,170190,2222,160845
4864,23309,54649,429794,309451,120342,2047,160845
4865,22674,55062,222478,160184,62294,1937,160845
4866,21845,55601,0,0,0,1900,160845
4867,20881,56228,0,0,0,1937,160845
4868,19845,56901,0,0,0,2047,160845
4869,18810,57573,0,0,0,2222,160845
4870,17845,58201,0,0,0,2450,160845
4871,17017,58739,0,0,0,2715,160845
4872,16304,59202,0,0,0,3000,184300
4873,15905,59462,0,0,0,3285,184300
4874,15768,59551,0,0,0,3550,184300
4875,15905,59462,0,0,0,3778,184300
4876,16304,59202,0,0,0,3953,184300
4877,16940,58789,0,0,0,4063,184300
4878,17768,58251,0,0,0,4100,184300
4879,18733,57624,221779,159681,62098,4063,184300
4880,19768,56951,428445,308480,119965,3953,184300
4881,20804,56278,605913,436257,169656,3778,184300
4882,21768,55651,742088,534304,207785,3550,184300
4883,22597,55112,827692,595938,231754,3285,184300
4884,23232,54699,856890,616961,239929,3000,184300
4885,23632,54439,827692,595938,231754,2715,184300
4886,23768,54351,742088,534304,207785,2450,184300
4887,23632,54439,605913,436257,169656,2222,184300
4888,23232,54699,428445,308480,119965,2047,184300
4889,22597,55112,221779,159681,62098,1937,184300
4890,21768,55651,0,0,0,1900,184300
4891,20804,56278,0,0,0,1937,184300
4892,19768,56951,0,0,0,2047,184300
4893,18733,57624,0,0,0,2222,184300
4894,17768,58251,0,0,0,2450,184300
4895,16940,58789,0,0,0,2715,184300
4896,16225,59254,0,0,0,3000,207755
4897,15825,59514,0,0,0,3285,207755
4898,15689,59602,0,0,0,3550,207755
4899,15825,59514,0,0,0,3778,207755
4900,16225,59254,0,0,0,3953,207755
4901,16860,58841,0,0,0,4063,207755
4902,17689,58302,0,0,0,4100,207755
4903,18654,57675,221060,159163,61897,4063,207755
4904,19689,57002,427056,307480,119576,3953,207755
4905,20724,56329,603948,434843,169105,3778,207755
4906,21689,55702,739682,532571,207111,3550,207755
4907,22517,55164,825008,594006,231002,3285,207755
4908,23153,54751,854111,614960,239151,3000,207755
4909,23553,54491,825008,594006,231002,2715,207755
4910,23689,54402,739682,532571,207111,2450,207755
4911,23553,54491,603948,434843,169105,2222,207755
4912,23153,54751,427056,307480,119576,2047,207755
4913,22517,55164,221060,159163,61897,1937,207755
4914,21689,55702,0,0,0,1900,207755
4915,20724,56329,0,0,0,1937,207755
4916,19689,57002,0,0,0,2047,207755
4917,18654,57675,0,0,0,2222,207755
4918,17689,58302,0,0,0,2450,207755
4919,16860,58841,0,0,0,2715,207755
4920,16143,59307,0,0,0,3000,213548
4921,15744,59567,0,0,0,3285,213548
4922,15607,59655,0,0,0,3550,213548
4923,15744,59567,0,0,0,3778,213548
4924,16143,59307,0,0,0,3953,213548
4925,16779,58894,0,0,0,4063,213548
4926,17607,58355,0,0,0,4100,213548
4927,18572,57728,220321,158631,61690,4063,213548
4928,19607,57055,425627,306451,119175,3953,213548
4929,20643,56382,601927,433388,168540,3778,213548
4930,21607,55755,737207,530789,206418,3550,213548
4931,22436,55217,822248,592018,230229,3285,213548
4932,23071,54804,851253,612902,238351,3000,213548
4933,23471,54544,822248,592018,230229,2715,213548
4934,23607,54455,737207,530789,206418,2450,213548
4935,23471,54544,601927,433388,168540,2222,213548
4936,23071,54804,425627,306451,119175,2047,213548
4937,22436,55217,220321,158631,61690,1937,213548
4938,21607,55755,0,0,0,1900,213548
4939,20643,56382,0,0,0,1937,213548
4940,19607,57055,0,0,0,2047,213548
4941,18572,57728,0,0,0,2222,213548
4942,17607,58355,0,0,0,2450,213548
4943,16779,58894,0,0,0,2715,213548
4944,16059,59362,0,0,0,3000,197317
4945,15660,59621,0,0,0,3285,197317
4946,15523,59710,0,0,0,3550,197317
4947,15660,59621,0,0,0,3778,197317
4948,16059,59362,0,0,0,3953,197317
4949,16695,58948,0,0,0,4063,197317
4950,17523,58410,0,0,0,4100,197317
4951,18488,57783,219560,158084,61477,4063,197317
4952,19523,57110,424158,305394,118764,3953,197317
4953,20559,56437,599850,431892,167958,3778,197317
4954,21523,55810,734664,528958,205706,3550,197317
4955,22352,55271,819411,589976,229435,3285,197317
4956,22987,54858,848317,610788,237529,3000,197317
4957,23387,54598,819411,589976,229435,2715,197317
4958,23523,54510,734664,528958,205706,2450,197317
4959,23387,54598,599850,431892,167958,2222,197317
4960,22987,54858,424158,305394,118764,2047,197317
4961,22352,55271,219560,158084,61477,1937,197317
4962,21523,55810,0,0,0,1900,197317
4963,20559,56437,0,0,0,1937,197317
4964,19523,57110,0,0,0,2047,197317
4965,18488,57783,0,0,0,2222,197317
4966,17523,58410,0,0,0,2450,197317
4967,16695,58948,0,0,0,2715,197317
4968,15973,59417,0,0,0,3000,171283
4969,15573,59677,0,0,0,3285,171283
4970,15437,59766,0,0,0,3550,171283
4971,15573,59677,0,0,0,3778,171283
4972,15973,59417,0,0,0,3953,171283
4973,16609,59004,0,0,0,4063,171283
4974,17437,58466,0,0,0,4100,171283
4975,18402,57839,218780,157522,61258,4063,171283
4976,19437,57166,422651,304309,118342,3953,171283
4977,20472,56493,597718,430357,167361,3778,171283
4978,21437,55866,732053,527078,204975,3550,171283
4979,22266,55327,816499,587879,228620,3285,171283
4980,22901,54914,845302,608617,236684,3000,171283
4981,23301,54654,816499,587879,228620,2715,171283
4982,23437,54566,732053,527078,204975,2450,171283
4983,23301,54654,597718,430357,167361,2222,171283
4984,22901,54914,422651,304309,118342,2047,171283
4985,22266,55327,218780,157522,61258,1937,171283
4986,21437,55866,0,0,0,1900,171283
4987,20472,56493,0,0,0,1937,171283
4988,19437,57166,0,0,0,2047,171283
4989,18402,57839,0,0,0,2222,171283
4990,17437,58466,0,0,0,2450,171283
4991,16609,59004,0,0,0,2715,171283
4992,15885,59475,0,0,0,3000,155052
4993,15485,59735,0,0,0,3285,155052
4994,15349,59823,0,0,0,3550,155052
4995,15485,59735,0,0,0,3778,155052
4996,15885,59475,0,0,0,3953,155052
4997,16520,59062,0,0,0,4063,155052
4998,17349,58523,0,0,0,4100,155052
4999,18314,57896,217980,156945,61034,4063,155052
5000,19349,57223,421105,303195,117909,3953,155052
5001,20384,56550,595532,428783,166749,3778,155052
5002,21349,55923,729375,525150,204225,3550,155052
5003,22177,55385,813512,585729,227783,3285,155052
5004,22813,54972,842209,606391,235819,3000,155052
5005,23213,54712,813512,585729,227783,2715,155052
5006,23349,54623,729375,525150,204225,2450,155052
5007,23213,54712,595532,428783,166749,2222,155052
5008,22813,54972,421105,303195,117909,2047,155052
5009,22177,55385,217980,156945,61034,1937,155052
5010,21349,55923,0,0,0,1900,155052
5011,20384,56550,0,0,0,1937,155052
5012,19349,57223,0,0,0,2047,155052
5013,18314,57896,0,0,0,2222,155052
5014,17349,58523,0,0,0,2450,155052
5015,16520,59062,0,0,0,2715,155052
5016,15794,59534,0,0,0,3000,160845
5017,15395,59793,0,0,0,3285,160845
5018,15258,59882,0,0,0,3550,160845
5019,15395,59793,0,0,0,3778,160845
5020,15794,59534,0,0,0,3953,160845
5021,16430,59121,0,0,0,4063,160845
5022,17258,58582,0,0,0,4100,160845
5023,18223,57955,217160,156355,60805,4063,160845
5024,19258,57282,419521,302055,117466,3953,160845
5025,20294,56609,593292,427170,166122,3778,160845
5026,21258,55982,726631,523174,203457,3550,160845
5027,22087,55444,810452,583525,226926,3285,160845
5028,22722,55030,839041,604110,234932,3000,160845
5029,23122,54771,810452,583525,226926,2715,160845
5030,23258,54682,726631,523174,203457,2450,160845
5031,23122,54771,593292,427170,166122,2222,160845
5032,22722,55030,419521,302055,117466,2047,160845
5033,22087,55444,217160,156355,60805,1937,160845
5034,21258,55982,0,0,0,1900,160845
5035,20294,56609,0,0,0,1937,160845
5036,19258,57282,0,0,0,2047,160845
5037,18223,57955,0,0,0,2222,160845
5038,17258,58582,0,0,0,2450,160845
5039,16430,59121,0,0,0,2715,160845
5040,15702,59594,0,0,0,3000,184300
5041,15302,59854,0,0,0,3285,184300
5042,15166,59942,0,0,0,3550,184300
5043,15302,59854,0,0,0,3778,184300
5044,15702,59594,0,0,0,3953,184300
5045,16337,59181,0,0,0,4063,184300
5046,17166,58642,0,0,0,4100,184300
5047,18130,58015,216320,155751,60570,4063,184300
5048,19166,57342,417899,300887,117012,3953,184300
5049,20201,56669,590998,425519,165479,3778,184300
5050,21166,56042,723822,521152,202670,3550,184300
5051,21994,55504,807318,581269,226049,3285,184300
5052,22630,55091,835798,601774,234023,3000,184300
5053,23029,54831,807318,581269,226049,2715,184300
5054,23166,54742,723822,521152,202670,2450,184300
5055,23029,54831,590998,425519,165479,2222,184300
5056,22630,55091,417899,300887,117012,2047,184300
5057,21994,55504,216320,155751,60570,1937,184300
5058,21166,56042,0,0,0,1900,184300
5059,20201,56669,0,0,0,1937,184300
5060,19166,57342,0,0,0,2047,184300
5061,18130,58015,0,0,0,2222,184300
5062,17166,58642,0,0,0,2450,184300
5063,16337,59181,0,0,0,2715,184300
5064,15607,59656,0,0,0,3000,207755
5065,15207,59915,0,0,0,3285,207755
5066,15071,60004,0,0,0,3550,207755
5067,15207,59915,0,0,0,3778,207755
5068,15607,59656,0,0,0,3953,207755
5069,16242,59242,0,0,0,4063,207755
5070,17071,58704,0,0,0,4100,207755
5071,18036,58077,215462,155132,60329,4063,207755
5072,19071,57404,416240,299693,116547,3953,207755
5073,20106,56731,588652,423829,164823,3778,207755
5074,21071,56104,720949,519083,201866,3550,207755
5075,21899,55565,804114,578962,225152,3285,207755
5076,22535,55152,832480,599385,233094,3000,207755
5077,22935,54893,804114,578962,225152,2715,207755
5078,23071,54804,720949,519083,201866,2450,207755
5079,22935,54893,588652,423829,164823,2222,207755
5080,22535,55152,416240,299693,116547,2047,207755
5081,21899,55565,215462,155132,60329,1937,207755
5082,21071,56104,0,0,0,1900,207755
5083,20106,56731,0,0,0,1937,207755
5084,19071,57404,0,0,0,2047,207755
5085,18036,58077,0,0,0,2222,207755
5086,17071,58704,0,0,0,2450,207755
5087,16242,59242,0,0,0,2715,207755
5088,15510,59719,0,0,0,3000,213548
5089,15110,59978,0,0,0,3285,213548
5090,14974,60067,0,0,0,3550,213548
5091,15110,59978,0,0,0,3778,213548
5092,15510,59719,0,0,0,3953,213548
5093,16146,59305,0,0,0,4063,213548
5094,16974,58767,0,0,0,4100,213548
5095,17939,58140,214584,154500,60083,4063,213548
5096,18974,57467,414544,298472,116072,3953,213548
5097,20009,56794,586254,422103,164151,3778,213548
5098,20974,56167,718012,516968,201043,3550,213548
5099,21802,55628,800838,576603,224235,3285,213548
5100,22438,55215,829088,596944,232145,3000,213548
5101,22838,54956,800838,576603,224235,2715,213548
5102,22974,54867,718012,516968,201043,2450,213548
5103,22838,54956,586254,422103,164151,2222,213548
5104,22438,55215,414544,298472,116072,2047,213548
5105,21802,55628,214584,154500,60083,1937,213548
5106,20974,56167,0,0,0,1900,213548
5107,20009,56794,0,0,0,1937,213548
5108,18974,57467,0,0,0,2047,213548
5109,17939,58140,0,0,0,2222,213548
5110,16974,58767,0,0,0,2450,213548
5111,16146,59305,0,0,0,2715,213548
5112,15411,59783,0,0,0,3000,197317
5113,15011,60043,0,0,0,3285,197317
5114,14875,60131,0,0,0,3550,197317
5115,15011,60043,0,0,0,3778,197317
5116,15411,59783,0,0,0,3953,197317
5117,16047,59370,0,0,0,4063,197317
5118,16875,58831,0,0,0,4100,197317
5119,17840,58204,213687,153855,59832,4063,197317
5120,18875,57531,412812,297225,115587,3953,197317
5121,19910,56858,583805,420340,163465,3778,197317
5122,20875,56231,715012,514809,200203,3550,197317
5123,21703,55693,797492,574195,223298,3285,197317
5124,22339,55280,825625,594450,231175,3000,197317
5125,22739,55020,797492,574195,223298,2715,197317
5126,22875,54931,715012,514809,200203,2450,197317
5127,22739,55020,583805,420340,163465,2222,197317
5128,22339,55280,412812,297225,115587,2047,197317
5129,21703,55693,213687,153855,59832,1937,197317
5130,20875,56231,0,0,0,1900,197317
5131,19910,56858,0,0,0,1937,197317
5132,18875,57531,0,0,0,2047,197317
5133,17840,58204,0,0,0,2222,197317
5134,16875,58831,0,0,0,2450,197317
5135,16047,59370,0,0,0,2715,197317
5136,15310,59849,0,0,0,3000,171283
5137,14910,60108,0,0,0,3285,171283
5138,14774,60197,0,0,0,3550,171283
5139,14910,60108,0,0,0,3778,171283
5140,15310,59849,0,0,0,3953,171283
5141,15946,59435,0,0,0,4063,171283
5142,16774,58897,0,0,0,4100,171283
5143,17739,58270,212773,153196,59576,4063,171283
5144,18774,57597,411045,295952,115093,3953,171283
5145,19809,56924,581305,418540,162766,3778,171283
5146,20774,56297,711951,512605,199346,3550,171283
5147,21602,55758,794078,571736,222342,3285,171283
5148,22238,55345,822090,591905,230185,3000,171283
5149,22638,55085,794078,571736,222342,2715,171283
5150,22774,54997,711951,512605,199346,2450,171283
5151,22638,55085,581305,418540,162766,2222,171283
5152,22238,55345,411045,295952,115093,2047,171283
5153,21602,55758,212773,153196,59576,1937,171283
5154,20774,56297,0,0,0,1900,171283
5155,19809,56924,0,0,0,1937,171283
5156,18774,57597,0,0,0,2047,171283
5157,17739,58270,0,0,0,2222,171283
5158,16774,58897,0,0,0,2450,171283
5159,15946,59435,0,0,0,2715,171283
5160,15207,59916,0,0,0,3000,155052
5161,14807,60175,0,0,0,3285,155052
5162,14671,60264,0,0,0,3550,155052
5163,14807,60175,0,0,0,3778,155052
5164,15207,59916,0,0,0,3953,155052
5165,15843,59502,0,0,0,4063,155052
5166,16671,58964,0,0,0,4100,155052
5167,17636,58337,211839,152524,59315,4063,155052
5168,18671,57664,409242,294655,114588,3953,155052
5169,19706,56991,578756,416704,162052,3778,155052
5170,20671,56364,708829,510357,198472,3550,155052
5171,21499,55825,790596,569229,221367,3285,155052
5172,22135,55412,818485,589309,229176,3000,155052
5173,22535,55152,790596,569229,221367,2715,155052
5174,22671,55064,708829,510357,198472,2450,155052
5175,22535,55152,578756,416704,162052,2222,155052
5176,22135,55412,409242,294655,114588,2047,155052
5177,21499,55825,211839,152524,59315,1937,155052
5178,20671,56364,0,0,0,1900,155052
5179,19706,56991,0,0,0,1937,155052
5180,18671,57664,0,0,0,2047,155052
5181,17636,58337,0,0,0,2222,155052
5182,16671,58964,0,0,0,2450,155052
5183,15843,59502,0,0,0,2715,155052
5184,15102,59984,0,0,0,3000,160845
5185,14702,60243,0,0,0,3285,160845
5186,14566,60332,0,0,0,3550,160845
5187,14702,60243,0,0,0,3778,160845
5188,15102,59984,0,0,0,3953,160845
5189,15738,59571,0,0,0,4063,160845
5190,16566,59032,0,0,0,4100,160845
5191,17531,58405,210889,151840,59049,4063,160845
5192,18566,57732,407405,293332,114073,3953,160845
5193,19601,57059,576158,414834,161324,3778,160845
5194,20566,56432,705647,508066,197581,3550,160845
5195,21394,55894,787047,566674,220373,3285,160845
5196,22030,55480,814811,586664,228147,3000,160845
5197,22430,55221,787047,566674,220373,2715,160845
5198,22566,55132,705647,508066,197581,2450,160845
5199,22430,55221,576158,414834,161324,2222,160845
5200,22030,55480,407405,293332,114073,2047,160845
5201,21394,55894,210889,151840,59049,1937,160845
5202,20566,56432,0,0,0,1900,160845
5203,19601,57059,0,0,0,1937,160845
5204,18566,57732,0,0,0,2047,160845
5205,17531,58405,0,0,0,2222,160845
5206,16566,59032,0,0,0,2450,160845
5207,15738,59571,0,0,0,2715,160845
5208,14995,60053,0,0,0,3000,184300
5209,14595,60313,0,0,0,3285,184300
5210,14459,60402,0,0,0,3550,184300
5211,14595,60313,0,0,0,3778,184300
5212,14995,60053,0,0,0,3953,184300
5213,15631,59640,0,0,0,4063,184300
5214,16459,59102,0,0,0,4100,184300
5215,17424,58475,209920,151142,58778,4063,184300
5216,18459,57802,405534,291985,113550,3953,184300
5217,19494,57129,573512,412929,160583,3778,184300
5218,20459,56502,702406,505732,196674,3550,184300
5219,21288,55963,783432,564071,219361,3285,184300
5220,21923,55550,811068,583969,227099,3000,184300
5221,22323,55290,783432,564071,219361,2715,184300
5222,22459,55202,702406,505732,196674,2450,184300
5223,22323,55290,573512,412929,160583,2222,184300
5224,21923,55550,405534,291985,113550,2047,184300
5225,21288,55963,209920,151142,58778,1937,184300
5226,20459,56502,0,0,0,1900,184300
5227,19494,57129,0,0,0,1937,184300
5228,18459,57802,0,0,0,2047,184300
5229,17424,58475,0,0,0,2222,184300
5230,16459,59102,0,0,0,2450,184300
5231,15631,59640,0,0,0,2715,184300
5232,14886,60124,0,0,0,3000,207755
5233,14487,60384,0,0,0,3285,207755
5234,14350,60472,0,0,0,3550,207755
5235,14487,60384,0,0,0,3778,207755
5236,14886,60124,0,0,0,3953,207755
5237,15522,59711,0,0,0,4063,207755
5238,16350,59172,0,0,0,4100,207755
5239,17315,58545,208934,150432,58502,4063,207755
5240,18350,57872,403629,290613,113016,3953,207755
5241,19386,57199,570818,410989,159829,3778,207755
5242,20350,56572,699107,503357,195750,3550,207755
5243,21179,56034,779752,561422,218331,3285,207755
5244,21814,55621,807259,581226,226032,3000,207755
5245,22214,55361,779752,561422,218331,2715,207755
5246,22350,55272,699107,503357,195750,2450,207755
5247,22214,55361,570818,410989,159829,2222,207755
5248,21814,55621,403629,290613,113016,2047,207755
5249,21179,56034,208934,150432,58502,1937,207755
5250,20350,56572,0,0,0,1900,207755
5251,19386,57199,0,0,0,1937,207755
5252,18350,57872,0,0,0,2047,207755
5253,17315,58545,0,0,0,2222,207755
5254,16350,59172,0,0,0,2450,207755
5255,15522,59711,0,0,0,2715,207755
5256,14775,60196,0,0,0,3000,213548
5257,14376,60456,0,0,0,3285,213548
5258,14240,60544,0,0,0,3550,213548
5259,14376,60456,0,0,0,3778,213548
5260,14775,60196,0,0,0,3953,213548
5261,15411,59783,0,0,0,4063,213548
5262,16240,59244,0,0,0,4100,213548
5263,17204,58617,207931,149710,58221,4063,213548
5264,18240,57944,401692,289218,112474,3953,213548
5265,19275,57271,568078,409016,159062,3778,213548
5266,20240,56644,695751,500940,194810,3550,213548
5267,21068,56106,776009,558726,217283,3285,213548
5268,21704,55693,803384,578436,224947,3000,213548
5269,22103,55433,776009,558726,217283,2715,213548
5270,22240,55344,695751,500940,194810,2450,213548
5271,22103,55433,568078,409016,159062,2222,213548
5272,21704,55693,401692,289218,112474,2047,213548
5273,21068,56106,207931,149710,58221,1937,213548
5274,20240,56644,0,0,0,1900,213548
5275,19275,57271,0,0,0,1937,213548
5276,18240,57944,0,0,0,2047,213548
5277,17204,58617,0,0,0,2222,213548
5278,16240,59244,0,0,0,2450,213548
5279,15411,59783,0,0,0,2715,213548
5280,14663,60269,0,0,0,3000,197317
5281,14263,60529,0,0,0,3285,197317
5282,14127,60617,0,0,0,3550,197317
5283,14263,60529,0,0,0,3778,197317
5284,14663,60269,0,0,0,3953,197317
5285,15299,59856,0,0,0,4063,197317
5286,16127,59317,0,0,0,4100,197317
5287,17092,58690,206911,148976,57935,4063,197317
5288,18127,58017,399722,287800,111922,3953,197317
5289,19162,57345,565292,407010,158282,3778,197317
5290,20127,56717,692338,498484,193855,3550,197317
5291,20955,56179,772203,555986,216217,3285,197317
5292,21591,55766,799444,575599,223844,3000,197317
5293,21991,55506,772203,555986,216217,2715,197317
5294,22127,55417,692338,498484,193855,2450,197317
5295,21991,55506,565292,407010,158282,2222,197317
5296,21591,55766,399722,287800,111922,2047,197317
5297,20955,56179,206911,148976,57935,1937,197317
5298,20127,56717,0,0,0,1900,197317
5299,19162,57345,0,0,0,1937,197317
5300,18127,58017,0,0,0,2047,197317
5301,17092,58690,0,0,0,2222,197317
5302,16127,59317,0,0,0,2450,197317
5303,15299,59856,0,0,0,2715,197317
5304,14548,60343,0,0,0,3000,171283
5305,14149,60603,0,0,0,3285,171283
5306,14013,60692,0,0,0,3550,171283
5307,14149,60603,0,0,0,3778,171283
5308,14548,60343,0,0,0,3953,171283
5309,15184,59930,0,0,0,4063,171283
5310,16013,59392,0,0,0,4100,171283
5311,16977,58765,205875,148230,57645,4063,171283
5312,18013,58092,397720,286358,111362,3953,171283
5313,19048,57419,562461,404972,157489,3778,171283
5314,20013,56792,688871,495987,192884,3550,171283
5315,20841,56253,768336,553202,215134,3285,171283
5316,21477,55840,795440,572717,222723,3000,171283
5317,21876,55580,768336,553202,215134,2715,171283
5318,22013,55492,688871,495987,192884,2450,171283
5319,21876,55580,562461,404972,157489,2222,171283
5320,21477,55840,397720,286358,111362,2047,171283
5321,20841,56253,205875,148230,57645,1937,171283
5322,20013,56792,0,0,0,1900,171283
5323,19048,57419,0,0,0,1937,171283
5324,18013,58092,0,0,0,2047,171283
5325,16977,58765,0,0,0,2222,171283
5326,16013,59392,0,0,0,2450,171283
5327,15184,59930,0,0,0,2715,171283
5328,14432,60419,0,0,0,3000,155052
5329,14033,60679,0,0,0,3285,155052
5330,13896,60767,0,0,0,3550,155052
5331,14033,60679,0,0,0,3778,155052
5332,14432,60419,0,0,0,3953,155052
5333,15068,60006,0,0,0,4063,155052
5334,15896,59467,0,0,0,4100,155052
5335,16861,58840,204823,147472,57350,4063,155052
5336,17896,58167,395687,284895,110792,3953,155052
5337,18932,57494,559586,402902,156684,3778,155052
5338,19896,56867,685350,493452,191898,3550,155052
5339,20725,56329,764409,550374,214034,3285,155052
5340,21361,55916,791374,569789,221585,3000,155052
5341,21760,55656,764409,550374,214034,2715,155052
5342,21896,55567,685350,493452,191898,2450,155052
5343,21760,55656,559586,402902,156684,2222,155052
5344,21361,55916,395687,284895,110792,2047,155052
5345,20725,56329,204823,147472,57350,1937,155052
5346,19896,56867,0,0,0,1900,155052
5347,18932,57494,0,0,0,1937,155052
5348,17896,58167,0,0,0,2047,155052
5349,16861,58840,0,0,0,2222,155052
5350,15896,59467,0,0,0,2450,155052
5351,15068,60006,0,0,0,2715,155052
5352,14314,60496,0,0,0,3000,160845
5353,13915,60755,0,0,0,3285,160845
5354,13778,60844,0,0,0,3550,160845
5355,13915,60755,0,0,0,3778,160845
5356,14314,60496,0,0,0,3953,160845
5357,14950,60082,0,0,0,4063,160845
5358,15778,59544,0,0,0,4100,160845
5359,16743,58917,203755,146703,57051,4063,160845
5360,17778,58244,393624,283409,110215,3953,160845
5361,18814,57571,556668,400801,155867,3778,160845
5362,19778,56944,681776,490879,190897,3550,160845
5363,20607,56406,760422,547504,212918,3285,160845
5364,21243,55992,787247,566818,220429,3000,160845
5365,21642,55733,760422,547504,212918,2715,160845
5366,21778,55644,681776,490879,190897,2450,160845
5367,21642,55733,556668,400801,155867,2222,160845
5368,21243,55992,393624,283409,110215,2047,160845
5369,20607,56406,203755,146703,57051,1937,160845
5370,19778,56944,0,0,0,1900,160845
5371,18814,57571,0,0,0,1937,160845
5372,17778,58244,0,0,0,2047,160845
5373,16743,58917,0,0,0,2222,160845
5374,15778,59544,0,0,0,2450,160845
5375,14950,60082,0,0,0,2715,160845
5376,14195,60573,0,0,0,3000,184300
5377,13795,60833,0,0,0,3285,184300
5378,13659,60922,0,0,0,3550,184300
5379,13795,60833,0,0,0,3778,184300
5380,14195,60573,0,0,0,3953,184300
5381,14830,60160,0,0,0,4063,184300
5382,15659,59622,0,0,0,4100,184300
5383,16624,58995,202671,145923,56748,4063,184300
5384,17659,58322,391530,281902,109628,3953,184300
5385,18694,57649,553707,398669,155038,3778,184300
5386,19659,57022,678150,488268,189882,3550,184300
5387,20487,56483,756378,544592,211786,3285,184300
5388,21123,56070,783060,563803,219257,3000,184300
5389,21523,55810,756378,544592,211786,2715,184300
5390,21659,55722,678150,488268,189882,2450,184300
5391,21523,55810,553707,398669,155038,2222,184300
5392,21123,56070,391530,281902,109628,2047,184300
5393,20487,56483,202671,145923,56748,1937,184300
5394,19659,57022,0,0,0,1900,184300
5395,18694,57649,0,0,0,1937,184300
5396,17659,58322,0,0,0,2047,184300
5397,16624,58995,0,0,0,2222,184300
5398,15659,59622,0,0,0,2450,184300
5399,14830,60160,0,0,0,2715,184300
5400,14073,60652,0,0,0,3000,207755
5401,13674,60912,0,0,0,3285,207755
5402,13538,61001,0,0,0,3550,207755
5403,13674,60912,0,0,0,3778,207755
5404,14073,60652,0,0,0,3953,207755
5405,14709,60239,0,0,0,4063,207755
5406,15538,59701,0,0,0,4100,207755
5407,16502,59074,201572,145132,56440,4063,207755
5408,17538,58401,389407,280373,109034,3953,207755
5409,18573,57728,550705,396508,154197,3778,207755
5410,19538,57101,674473,485621,188853,3550,207755
5411,20366,56562,752277,541640,210638,3285,207755
5412,21002,56149,778815,560747,218068,3000,207755
5413,21401,55889,752277,541640,210638,2715,207755
5414,21538,55801,674473,485621,188853,2450,207755
5415,21401,55889,550705,396508,154197,2222,207755
5416,21002,56149,389407,280373,109034,2047,207755
5417,20366,56562,201572,145132,56440,1937,207755
5418,19538,57101,0,0,0,1900,207755
5419,18573,57728,0,0,0,1937,207755
5420,17538,58401,0,0,0,2047,207755
5421,16502,59074,0,0,0,2222,207755
5422,15538,59701,0,0,0,2450,207755
5423,14709,60239,0,0,0,2715,207755
5424,13951,60732,0,0,0,3000,213548
5425,13551,60992,0,0,0,3285,213548
5426,13415,61080,0,0,0,3550,213548
5427,13551,60992,0,0,0,3778,213548
5428,13951,60732,0,0,0,3953,213548
5429,14586,60319,0,0,0,4063,213548
5430,15415,59780,0,0,0,4100,213548
5431,16379,59153,200458,144330,56128,4063,213548
5432,17415,58480,387256,278824,108432,3953,213548
5433,18450,57808,547662,394317,153345,3778,213548
5434,19415,57180,670747,482938,187809,3550,213548
5435,20243,56642,748121,538647,209474,3285,213548
5436,20879,56229,774512,557648,216863,3000,213548
5437,21278,55969,748121,538647,209474,2715,213548
5438,21415,55880,670747,482938,187809,2450,213548
5439,21278,55969,547662,394317,153345,2222,213548
5440,20879,56229,387256,278824,108432,2047,213548
5441,20243,56642,200458,144330,56128,1937,213548
5442,19415,57180,0,0,0,1900,213548
5443,18450,57808,0,0,0,1937,213548
5444,17415,58480,0,0,0,2047,213548
5445,16379,59153,0,0,0,2222,213548
5446,15415,59780,0,0,0,2450,213548
5447,14586,60319,0,0,0,2715,213548
5448,13826,60813,0,0,0,3000,197317
5449,13426,61073,0,0,0,3285,197317
5450,13290,61161,0,0,0,3550,197317
5451,13426,61073,0,0,0,3778,197317
5452,13826,60813,0,0,0,3953,197317
5453,14462,60400,0,0,0,4063,197317
5454,15290,59861,0,0,0,4100,197317
5455,16255,59234,199330,143518,55812,4063,197317
5456,17290,58561,385076,277255,107821,3953,197317
5457,18325,57889,544580,392098,152482,3778,197317
5458,19290,57261,666972,480219,186752,3550,197317
5459,20118,56723,743910,535615,208295,3285,197317
5460,20754,56310,770152,554510,215643,3000,197317
5461,21154,56050,743910,535615,208295,2715,197317
5462,21290,55961,666972,480219,186752,2450,197317
5463,21154,56050,544580,392098,152482,2222,197317
5464,20754,56310,385076,277255,107821,2047,197317
5465,20118,56723,199330,143518,55812,1937,197317
5466,19290,57261,0,0,0,1900,197317
5467,18325,57889,0,0,0,1937,197317
5468,17290,58561,0,0,0,2047,197317
5469,16255,59234,0,0,0,2222,197317
5470,15290,59861,0,0,0,2450,197317
5471,14462,60400,0,0,0,2715,197317
5472,13700,60895,0,0,0,3000,171283
5473,13300,61155,0,0,0,3285,171283
5474,13164,61243,0,0,0,3550,171283
5475,13300,61155,0,0,0,3778,171283
5476,13700,60895,0,0,0,3953,171283
5477,14336,60482,0,0,0,4063,171283
5478,15164,59943,0,0,0,4100,171283
5479,16129,59316,198188,142695,55493,4063,171283
5480,17164,58643,382869,275666,107203,3953,171283
5481,18199,57971,541459,389850,151608,3778,171283
5482,19164,57343,663149,477467,185682,3550,171283
5483,19992,56805,739646,532545,207101,3285,171283
5484,20628,56392,765738,551332,214407,3000,171283
5485,21028,56132,739646,532545,207101,2715,171283
5486,21164,56043,663149,477467,185682,2450,171283
5487,21028,56132,541459,389850,151608,2222,171283
5488,20628,56392,382869,275666,107203,2047,171283
5489,19992,56805,198188,142695,55493,1937,171283
5490,19164,57343,0,0,0,1900,171283
5491,18199,57971,0,0,0,1937,171283
5492,17164,58643,0,0,0,2047,171283
5493,16129,59316,0,0,0,2222,171283
5494,15164,59943,0,0,0,2450,171283
5495,14336,60482,0,0,0,2715,171283
5496,13572,60978,0,0,0,3000,155052
5497,13173,61238,0,0,0,3285,155052
5498,13036,61326,0,0,0,3550,155052
5499,13173,61238,0,0,0,3778,155052
5500,13572,60978,0,0,0,3953,155052
5501,14208,60565,0,0,0,4063,155052
5502,15036,60026,0,0,0,4100,155052
5503,16001,59399,197031,141863,55169,4063,155052
5504,17036,58726,380635,274057,106578,3953,155052
5505,18072,58053,538300,387576,150724,3778,155052
5506,19036,57426,659280,474681,184598,3550,155052
5507,19865,56888,735331,529438,205893,3285,155052
5508,20500,56475,761271,548115,213156,3000,155052
5509,20900,56215,735331,529438,205893,2715,155052
5510,21036,56126,659280,474681,184598,2450,155052
5511,20900,56215,538300,387576,150724,2222,155052
5512,20500,56475,380635,274057,106578,2047,155052
5513,19865,56888,197031,141863,55169,1937,155052
5514,19036,57426,0,0,0,1900,155052
5515,18072,58053,0,0,0,1937,155052
5516,17036,58726,0,0,0,2047,155052
5517,16001,59399,0,0,0,2222,155052
5518,15036,60026,0,0,0,2450,155052
5519,14208,60565,0,0,0,2715,155052
5520,13443,61062,0,0,0,3000,160845
5521,13043,61322,0,0,0,3285,160845
5522,12907,61410,0,0,0,3550,160845
5523,13043,61322,0,0,0,3778,160845
5524,13443,61062,0,0,0,3953,160845
5525,14079,60649,0,0,0,4063,160845
5526,14907,60110,0,0,0,4100,160845
5527,15872,59483,195862,141020,54841,4063,160845
5528,16907,58810,378375,272430,105945,3953,160845
5529,17942,58137,535104,385275,149829,3778,160845
5530,18907,57510,655365,471863,183502,3550,160845
5531,19736,56972,730965,526295,204670,3285,160845
5532,20371,56559,756751,544861,211890,3000,160845
5533,20771,56299,730965,526295,204670,2715,160845
5534,20907,56210,655365,471863,183502,2450,160845
5535,20771,56299,535104,385275,149829,2222,160845
5536,20371,56559,378375,272430,105945,2047,160845
5537,19736,56972,195862,141020,54841,1937,160845
5538,18907,57510,0,0,0,1900,160845
5539,17942,58137,0,0,0,1937,160845
5540,16907,58810,0,0,0,2047,160845
5541,15872,59483,0,0,0,2222,160845
5542,14907,60110,0,0,0,2450,160845
5543,14079,60649,0,0,0,2715,160845
5544,13312,61147,0,0,0,3000,184300
5545,12913,61407,0,0,0,3285,184300
5546,12777,61495,0,0,0,3550,184300
5547,12913,61407,0,0,0,3778,184300
5548,13312,61147,0,0,0,3953,184300
5549,13948,60734,0,0,0,4063,184300
5550,14777,60195,0,0,0,4100,184300
5551,15741,59568,194679,140169,54510,4063,184300
5552,16777,58895,376090,270785,105305,3953,184300
5553,17812,58222,531872,382948,148924,3778,184300
5554,18777,57595,651407,469013,182394,3550,184300
5555,19605,57057,726550,523116,203434,3285,184300
5556,20241,56644,752180,541570,210610,3000,184300
5557,20640,56384,726550,523116,203434,2715,184300
5558,20777,56295,651407,469013,182394,2450,184300
5559,20640,56384,531872,382948,148924,2222,184300
5560,20241,56644,376090,270785,105305,2047,184300
5561,19605,57057,194679,140169,54510,1937,184300
5562,18777,57595,0,0,0,1900,184300
5563,17812,58222,0,0,0,1937,184300
5564,16777,58895,0,0,0,2047,184300
5565,15741,59568,0,0,0,2222,184300
5566,14777,60195,0,0,0,2450,184300
5567,13948,60734,0,0,0,2715,184300
5568,13180,61233,0,0,0,3000,207755
5569,12781,61492,0,0,0,3285,207755
5570,12645,61581,0,0,0,3550,207755
5571,12781,61492,0,0,0,3778,207755
5572,13180,61233,0,0,0,3953,207755
5573,13816,60820,0,0,0,4063,207755
5574,14645,60281,0,0,0,4100,207755
5575,15609,59654,193483,139308,54175,4063,207755
5576,16645,58981,373780,269121,104658,3953,207755
5577,17680,58308,528605,380595,148009,3778,207755
5578,18645,57681,647406,466132,181274,3550,207755
5579,19473,57143,722087,519903,202184,3285,207755
5580,20109,56729,747560,538243,209317,3000,207755
5581,20508,56470,722087,519903,202184,2715,207755
5582,20645,56381,647406,466132,181274,2450,207755
5583,20508,56470,528605,380595,148009,2222,207755
5584,20109,56729,373780,269121,104658,2047,207755
5585,19473,57143,193483,139308,54175,1937,207755
5586,18645,57681,0,0,0,1900,207755
5587,17680,58308,0,0,0,1937,207755
5588,16645,58981,0,0,0,2047,207755
5589,15609,59654,0,0,0,2222,207755
5590,14645,60281,0,0,0,2450,207755
5591,13816,60820,0,0,0,2715,207755
5592,13047,61319,0,0,0,3000,213548
5593,12647,61579,0,0,0,3285,213548
5594,12511,61668,0,0,0,3550,213548
5595,12647,61579,0,0,0,3778,213548
5596,13047,61319,0,0,0,3953,213548
5597,13683,60906,0,0,0,4063,213548
5598,14511,60368,0,0,0,4100,213548
5599,15476,59741,192274,138438,53837,4063,213548
5600,16511,59068,371446,267441,104005,3953,213548
5601,17546,58395,525303,378218,147085,3778,213548
5602,18511,57768,643363,463221,180142,3550,213548
5603,19340,57229,717578,516656,200922,3285,213548
5604,19975,56816,742891,534882,208010,3000,213548
5605,20375,56556,717578,516656,200922,2715,213548
5606,20511,56468,643363,463221,180142,2450,213548
5607,20375,56556,525303,378218,147085,2222,213548
5608,19975,56816,371446,267441,104005,2047,213548
5609,19340,57229,192274,138438,53837,1937,213548
5610,18511,57768,0,0,0,1900,213548
5611,17546,58395,0,0,0,1937,213548
5612,16511,59068,0,0,0,2047,213548
5613,15476,59741,0,0,0,2222,213548
5614,14511,60368,0,0,0,2450,213548
5615,13683,60906,0,0,0,2715,213548
5616,12912,61407,0,0,0,3000,197317
5617,12513,61667,0,0,0,3285,197317
5618,12376,61755,0,0,0,3550,197317
5619,12513,61667,0,0,0,3778,197317
5620,12912,61407,0,0,0,3953,197317
5621,13548,60994,0,0,0,4063,197317
5622,14376,60455,0,0,0,4100,197317
5623,15341,59828,191054,137559,53495,4063,197317
5624,16376,59155,369088,265743,103345,3953,197317
5625,17412,58482,521969,375818,146151,3778,197317
5626,18376,57855,639279,460281,178998,3550,197317
5627,19205,57317,713023,513377,199646,3285,197317
5628,19841,56904,738176,531487,206689,3000,197317
5629,20240,56644,713023,513377,199646,2715,197317
5630,20376,56555,639279,460281,178998,2450,197317
5631,20240,56644,521969,375818,146151,2222,197317
5632,19841,56904,369088,265743,103345,2047,197317
5633,19205,57317,191054,137559,53495,1937,197317
5634,18376,57855,0,0,0,1900,197317
5635,17412,58482,0,0,0,1937,197317
5636,16376,59155,0,0,0,2047,197317
5637,15341,59828,0,0,0,2222,197317
5638,14376,60455,0,0,0,2450,197317
5639,13548,60994,0,0,0,2715,197317
5640,12776,61495,0,0,0,3000,171283
5641,12377,61755,0,0,0,3285,171283
5642,12240,61844,0,0,0,3550,171283
5643,12377,61755,0,0,0,3778,171283
5644,12776,61495,0,0,0,3953,171283
5645,13412,61082,0,0,0,4063,171283
5646,14240,60544,0,0,0,4100,171283
5647,15205,59917,189822,136672,53150,4063,171283
5648,16240,59244,366708,264029,102678,3953,171283
5649,17276,58571,518603,373394,145209,3778,171283
5650,18240,57944,635156,457312,177844,3550,171283
5651,19069,57405,708425,510066,198359,3285,171283
5652,19705,56992,733415,528059,205356,3000,171283
5653,20104,56732,708425,510066,198359,2715,171283
5654,20240,56644,635156,457312,177844,2450,171283
5655,20104,56732,518603,373394,145209,2222,171283
5656,19705,56992,366708,264029,102678,2047,171283
5657,19069,57405,189822,136672,53150,1937,171283
5658,18240,57944,0,0,0,1900,171283
5659,17276,58571,0,0,0,1937,171283
5660,16240,59244,0,0,0,2047,171283
5661,15205,59917,0,0,0,2222,171283
5662,14240,60544,0,0,0,2450,171283
5663,13412,61082,0,0,0,2715,171283
5664,12639,61585,0,0,0,3000,155052
5665,12239,61844,0,0,0,3285,155052
5666,12103,61933,0,0,0,3550,155052
5667,12239,61844,0,0,0,3778,155052
5668,12639,61585,0,0,0,3953,155052
5669,13275,61171,0,0,0,4063,155052
5670,14103,60633,0,0,0,4100,155052
5671,15068,60006,188578,135776,52802,4063,155052
5672,16103,59333,364305,262300,102005,3953,155052
5673,17138,58660,515206,370948,144258,3778,155052
5674,18103,58033,630995,454317,176679,3550,155052
5675,18932,57494,703784,506724,197059,3285,155052
5676,19567,57081,728611,524600,204011,3000,155052
5677,19967,56822,703784,506724,197059,2715,155052
5678,20103,56733,630995,454317,176679,2450,155052
5679,19967,56822,515206,370948,144258,2222,155052
5680,19567,57081,364305,262300,102005,2047,155052
5681,18932,57494,188578,135776,52802,1937,155052
5682,18103,58033,0,0,0,1900,155052
5683,17138,58660,0,0,0,1937,155052
5684,16103,59333,0,0,0,2047,155052
5685,15068,60006,0,0,0,2222,155052
5686,14103,60633,0,0,0,2450,155052
5687,13275,61171,0,0,0,2715,155052
5688,12501,61675,0,0,0,3000,160845
5689,12101,61934,0,0,0,3285,160845
5690,11965,62023,0,0,0,3550,160845
5691,12101,61934,0,0,0,3778,160845
5692,12501,61675,0,0,0,3953,160845
5693,13136,61261,0,0,0,4063,160845
5694,13965,60723,0,0,0,4100,160845
5695,14929,60096,187324,134873,52451,4063,160845
5696,15965,59423,361882,260555,101327,3953,160845
5697,17000,58750,511778,368480,143298,3778,160845
5698,17965,58123,626798,451294,175503,3550,160845
5699,18793,57584,699102,503353,195748,3285,160845
5700,19429,57171,723763,521110,202654,3000,160845
5701,19828,56912,699102,503353,195748,2715,160845
5702,19965,56823,626798,451294,175503,2450,160845
5703,19828,56912,511778,368480,143298,2222,160845
5704,19429,57171,361882,260555,101327,2047,160845
5705,18793,57584,187324,134873,52451,1937,160845
5706,17965,58123,0,0,0,1900,160845
5707,17000,58750,0,0,0,1937,160845
5708,15965,59423,0,0,0,2047,160845
5709,14929,60096,0,0,0,2222,160845
5710,13965,60723,0,0,0,2450,160845
5711,13136,61261,0,0,0,2715,160845
5712,12361,61765,0,0,0,3000,184300
5713,11961,62025,0,0,0,3285,184300
5714,11825,62114,0,0,0,3550,184300
5715,11961,62025,0,0,0,3778,184300
5716,12361,61765,0,0,0,3953,184300
5717,12997,61352,0,0,0,4063,184300
5718,13825,60814,0,0,0,4100,184300
5719,14790,60187,186059,133962,52096,4063,184300
5720,15825,59514,359438,258795,100643,3953,184300
5721,16860,58841,508321,365991,142330,3778,184300
5722,17825,58214,622564,448246,174318,3550,184300
5723,18653,57675,694380,499954,194426,3285,184300
5724,19289,57262,718875,517590,201285,3000,184300
5725,19689,57002,694380,499954,194426,2715,184300
5726,19825,56914,622564,448246,174318,2450,184300
5727,19689,57002,508321,365991,142330,2222,184300
5728,19289,57262,359438,258795,100643,2047,184300
5729,18653,57675,186059,133962,52096,1937,184300
5730,17825,58214,0,0,0,1900,184300
5731,16860,58841,0,0,0,1937,184300
5732,15825,59514,0,0,0,2047,184300
5733,14790,60187,0,0,0,2222,184300
5734,13825,60814,0,0,0,2450,184300
5735,12997,61352,0,0,0,2715,184300
5736,12220,61857,0,0,0,3000,207755
5737,11821,62117,0,0,0,3285,207755
5738,11684,62205,0,0,0,3550,207755
5739,11821,62117,0,0,0,3778,207755
5740,12220,61857,0,0,0,3953,207755
5741,12856,61444,0,0,0,4063,207755
5742,13684,60905,0,0,0,4100,207755
5743,14649,60278,184783,133044,51739,4063,207755
5744,15684,59605,356974,257021,99953,3953,207755
5745,16719,58932,504837,363483,141354,3778,207755
5746,17684,58305,618296,445173,173123,3550,207755
5747,18513,57767,689620,496526,193094,3285,207755
5748,19148,57354,713947,514042,199905,3000,207755
5749,19548,57094,689620,496526,193094,2715,207755
5750,19684,57005,618296,445173,173123,2450,207755
5751,19548,57094,504837,363483,141354,2222,207755
5752,19148,57354,356974,257021,99953,2047,207755
5753,18513,57767,184783,133044,51739,1937,207755
5754,17684,58305,0,0,0,1900,207755
5755,16719,58932,0,0,0,1937,207755
5756,15684,59605,0,0,0,2047,207755
5757,14649,60278,0,0,0,2222,207755
5758,13684,60905,0,0,0,2450,207755
5759,12856,61444,0,0,0,2715,207755
5760,12078,61949,0,0,0,3000,213548
5761,11679,62209,0,0,0,3285,213548
5762,11542,62297,0,0,0,3550,213548
5763,11679,62209,0,0,0,3778,213548
5764,12078,61949,0,0,0,3953,213548
5765,12714,61536,0,0,0,4063,213548
5766,13542,60997,0,0,0,4100,213548
5767,14507,60370,183498,132118,51379,4063,213548
5768,15542,59697,354490,255233,99257,3953,213548
5769,16578,59025,501325,360954,140371,3778,213548
5770,17542,58397,613996,442077,171919,3550,213548
5771,18371,57859,684823,493073,191750,3285,213548
5772,19006,57446,708981,510466,198515,3000,213548
5773,19406,57186,684823,493073,191750,2715,213548
5774,19542,57097,613996,442077,171919,2450,213548
5775,19406,57186,501325,360954,140371,2222,213548
5776,19006,57446,354490,255233,99257,2047,213548
5777,18371,57859,183498,132118,51379,1937,213548
5778,17542,58397,0,0,0,1900,213548
5779,16578,59025,0,0,0,1937,213548
5780,15542,59697,0,0,0,2047,213548
5781,14507,60370,0,0,0,2222,213548
5782,13542,60997,0,0,0,2450,213548
5783,12714,61536,0,0,0,2715,213548
5784,11935,62042,0,0,0,3000,197317
5785,11536,62302,0,0,0,3285,197317
5786,11399,62390,0,0,0,3550,197317
5787,11536,62302,0,0,0,3778,197317
5788,11935,62042,0,0,0,3953,197317
5789,12571,61629,0,0,0,4063,197317
5790,13399,61090,0,0,0,4100,197317
5791,14364,60463,182203,131186,51017,4063,197317
5792,15399,59790,351989,253432,98557,3953,197317
5793,16435,59117,497788,358407,139381,3778,197317
5794,17399,58490,609663,438957,170706,3550,197317
5795,18228,57952,679991,489593,190397,3285,197317
5796,18863,57539,703978,506864,197114,3000,197317
5797,19263,57279,679991,489593,190397,2715,197317
5798,19399,57190,609663,438957,170706,2450,197317
5799,19263,57279,497788,358407,139381,2222,197317
5800,18863,57539,351989,253432,98557,2047,197317
5801,18228,57952,182203,131186,51017,1937,197317
5802,17399,58490,0,0,0,1900,197317
5803,16435,59117,0,0,0,1937,197317
5804,15399,59790,0,0,0,2047,197317
5805,14364,60463,0,0,0,2222,197317
5806,13399,61090,0,0,0,2450,197317
5807,12571,61629,0,0,0,2715,197317
5808,11791,62136,0,0,0,3000,171283
5809,11392,62395,0,0,0,3285,171283
5810,11255,62484,0,0,0,3550,171283
5811,11392,62395,0,0,0,3778,171283
5812,11791,62136,0,0,0,3953,171283
5813,12427,61722,0,0,0,4063,171283
5814,13255,61184,0,0,0,4100,171283
5815,14220,60557,180899,130247,50652,4063,171283
5816,15255,59884,349470,251618,97852,3953,171283
5817,16291,59211,494225,355842,138383,3778,171283
5818,17255,58584,605300,435816,169484,3550,171283
5819,18084,58045,675124,486089,189035,3285,171283
5820,18720,57632,698940,503237,195703,3000,171283
5821,19119,57373,675124,486089,189035,2715,171283
5822,19255,57284,605300,435816,169484,2450,171283
5823,19119,57373,494225,355842,138383,2222,171283
5824,18720,57632,349470,251618,97852,2047,171283
5825,18084,58045,180899,130247,50652,1937,171283
5826,17255,58584,0,0,0,1900,171283
5827,16291,59211,0,0,0,1937,171283
5828,15255,59884,0,0,0,2047,171283
5829,14220,60557,0,0,0,2222,171283
5830,13255,61184,0,0,0,2450,171283
5831,12427,61722,0,0,0,2715,171283
5832,11646,62230,0,0,0,3000,155052
5833,11247,62490,0,0,0,3285,155052
5834,11111,62578,0,0,0,3550,155052
5835,11247,62490,0,0,0,3778,155052
5836,11646,62230,0,0,0,3953,155052
5837,12282,61817,0,0,0,4063,155052
5838,13111,61278,0,0,0,4100,155052
5839,14075,60651,179586,129302,50284,4063,155052
5840,15111,59978,346934,249792,97142,3953,155052
5841,16146,59305,490639,353260,137379,3778,155052
5842,17111,58678,600907,432653,168254,3550,155052
5843,17939,58140,670225,482562,187663,3285,155052
5844,18575,57727,693868,499585,194283,3000,155052
5845,18974,57467,670225,482562,187663,2715,155052
5846,19111,57378,600907,432653,168254,2450,155052
5847,18974,57467,490639,353260,137379,2222,155052
5848,18575,57727,346934,249792,97142,2047,155052
5849,17939,58140,179586,129302,50284,1937,155052
5850,17111,58678,0,0,0,1900,155052
5851,16146,59305,0,0,0,1937,155052
5852,15111,59978,0,0,0,2047,155052
5853,14075,60651,0,0,0,2222,155052
5854,13111,61278,0,0,0,2450,155052
5855,12282,61817,0,0,0,2715,155052
5856,11501,62325,0,0,0,3000,160845
5857,11101,62584,0,0,0,3285,160845
5858,10965,62673,0,0,0,3550,160845
5859,11101,62584,0,0,0,3778,160845
5860,11501,62325,0,0,0,3953,160845
5861,12136,61911,0,0,0,4063,160845
5862,12965,61373,0,0,0,4100,160845
5863,13929,60746,178265,128351,49914,4063,160845
5864,14965,60073,344382,247955,96427,3953,160845
5865,16000,59400,487029,350661,136368,3778,160845
5866,16965,58773,596487,429471,167016,3550,160845
5867,17793,58234,665295,479012,186282,3285,160845
5868,18429,57821,688764,495910,192854,3000,160845
5869,18828,57562,665295,479012,186282,2715,160845
5870,18965,57473,596487,429471,167016,2450,160845
5871,18828,57562,487029,350661,136368,2222,160845
5872,18429,57821,344382,247955,96427,2047,160845
5873,17793,58234,178265,128351,49914,1937,160845
5874,16965,58773,0,0,0,1900,160845
5875,16000,59400,0,0,0,1937,160845
5876,14965,60073,0,0,0,2047,160845
5877,13929,60746,0,0,0,2222,160845
5878,12965,61373,0,0,0,2450,160845
5879,12136,61911,0,0,0,2715,160845
5880,11354,62420,0,0,0,3000,184300
5881,10954,62680,0,0,0,3285,184300
5882,10818,62768,0,0,0,3550,184300
5883,10954,62680,0,0,0,3778,184300
5884,11354,62420,0,0,0,3953,184300
5885,11990,62007,0,0,0,4063,184300
5886,12818,61468,0,0,0,4100,184300
5887,13783,60841,176936,127394,49542,4063,184300
5888,14818,60168,341814,246106,95708,3953,184300
5889,15853,59495,483399,348047,135352,3778,184300
5890,16818,58868,592040,426269,165771,3550,184300
5891,17646,58330,660335,475441,184894,3285,184300
5892,18282,57917,683629,492213,191416,3000,184300
5893,18682,57657,660335,475441,184894,2715,184300
5894,18818,57568,592040,426269,165771,2450,184300
5895,18682,57657,483399,348047,135352,2222,184300
5896,18282,57917,341814,246106,95708,2047,184300
5897,17646,58330,176936,127394,49542,1937,184300
5898,16818,58868,0,0,0,1900,184300
5899,15853,59495,0,0,0,1937,184300
5900,14818,60168,0,0,0,2047,184300
5901,13783,60841,0,0,0,2222,184300
5902,12818,61468,0,0,0,2450,184300
5903,11990,62007,0,0,0,2715,184300
5904,11206,62516,0,0,0,3000,207755
5905,10807,62776,0,0,0,3285,207755
5906,10670,62864,0,0,0,3550,207755
5907,10807,62776,0,0,0,3778,207755
5908,11206,62516,0,0,0,3953,207755
5909,11842,62103,0,0,0,4063,207755
5910,12670,61564,0,0,0,4100,207755
5911,13635,60937,175600,126432,49168,4063,207755
5912,14670,60264,339232,244247,94985,3953,207755
5913,15706,59591,479747,345418,134329,3778,207755
5914,16670,58964,587568,423049,164519,3550,207755
5915,17499,58426,655346,471849,183497,3285,207755
5916,18135,58013,678465,488494,189970,3000,207755
5917,18534,57753,655346,471849,183497,2715,207755
5918,18670,57664,587568,423049,164519,2450,207755
5919,18534,57753,479747,345418,134329,2222,207755
5920,18135,58013,339232,244247,94985,2047,207755
5921,17499,58426,175600,126432,49168,1937,207755
5922,16670,58964,0,0,0,1900,207755
5923,15706,59591,0,0,0,1937,207755
5924,14670,60264,0,0,0,2047,207755
5925,13635,60937,0,0,0,2222,207755
5926,12670,61564,0,0,0,2450,207755
5927,11842,62103,0,0,0,2715,207755
5928,11058,62612,0,0,0,3000,213548
5929,10658,62872,0,0,0,3285,213548
5930,10522,62961,0,0,0,3550,213548
5931,10658,62872,0,0,0,3778,213548
5932,11058,62612,0,0,0,3953,213548
5933,11694,62199,0,0,0,4063,213548
5934,12522,61661,0,0,0,4100,213548
5935,13487,61034,174256,125464,48792,4063,213548
5936,14522,60361,336636,242378,94258,3953,213548
5937,15557,59688,476076,342774,133301,3778,213548
5938,16522,59061,583071,419811,163260,3550,213548
5939,17351,58522,650331,468239,182093,3285,213548
5940,17986,58109,673273,484756,188516,3000,213548
5941,18386,57849,650331,468239,182093,2715,213548
5942,18522,57761,583071,419811,163260,2450,213548
5943,18386,57849,476076,342774,133301,2222,213548
5944,17986,58109,336636,242378,94258,2047,213548
5945,17351,58522,174256,125464,48792,1937,213548
5946,16522,59061,0,0,0,1900,213548
5947,15557,59688,0,0,0,1937,213548
5948,14522,60361,0,0,0,2047,213548
5949,13487,61034,0,0,0,2222,213548
5950,12522,61661,0,0,0,2450,213548
5951,11694,62199,0,0,0,2715,213548
5952,10909,62709,0,0,0,3000,197317
5953,10509,62969,0,0,0,3285,197317
5954,10373,63058,0,0,0,3550,197317
5955,10509,62969,0,0,0,3778,197317
5956,10909,62709,0,0,0,3953,197317
5957,11545,62296,0,0,0,4063,197317
5958,12373,61758,0,0,0,4100,197317
5959,13338,61130,172905,124492,48413,4063,197317
5960,14373,60458,334027,240500,93528,3953,197317
5961,15408,59785,472386,340118,132268,3778,197317
5962,16373,59158,578552,416558,161995,3550,197317
5963,17201,58619,645291,464610,180682,3285,197317
5964,17837,58206,668055,480999,187055,3000,197317
5965,18237,57946,645291,464610,180682,2715,197317
5966,18373,57858,578552,416558,161995,2450,197317
5967,18237,57946,472386,340118,132268,2222,197317
5968,17837,58206,334027,240500,93528,2047,197317
5969,17201,58619,172905,124492,48413,1937,197317
5970,16373,59158,0,0,0,1900,197317
5971,15408,59785,0,0,0,1937,197317
5972,14373,60458,0,0,0,2047,197317
5973,13338,61130,0,0,0,2222,197317
5974,12373,61758,0,0,0,2450,197317
5975,11545,62296,0,0,0,2715,197317
5976,10759,62807,0,0,0,3000,171283
5977,10359,63066,0,0,0,3285,171283
5978,10223,63155,0,0,0,3550,171283
5979,10359,63066,0,0,0,3778,171283
5980,10759,62807,0,0,0,3953,171283
5981,11395,62393,0,0,0,4063,171283
5982,12223,61855,0,0,0,4100,171283
5983,13188,61228,171548,123515,48034,4063,171283
5984,14223,60555,331406,238612,92794,3953,171283
5985,15258,59882,468679,337449,131230,3778,171283
5986,16223,59255,574012,413289,160723,3550,171283
5987,17052,58716,640227,460964,179264,3285,171283
5988,17687,58303,662812,477225,185587,3000,171283
5989,18087,58044,640227,460964,179264,2715,171283
5990,18223,57955,574012,413289,160723,2450,171283
5991,18087,58044,468679,337449,131230,2222,171283
5992,17687,58303,331406,238612,92794,2047,171283
5993,17052,58716,171548,123515,48034,1937,171283
5994,16223,59255,0,0,0,1900,171283
5995,15258,59882,0,0,0,1937,171283
5996,14223,60555,0,0,0,2047,171283
5997,13188,61228,0,0,0,2222,171283
5998,12223,61855,0,0,0,2450,171283
5999,11395,62393,0,0,0,2715,171283
6000,10609,62904,0,0,0,3000,155052
6001,10209,63164,0,0,0,3285,155052
6002,10073,63253,0,0,0,3550,155052
6003,10209,63164,0,0,0,3778,155052
6004,10609,62904,0,0,0,3953,155052
6005,11244,62491,0,0,0,4063,155052
6006,12073,61953,0,0,0,4100,155052
6007,13037,61326,170186,122534,47652,4063,155052
6008,14073,60653,328773,236717,92056,3953,155052
6009,15108,59980,464955,334768,130188,3778,155052
6010,16073,59353,569452,410005,159447,3550,155052
6011,16901,58814,635141,457301,177839,3285,155052
6012,17537,58401,657546,473433,184113,3000,155052
6013,17936,58141,635141,457301,177839,2715,155052
6014,18073,58053,569452,410005,159447,2450,155052
6015,17936,58141,464955,334768,130188,2222,155052
6016,17537,58401,328773,236717,92056,2047,155052
6017,16901,58814,170186,122534,47652,1937,155052
6018,16073,59353,0,0,0,1900,155052
6019,15108,59980,0,0,0,1937,155052
6020,14073,60653,0,0,0,2047,155052
6021,13037,61326,0,0,0,2222,155052
6022,12073,61953,0,0,0,2450,155052
6023,11244,62491,0,0,0,2715,155052
6024,10458,63003,0,0,0,3000,160845
6025,10058,63262,0,0,0,3285,160845
6026,9922,63351,0,0,0,3550,160845
6027,10058,63262,0,0,0,3778,160845
6028,10458,63003,0,0,0,3953,160845
6029,11093,62589,0,0,0,4063,160845
6030,11922,62051,0,0,0,4100,160845
6031,12886,61424,168817,121548,47269,4063,160845
6032,13922,60751,326130,234813,91316,3953,160845
6033,14957,60078,461217,332076,129141,3778,160845
6034,15922,59451,564873,406709,158164,3550,160845
6035,16750,58912,630034,453624,176409,3285,160845
6036,17386,58499,652259,469627,182633,3000,160845
6037,17785,58239,630034,453624,176409,2715,160845
6038,17922,58151,564873,406709,158164,2450,160845
6039,17785,58239,461217,332076,129141,2222,160845
6040,17386,58499,326130,234813,91316,2047,160845
6041,16750,58912,168817,121548,47269,1937,160845
6042,15922,59451,0,0,0,1900,160845
6043,14957,60078,0,0,0,1937,160845
6044,13922,60751,0,0,0,2047,160845
6045,12886,61424,0,0,0,2222,160845
6046,11922,62051,0,0,0,2450,160845
6047,11093,62589,0,0,0,2715,160845
6048,10306,63101,0,0,0,3000,184300
6049,9906,63361,0,0,0,3285,184300
6050,9770,63449,0,0,0,3550,184300
6051,9906,63361,0,0,0,3778,184300
6052,10306,63101,0,0,0,3953,184300
6053,10942,62688,0,0,0,4063,184300
6054,11770,62149,0,0,0,4100,184300
6055,12735,61522,167443,120559,46884,4063,184300
6056,13770,60849,323476,232903,90573,3953,184300
6057,14805,60177,457464,329374,128090,3778,184300
6058,15770,59549,560277,403399,156878,3550,184300
6059,16598,59011,624908,449933,174974,3285,184300
6060,17234,58598,646952,465805,181147,3000,184300
6061,17634,58338,624908,449933,174974,2715,184300
6062,17770,58249,560277,403399,156878,2450,184300
6063,17634,58338,457464,329374,128090,2222,184300
6064,17234,58598,323476,232903,90573,2047,184300
6065,16598,59011,167443,120559,46884,1937,184300
6066,15770,59549,0,0,0,1900,184300
6067,14805,60177,0,0,0,1937,184300
6068,13770,60849,0,0,0,2047,184300
6069,12735,61522,0,0,0,2222,184300
6070,11770,62149,0,0,0,2450,184300
6071,10942,62688,0,0,0,2715,184300
6072,10154,63200,0,0,0,3000,207755
6073,9754,63460,0,0,0,3285,207755
6074,9618,63548,0,0,0,3550,207755
6075,9754,63460,0,0,0,3778,207755
6076,10154,63200,0,0,0,3953,207755
6077,10789,62787,0,0,0,4063,207755
6078,11618,62248,0,0,0,4100,207755
6079,12583,61621,166065,119567,46498,4063,207755
6080,13618,60948,320813,230986,89828,3953,207755
6081,14653,60275,453698,326663,127036,3778,207755
6082,15618,59648,555665,400079,155586,3550,207755
6083,16446,59110,619764,446230,173534,3285,207755
6084,17082,58697,641626,461971,179655,3000,207755
6085,17482,58437,619764,446230,173534,2715,207755
6086,17618,58348,555665,400079,155586,2450,207755
6087,17482,58437,453698,326663,127036,2222,207755
6088,17082,58697,320813,230986,89828,2047,207755
6089,16446,59110,166065,119567,46498,1937,207755
6090,15618,59648,0,0,0,1900,207755
6091,14653,60275,0,0,0,1937,207755
6092,13618,60948,0,0,0,2047,207755
6093,12583,61621,0,0,0,2222,207755
6094,11618,62248,0,0,0,2450,207755
6095,10789,62787,0,0,0,2715,207755
6096,10001,63299,0,0,0,3000,213548
6097,9602,63559,0,0,0,3285,213548
6098,9465,63648,0,0,0,3550,213548
6099,9602,63559,0,0,0,3778,213548
6100,10001,63299,0,0,0,3953,213548
6101,10637,62886,0,0,0,4063,213548
6102,11465,62348,0,0,0,4100,213548
6103,12430,61721,164682,118571,46111,4063,213548
6104,13465,61048,318142,229062,89080,3953,213548
6105,14501,60375,449921,323943,125978,3778,213548
6106,15465,59748,551038,396748,154291,3550,213548
6107,16294,59209,614603,442514,172089,3285,213548
6108,16929,58796,636284,458125,178160,3000,213548
6109,17329,58536,614603,442514,172089,2715,213548
6110,17465,58448,551038,396748,154291,2450,213548
6111,17329,58536,449921,323943,125978,2222,213548
6112,16929,58796,318142,229062,89080,2047,213548
6113,16294,59209,164682,118571,46111,1937,213548
6114,15465,59748,0,0,0,1900,213548
6115,14501,60375,0,0,0,1937,213548
6116,13465,61048,0,0,0,2047,213548
6117,12430,61721,0,0,0,2222,213548
6118,11465,62348,0,0,0,2450,213548
6119,10637,62886,0,0,0,2715,213548
6120,9848,63399,0,0,0,3000,197317
6121,9448,63658,0,0,0,3285,197317
6122,9312,63747,0,0,0,3550,197317
6123,9448,63658,0,0,0,3778,197317
6124,9848,63399,0,0,0,3953,197317
6125,10484,62986,0,0,0,4063,197317
6126,11312,62447,0,0,0,4100,197317
6127,12277,61820,163296,117573,45723,4063,197317
6128,13312,61147,315463,227134,88330,3953,197317
6129,14347,60474,446133,321215,124917,3778,197317
6130,15312,59847,546399,393407,152992,3550,197317
6131,16141,59309,609428,438788,170640,3285,197317
6132,16776,58895,630927,454267,176659,3000,197317
6133,17176,58636,609428,438788,170640,2715,197317
6134,17312,58547,546399,393407,152992,2450,197317
6135,17176,58636,446133,321215,124917,2222,197317
6136,16776,58895,315463,227134,88330,2047,197317
6137,16141,59309,163296,117573,45723,1937,197317
6138,15312,59847,0,0,0,1900,197317
6139,14347,60474,0,0,0,1937,197317
6140,13312,61147,0,0,0,2047,197317
6141,12277,61820,0,0,0,2222,197317
6142,11312,62447,0,0,0,2450,197317
6143,10484,62986,0,0,0,2715,197317
6144,9695,63498,0,0,0,3000,171283
6145,9295,63758,0,0,0,3285,171283
6146,9159,63847,0,0,0,3550,171283
6147,9295,63758,0,0,0,3778,171283
6148,9695,63498,0,0,0,3953,171283
6149,10330,63085,0,0,0,4063,171283
6150,11159,62547,0,0,0,4100,171283
6151,12123,61920,161906,116572,45334,4063,171283
6152,13159,61247,312778,225200,87578,3953,171283
6153,14194,60574,442335,318481,123854,3778,171283
6154,15159,59947,541747,390058,151689,3550,171283
6155,15987,59408,604240,435053,169187,3285,171283
6156,16623,58995,625556,450400,175156,3000,171283
6157,17022,58735,604240,435053,169187,2715,171283
6158,17159,58647,541747,390058,151689,2450,171283
6159,17022,58735,442335,318481,123854,2222,171283
6160,16623,58995,312778,225200,87578,2047,171283
6161,15987,59408,161906,116572,45334,1937,171283
6162,15159,59947,0,0,0,1900,171283
6163,14194,60574,0,0,0,1937,171283
6164,13159,61247,0,0,0,2047,171283
6165,12123,61920,0,0,0,2222,171283
6166,11159,62547,0,0,0,2450,171283
6167,10330,63085,0,0,0,2715,171283
6168,9541,63598,0,0,0,3000,155052
6169,9141,63858,0,0,0,3285,155052
6170,9005,63947,0,0,0,3550,155052
6171,9141,63858,0,0,0,3778,155052
6172,9541,63598,0,0,0,3953,155052
6173,10177,63185,0,0,0,4063,155052
6174,11005,62647,0,0,0,4100,155052
6175,11970,62020,160512,115569,44943,4063,155052
6176,13005,61347,310086,223262,86824,3953,155052
6177,14040,60674,438528,315740,122788,3778,155052
6178,15005,60047,537085,386701,150384,3550,155052
6179,15833,59508,599041,431309,167731,3285,155052
6180,16469,59095,620173,446524,173648,3000,155052
6181,16869,58835,599041,431309,167731,2715,155052
6182,17005,58747,537085,386701,150384,2450,155052
6183,16869,58835,438528,315740,122788,2222,155052
6184,16469,59095,310086,223262,86824,2047,155052
6185,15833,59508,160512,115569,44943,1937,155052
6186,15005,60047,0,0,0,1900,155052
6187,14040,60674,0,0,0,1937,155052
6188,13005,61347,0,0,0,2047,155052
6189,11970,62020,0,0,0,2222,155052
6190,11005,62647,0,0,0,2450,155052
6191,10177,63185,0,0,0,2715,155052
6192,9387,63699,0,0,0,3000,160845
6193,8987,63958,0,0,0,3285,160845
6194,8851,64047,0,0,0,3550,160845
6195,8987,63958,0,0,0,3778,160845
6196,9387,63699,0,0,0,3953,160845
6197,10022,63285,0,0,0,4063,160845
6198,10851,62747,0,0,0,4100,160845
6199,11816,62120,159117,114564,44553,4063,160845
6200,12851,61447,307390,221320,86069,3953,160845
6201,13886,60774,434714,312994,121720,3778,160845
6202,14851,60147,532414,383338,149076,3550,160845
6203,15679,59608,593831,427558,166273,3285,160845
6204,16315,59195,614779,442641,172138,3000,160845
6205,16715,58936,593831,427558,166273,2715,160845
6206,16851,58847,532414,383338,149076,2450,160845
6207,16715,58936,434714,312994,121720,2222,160845
6208,16315,59195,307390,221320,86069,2047,160845
6209,15679,59608,159117,114564,44553,1937,160845
6210,14851,60147,0,0,0,1900,160845
6211,13886,60774,0,0,0,1937,160845
6212,12851,61447,0,0,0,2047,160845
6213,11816,62120,0,0,0,2222,160845
6214,10851,62747,0,0,0,2450,160845
6215,10022,63285,0,0,0,2715,160845
6216,9232,63799,0,0,0,3000,184300
6217,8833,64059,0,0,0,3285,184300
6218,8696,64147,0,0,0,3550,184300
6219,8833,64059,0,0,0,3778,184300
6220,9232,63799,0,0,0,3953,184300
6221,9868,63386,0,0,0,4063,184300
6222,10696,62847,0,0,0,4100,184300
6223,11661,62220,157718,113557,44161,4063,184300
6224,12696,61547,304688,219376,85313,3953,184300
6225,13732,60874,430894,310244,120650,3778,184300
6226,14696,60247,527736,379970,147766,3550,184300
6227,15525,59709,588613,423801,164812,3285,184300
6228,16161,59296,609377,438751,170625,3000,184300
6229,16560,59036,588613,423801,164812,2715,184300
6230,16696,58947,527736,379970,147766,2450,184300
6231,16560,59036,430894,310244,120650,2222,184300
6232,16161,59296,304688,219376,85313,2047,184300
6233,15525,59709,157718,113557,44161,1937,184300
6234,14696,60247,0,0,0,1900,184300
6235,13732,60874,0,0,0,1937,184300
6236,12696,61547,0,0,0,2047,184300
6237,11661,62220,0,0,0,2222,184300
6238,10696,62847,0,0,0,2450,184300
6239,9868,63386,0,0,0,2715,184300
6240,9078,63899,0,0,0,3000,207755
6241,8678,64159,0,0,0,3285,207755
6242,8542,64248,0,0,0,3550,207755
6243,8678,64159,0,0,0,3778,207755
6244,9078,63899,0,0,0,3953,207755
6245,9713,63486,0,0,0,4063,207755
6246,10542,62948,0,0,0,4100,207755
6247,11507,62321,156318,112549,43769,4063,207755
6248,12542,61648,301984,217428,84555,3953,207755
6249,13577,60975,427069,307490,119579,3778,207755
6250,14542,60348,523051,376597,146454,3550,207755
6251,15370,59809,583387,420039,163348,3285,207755
6252,16006,59396,603967,434856,169111,3000,207755
6253,16406,59136,583387,420039,163348,2715,207755
6254,16542,59048,523051,376597,146454,2450,207755
6255,16406,59136,427069,307490,119579,2222,207755
6256,16006,59396,301984,217428,84555,2047,207755
6257,15370,59809,156318,112549,43769,1937,207755
6258,14542,60348,0,0,0,1900,207755
6259,13577,60975,0,0,0,1937,207755
6260,12542,61648,0,0,0,2047,207755
6261,11507,62321,0,0,0,2222,207755
6262,10542,62948,0,0,0,2450,207755
6263,9713,63486,0,0,0,2715,207755
6264,8923,64000,0,0,0,3000,213548
6265,8523,64260,0,0,0,3285,213548
6266,8387,64348,0,0,0,3550,213548
6267,8523,64260,0,0,0,3778,213548
6268,8923,64000,0,0,0,3953,213548
6269,9559,63587,0,0,0,4063,213548
6270,10387,63048,0,0,0,4100,213548
6271,11352,62421,154917,111540,43377,4063,213548
6272,12387,61748,299276,215479,83797,3953,213548
6273,13422,61075,423240,304733,118507,3778,213548
6274,14387,60448,518361,373220,145141,3550,213548
6275,15216,59910,578157,416273,161884,3285,213548
6276,15851,59497,598552,430957,167595,3000,213548
6277,16251,59237,578157,416273,161884,2715,213548
6278,16387,59148,518361,373220,145141,2450,213548
6279,16251,59237,423240,304733,118507,2222,213548
6280,15851,59497,299276,215479,83797,2047,213548
6281,15216,59910,154917,111540,43377,1937,213548
6282,14387,60448,0,0,0,1900,213548
6283,13422,61075,0,0,0,1937,213548
6284,12387,61748,0,0,0,2047,213548
6285,11352,62421,0,0,0,2222,213548
6286,10387,63048,0,0,0,2450,213548
6287,9559,63587,0,0,0,2715,213548
6288,8768,64101,0,0,0,3000,197317
6289,8369,64360,0,0,0,3285,197317
6290,8232,64449,0,0,0,3550,197317
6291,8369,64360,0,0,0,3778,197317
6292,8768,64101,0,0,0,3953,197317
6293,9404,63687,0,0,0,4063,197317
6294,10232,63149,0,0,0,4100,197317
6295,11197,62522,153514,110530,42984,4063,197317
6296,12232,61849,296566,213528,83039,3953,197317
6297,13268,61176,419408,301974,117434,3778,197317
6298,14232,60549,513668,369841,143827,3550,197317
6299,15061,60010,572922,412504,160418,3285,197317
6300,15696,59597,593133,427056,166077,3000,197317
6301,16096,59338,572922,412504,160418,2715,197317
6302,16232,59249,513668,369841,143827,2450,197317
6303,16096,59338,419408,301974,117434,2222,197317
6304,15696,59597,296566,213528,83039,2047,197317
6305,15061,60010,153514,110530,42984,1937,197317
6306,14232,60549,0,0,0,1900,197317
6307,13268,61176,0,0,0,1937,197317
6308,12232,61849,0,0,0,2047,197317
6309,11197,62522,0,0,0,2222,197317
6310,10232,63149,0,0,0,2450,197317
6311,9404,63687,0,0,0,2715,197317
6312,8613,64201,0,0,0,3000,171283
6313,8214,64461,0,0,0,3285,171283
6314,8077,64550,0,0,0,3550,171283
6315,8214,64461,0,0,0,3778,171283
6316,8613,64201,0,0,0,3953,171283
6317,9249,63788,0,0,0,4063,171283
6318,10077,63250,0,0,0,4100,171283
6319,11042,62623,152111,109520,42591,4063,171283
6320,12077,61950,293856,211576,82280,3953,171283
6321,13113,61277,415575,299214,116361,3778,171283
6322,14077,60650,508973,366460,142512,3550,171283
6323,14906,60111,567685,408734,158952,3285,171283
6324,15542,59698,587711,423152,164559,3000,171283
6325,15941,59438,567685,408734,158952,2715,171283
6326,16077,59350,508973,366460,142512,2450,171283
6327,15941,59438,415575,299214,116361,2222,171283
6328,15542,59698,293856,211576,82280,2047,171283
6329,14906,60111,152111,109520,42591,1937,171283
6330,14077,60650,0,0,0,1900,171283
6331,13113,61277,0,0,0,1937,171283
6332,12077,61950,0,0,0,2047,171283
6333,11042,62623,0,0,0,2222,171283
6334,10077,63250,0,0,0,2450,171283
6335,9249,63788,0,0,0,2715,171283
6336,8458,64302,0,0,0,3000,155052
6337,8059,64562,0,0,0,3285,155052
6338,7923,64650,0,0,0,3550,155052
6339,8059,64562,0,0,0,3778,155052
6340,8458,64302,0,0,0,3953,155052
6341,9094,63889,0,0,0,4063,155052
6342,9923,63350,0,0,0,4100,155052
6343,10887,62723,150707,108509,42198,4063,155052
6344,11923,62050,291144,209624,81520,3953,155052
6345,12958,61377,411740,296453,115287,3778,155052
6346,13923,60750,504277,363079,141198,3550,155052
6347,14751,60212,562448,404962,157485,3285,155052
6348,15387,59799,582289,419248,163041,3000,155052
6349,15786,59539,562448,404962,157485,2715,155052
6350,15923,59450,504277,363079,141198,2450,155052
6351,15786,59539,411740,296453,115287,2222,155052
6352,15387,59799,291144,209624,81520,2047,155052
6353,14751,60212,150707,108509,42198,1937,155052
6354,13923,60750,0,0,0,1900,155052
6355,12958,61377,0,0,0,1937,155052
6356,11923,62050,0,0,0,2047,155052
6357,10887,62723,0,0,0,2222,155052
6358,9923,63350,0,0,0,2450,155052
6359,9094,63889,0,0,0,2715,155052
6360,8304,64403,0,0,0,3000,160845
6361,7904,64662,0,0,0,3285,160845
6362,7768,64751,0,0,0,3550,160845
6363,7904,64662,0,0,0,3778,160845
6364,8304,64403,0,0,0,3953,160845
6365,8939,63990,0,0,0,4063,160845
6366,9768,63451,0,0,0,4100,160845
6367,10732,62824,149304,107499,41805,4063,160845
6368,11768,62151,288434,207672,80761,3953,160845
6369,12803,61478,407907,293693,114214,3778,160845
6370,13768,60851,499582,359699,139883,3550,160845
6371,14596,60313,557211,401192,156019,3285,160845
6372,15232,59899,576867,415344,161523,3000,160845
6373,15631,59640,557211,401192,156019,2715,160845
6374,15768,59551,499582,359699,139883,2450,160845
6375,15631,59640,407907,293693,114214,2222,160845
6376,15232,59899,288434,207672,80761,2047,160845
6377,14596,60313,149304,107499,41805,1937,160845
6378,13768,60851,0,0,0,1900,160845
6379,12803,61478,0,0,0,1937,160845
6380,11768,62151,0,0,0,2047,160845
6381,10732,62824,0,0,0,2222,160845
6382,9768,63451,0,0,0,2450,160845
6383,8939,63990,0,0,0,2715,160845
6384,8149,64503,0,0,0,3000,184300
6385,7749,64763,0,0,0,3285,184300
6386,7613,64852,0,0,0,3550,184300
6387,7749,64763,0,0,0,3778,184300
6388,8149,64503,0,0,0,3953,184300
6389,8784,64090,0,0,0,4063,184300
6390,9613,63552,0,0,0,4100,184300
6391,10578,62925,147902,106489,41412,4063,184300
6392,11613,62252,285724,205721,80003,3953,184300
6393,12648,61579,404075,290934,113141,3778,184300
6394,13613,60952,494888,356320,138569,3550,184300
6395,14441,60413,551976,397423,154553,3285,184300
6396,15077,60000,571448,411443,160005,3000,184300
6397,15477,59740,551976,397423,154553,2715,184300
6398,15613,59652,494888,356320,138569,2450,184300
6399,15477,59740,404075,290934,113141,2222,184300
6400,15077,60000,285724,205721,80003,2047,184300
6401,14441,60413,147902,106489,41412,1937,184300
6402,13613,60952,0,0,0,1900,184300
6403,12648,61579,0,0,0,1937,184300
6404,11613,62252,0,0,0,2047,184300
6405,10578,62925,0,0,0,2222,184300
6406,9613,63552,0,0,0,2450,184300
6407,8784,64090,0,0,0,2715,184300
6408,7994,64604,0,0,0,3000,207755
6409,7594,64864,0,0,0,3285,207755
6410,7458,64952,0,0,0,3550,207755
6411,7594,64864,0,0,0,3778,207755
6412,7994,64604,0,0,0,3953,207755
6413,8630,64191,0,0,0,4063,207755
6414,9458,63652,0,0,0,4100,207755
6415,10423,63025,146500,105480,41020,4063,207755
6416,11458,62352,283016,203772,79245,3953,207755
6417,12493,61679,400246,288177,112069,3778,207755
6418,13458,61052,490199,352943,137256,3550,207755
6419,14287,60514,546746,393657,153089,3285,207755
6420,14922,60101,566033,407544,158489,3000,207755
6421,15322,59841,546746,393657,153089,2715,207755
6422,15458,59752,490199,352943,137256,2450,207755
6423,15322,59841,400246,288177,112069,2222,207755
6424,14922,60101,283016,203772,79245,2047,207755
6425,14287,60514,146500,105480,41020,1937,207755
6426,13458,61052,0,0,0,1900,207755
6427,12493,61679,0,0,0,1937,207755
6428,11458,62352,0,0,0,2047,207755
6429,10423,63025,0,0,0,2222,207755
6430,9458,63652,0,0,0,2450,207755
6431,8630,64191,0,0,0,2715,207755
6432,7839,64704,0,0,0,3000,213548
6433,7440,64964,0,0,0,3285,213548
6434,7304,65053,0,0,0,3550,213548
6435,7440,64964,0,0,0,3778,213548
6436,7839,64704,0,0,0,3953,213548
6437,8475,64291,0,0,0,4063,213548
6438,9304,63753,0,0,0,4100,213548
6439,10268,63126,145100,104472,40628,4063,213548
6440,11304,62453,280312,201824,78487,3953,213548
6441,12339,61780,396421,285423,110998,3778,213548
6442,13304,61153,485514,349570,135944,3550,213548
6443,14132,60614,541520,389895,151626,3285,213548
6444,14768,60201,560623,403649,156975,3000,213548
6445,15167,59941,541520,389895,151626,2715,213548
6446,15304,59853,485514,349570,135944,2450,213548
6447,15167,59941,396421,285423,110998,2222,213548
6448,14768,60201,280312,201824,78487,2047,213548
6449,14132,60614,145100,104472,40628,1937,213548
6450,13304,61153,0,0,0,1900,213548
6451,12339,61780,0,0,0,1937,213548
6452,11304,62453,0,0,0,2047,213548
6453,10268,63126,0,0,0,2222,213548
6454,9304,63753,0,0,0,2450,213548
6455,8475,64291,0,0,0,2715,213548
6456,7685,64805,0,0,0,3000,197317
6457,7285,65064,0,0,0,3285,197317
6458,7149,65153,0,0,0,3550,197317
6459,7285,65064,0,0,0,3778,197317
6460,7685,64805,0,0,0,3953,197317
6461,8321,64392,0,0,0,4063,197317
6462,9149,63853,0,0,0,4100,197317
6463,10114,63226,143702,103465,40236,4063,197317
6464,11149,62553,277610,199880,77731,3953,197317
6465,12184,61880,392600,282672,109928,3778,197317
6466,13149,61253,480835,346202,134634,3550,197317
6467,13978,60715,536302,386138,150165,3285,197317
6468,14613,60301,555221,399759,155462,3000,197317
6469,15013,60042,536302,386138,150165,2715,197317
6470,15149,59953,480835,346202,134634,2450,197317
6471,15013,60042,392600,282672,109928,2222,197317
6472,14613,60301,277610,199880,77731,2047,197317
6473,13978,60715,143702,103465,40236,1937,197317
6474,13149,61253,0,0,0,1900,197317
6475,12184,61880,0,0,0,1937,197317
6476,11149,62553,0,0,0,2047,197317
6477,10114,63226,0,0,0,2222,197317
6478,9149,63853,0,0,0,2450,197317
6479,8321,64392,0,0,0,2715,197317
6480,7531,64905,0,0,0,3000,171283
6481,7131,65165,0,0,0,3285,171283
6482,6995,65253,0,0,0,3550,171283
6483,7131,65165,0,0,0,3778,171283
6484,7531,64905,0,0,0,3953,171283
6485,8167,64492,0,0,0,4063,171283
6486,8995,63953,0,0,0,4100,171283
6487,9960,63326,142306,102460,39846,4063,171283
6488,10995,62653,274914,197938,76976,3953,171283
6489,12030,61980,388787,279926,108860,3778,171283
6490,12995,61353,476165,342838,133326,3550,171283
6491,13823,60815,531092,382387,148706,3285,171283
6492,14459,60402,549827,395876,153952,3000,171283
6493,14859,60142,531092,382387,148706,2715,171283
6494,14995,60053,476165,342838,133326,2450,171283
6495,14859,60142,388787,279926,108860,2222,171283
6496,14459,60402,274914,197938,76976,2047,171283
6497,13823,60815,142306,102460,39846,1937,171283
6498,12995,61353,0,0,0,1900,171283
6499,12030,61980,0,0,0,1937,171283
6500,10995,62653,0,0,0,2047,171283
6501,9960,63326,0,0,0,2222,171283
6502,8995,63953,0,0,0,2450,171283
6503,8167,64492,0,0,0,2715,171283
6504,7377,65005,0,0,0,3000,155052
6505,6978,65265,0,0,0,3285,155052
6506,6841,65353,0,0,0,3550,155052
6507,6978,65265,0,0,0,3778,155052
6508,7377,65005,0,0,0,3953,155052
6509,8013,64592,0,0,0,4063,155052
6510,8841,64053,0,0,0,4100,155052
6511,9806,63426,140913,101457,39456,4063,155052
6512,10841,62753,272222,196000,76222,3953,155052
6513,11877,62080,384980,277186,107794,3778,155052
6514,12841,61453,471503,339482,132021,3550,155052
6515,13670,60915,525893,378643,147250,3285,155052
6516,14305,60502,544444,392000,152444,3000,155052
6517,14705,60242,525893,378643,147250,2715,155052
6518,14841,60153,471503,339482,132021,2450,155052
6519,14705,60242,384980,277186,107794,2222,155052
6520,14305,60502,272222,196000,76222,2047,155052
6521,13670,60915,140913,101457,39456,1937,155052
6522,12841,61453,0,0,0,1900,155052
6523,11877,62080,0,0,0,1937,155052
6524,10841,62753,0,0,0,2047,155052
6525,9806,63426,0,0,0,2222,155052
6526,8841,64053,0,0,0,2450,155052
6527,8013,64592,0,0,0,2715,155052
6528,7224,65105,0,0,0,3000,160845
6529,6824,65364,0,0,0,3285,160845
6530,6688,65453,0,0,0,3550,160845
6531,6824,65364,0,0,0,3778,160845
6532,7224,65105,0,0,0,3953,160845
6533,7859,64691,0,0,0,4063,160845
6534,8688,64153,0,0,0,4100,160845
6535,9653,63526,139522,100456,39066,4063,160845
6536,10688,62853,269537,194066,75470,3953,160845
6537,11723,62180,381182,274451,106731,3778,160845
6538,12688,61553,466851,336133,130718,3550,160845
6539,13516,61014,520705,374907,145797,3285,160845
6540,14152,60601,539073,388133,150941,3000,160845
6541,14552,60342,520705,374907,145797,2715,160845
6542,14688,60253,466851,336133,130718,2450,160845
6543,14552,60342,381182,274451,106731,2222,160845
6544,14152,60601,269537,194066,75470,2047,160845
6545,13516,61014,139522,100456,39066,1937,160845
6546,12688,61553,0,0,0,1900,160845
6547,11723,62180,0,0,0,1937,160845
6548,10688,62853,0,0,0,2047,160845
6549,9653,63526,0,0,0,2222,160845
6550,8688,64153,0,0,0,2450,160845
6551,7859,64691,0,0,0,2715,160845
6552,7071,65204,0,0,0,3000,184300
6553,6671,65464,0,0,0,3285,184300
6554,6535,65552,0,0,0,3550,184300
6555,6671,65464,0,0,0,3778,184300
6556,7071,65204,0,0,0,3953,184300
6557,7706,64791,0,0,0,4063,184300
6558,8535,64252,0,0,0,4100,184300
6559,9499,63625,138136,99458,38678,4063,184300
6560,10535,62952,266858,192138,74720,3953,184300
6561,11570,62279,377394,271724,105670,3778,184300
6562,12535,61652,462211,332792,129419,3550,184300
6563,13363,61114,515530,371182,144348,3285,184300
6564,13999,60701,533716,384275,149440,3000,184300
6565,14398,60441,515530,371182,144348,2715,184300
6566,14535,60352,462211,332792,129419,2450,184300
6567,14398,60441,377394,271724,105670,2222,184300
6568,13999,60701,266858,192138,74720,2047,184300
6569,13363,61114,138136,99458,38678,1937,184300
6570,12535,61652,0,0,0,1900,184300
6571,11570,62279,0,0,0,1937,184300
6572,10535,62952,0,0,0,2047,184300
6573,9499,63625,0,0,0,2222,184300
6574,8535,64252,0,0,0,2450,184300
6575,7706,64791,0,0,0,2715,184300
6576,6918,65303,0,0,0,3000,207755
6577,6518,65563,0,0,0,3285,207755
6578,6382,65652,0,0,0,3550,207755
6579,6518,65563,0,0,0,3778,207755
6580,6918,65303,0,0,0,3953,207755
6581,7554,64890,0,0,0,4063,207755
6582,8382,64352,0,0,0,4100,207755
6583,9347,63725,136753,98462,38291,4063,207755
6584,10382,63052,264187,190214,73972,3953,207755
6585,11417,62379,373617,269004,104613,3778,207755
6586,12382,61752,457585,329461,128124,3550,207755
6587,13211,61213,510370,367466,142903,3285,207755
6588,13846,60800,528374,380429,147945,3000,207755
6589,14246,60540,510370,367466,142903,2715,207755
6590,14382,60452,457585,329461,128124,2450,207755
6591,14246,60540,373617,269004,104613,2222,207755
6592,13846,60800,264187,190214,73972,2047,207755
6593,13211,61213,136753,98462,38291,1937,207755
6594,12382,61752,0,0,0,1900,207755
6595,11417,62379,0,0,0,1937,207755
6596,10382,63052,0,0,0,2047,207755
6597,9347,63725,0,0,0,2222,207755
6598,8382,64352,0,0,0,2450,207755
6599,7554,64890,0,0,0,2715,207755
6600,6766,65402,0,0,0,3000,213548
6601,6366,65662,0,0,0,3285,213548
6602,6230,65751,0,0,0,3550,213548
6603,6366,65662,0,0,0,3778,213548
6604,6766,65402,0,0,0,3953,213548
6605,7402,64989,0,0,0,4063,213548
6606,8230,64451,0,0,0,4100,213548
6607,9195,63823,135375,97470,37905,4063,213548
6608,10230,63151,261524,188297,73227,3953,213548
6609,11265,62478,369851,266293,103558,3778,213548
6610,12230,61851,452973,326140,126832,3550,213548
6611,13058,61312,505226,363762,141463,3285,213548
6612,13694,60899,523048,376595,146453,3000,213548
6613,14094,60639,505226,363762,141463,2715,213548
6614,14230,60551,452973,326140,126832,2450,213548
6615,14094,60639,369851,266293,103558,2222,213548
6616,13694,60899,261524,188297,73227,2047,213548
6617,13058,61312,135375,97470,37905,1937,213548
6618,12230,61851,0,0,0,1900,213548
6619,11265,62478,0,0,0,1937,213548
6620,10230,63151,0,0,0,2047,213548
6621,9195,63823,0,0,0,2222,213548
6622,8230,64451,0,0,0,2450,213548
6623,7402,64989,0,0,0,2715,213548
6624,6614,65501,0,0,0,3000,197317
6625,6215,65761,0,0,0,3285,197317
6626,6078,65849,0,0,0,3550,197317
6627,6215,65761,0,0,0,3778,197317
6628,6614,65501,0,0,0,3953,197317
6629,7250,65088,0,0,0,4063,197317
6630,8078,64549,0,0,0,4100,197317
6631,9043,63922,134001,96481,37520,4063,197317
6632,10078,63249,258870,186387,72484,3953,197317
6633,11114,62576,366098,263591,102507,3778,197317
6634,12078,61949,448377,322831,125545,3550,197317
6635,12907,61411,500099,360072,140028,3285,197317
6636,13542,60997,517741,372773,144967,3000,197317
6637,13942,60738,500099,360072,140028,2715,197317
6638,14078,60649,448377,322831,125545,2450,197317
6639,13942,60738,366098,263591,102507,2222,197317
6640,13542,60997,258870,186387,72484,2047,197317
6641,12907,61411,134001,96481,37520,1937,197317
6642,12078,61949,0,0,0,1900,197317
6643,11114,62576,0,0,0,1937,197317
6644,10078,63249,0,0,0,2047,197317
6645,9043,63922,0,0,0,2222,197317
6646,8078,64549,0,0,0,2450,197317
6647,7250,65088,0,0,0,2715,197317
6648,6463,65599,0,0,0,3000,171283
6649,6064,65859,0,0,0,3285,171283
6650,5927,65947,0,0,0,3550,171283
6651,6064,65859,0,0,0,3778,171283
6652,6463,65599,0,0,0,3953,171283
6653,7099,65186,0,0,0,4063,171283
6654,7927,64647,0,0,0,4100,171283
6655,8892,64020,132633,95496,37137,4063,171283
6656,9927,63347,256227,184483,71744,3953,171283
6657,10963,62674,362359,260899,101461,3778,171283
6658,11927,62047,443798,319535,124263,3550,171283
6659,12756,61509,494992,356394,138598,3285,171283
6660,13391,61096,512454,368967,143487,3000,171283
6661,13791,60836,494992,356394,138598,2715,171283
6662,13927,60747,443798,319535,124263,2450,171283
6663,13791,60836,362359,260899,101461,2222,171283
6664,13391,61096,256227,184483,71744,2047,171283
6665,12756,61509,132633,95496,37137,1937,171283
6666,11927,62047,0,0,0,1900,171283
6667,10963,62674,0,0,0,1937,171283
6668,9927,63347,0,0,0,2047,171283
6669,8892,64020,0,0,0,2222,171283
6670,7927,64647,0,0,0,2450,171283
6671,7099,65186,0,0,0,2715,171283
6672,6313,65697,0,0,0,3000,155052
6673,5913,65956,0,0,0,3285,155052
6674,5777,66045,0,0,0,3550,155052
6675,5913,65956,0,0,0,3778,155052
6676,6313,65697,0,0,0,3953,155052
6677,6948,65284,0,0,0,4063,155052
6678,7777,64745,0,0,0,4100,155052
6679,8742,64118,131270,94514,36756,4063,155052
6680,9777,63445,253594,182588,71006,3953,155052
6681,10812,62772,358636,258218,100418,3778,155052
6682,11777,62145,439238,316251,122987,3550,155052
6683,12605,61607,489906,352732,137174,3285,155052
6684,13241,61193,507188,365175,142013,3000,155052
6685,13641,60934,489906,352732,137174,2715,155052
6686,13777,60845,439238,316251,122987,2450,155052
6687,13641,60934,358636,258218,100418,2222,155052
6688,13241,61193,253594,182588,71006,2047,155052
6689,12605,61607,131270,94514,36756,1937,155052
6690,11777,62145,0,0,0,1900,155052
6691,10812,62772,0,0,0,1937,155052
6692,9777,63445,0,0,0,2047,155052
6693,8742,64118,0,0,0,2222,155052
6694,7777,64745,0,0,0,2450,155052
6695,6948,65284,0,0,0,2715,155052
6696,6163,65794,0,0,0,3000,160845
6697,5763,66054,0,0,0,3285,160845
6698,5627,66142,0,0,0,3550,160845
6699,5763,66054,0,0,0,3778,160845
6700,6163,65794,0,0,0,3953,160845
6701,6799,65381,0,0,0,4063,160845
6702,7627,64842,0,0,0,4100,160845
6703,8592,64215,129913,93537,36376,4063,160845
6704,9627,63542,250973,180700,70272,3953,160845
6705,10662,62870,354929,255549,99380,3778,160845
6706,11627,62242,434697,312982,121715,3550,160845
6707,12455,61704,484842,349086,135756,3285,160845
6708,13091,61291,501945,361401,140545,3000,160845
6709,13491,61031,484842,349086,135756,2715,160845
6710,13627,60942,434697,312982,121715,2450,160845
6711,13491,61031,354929,255549,99380,2222,160845
6712,13091,61291,250973,180700,70272,2047,160845
6713,12455,61704,129913,93537,36376,1937,160845
6714,11627,62242,0,0,0,1900,160845
6715,10662,62870,0,0,0,1937,160845
6716,9627,63542,0,0,0,2047,160845
6717,8592,64215,0,0,0,2222,160845
6718,7627,64842,0,0,0,2450,160845
6719,6799,65381,0,0,0,2715,160845
6720,6014,65891,0,0,0,3000,184300
6721,5614,66151,0,0,0,3285,184300
6722,5478,66239,0,0,0,3550,184300
6723,5614,66151,0,0,0,3778,184300
6724,6014,65891,0,0,0,3953,184300
6725,6649,65478,0,0,0,4063,184300
6726,7478,64939,0,0,0,4100,184300
6727,8443,64312,128562,92565,35997,4063,184300
6728,9478,63639,248364,178822,69542,3953,184300
6729,10513,62966,351239,252892,98347,3778,184300
6730,11478,62339,430178,309729,120450,3550,184300
6731,12306,61801,479802,345457,134344,3285,184300
6732,12942,61388,496727,357644,139084,3000,184300
6733,13342,61128,479802,345457,134344,2715,184300
6734,13478,61039,430178,309729,120450,2450,184300
6735,13342,61128,351239,252892,98347,2222,184300
6736,12942,61388,248364,178822,69542,2047,184300
6737,12306,61801,128562,92565,35997,1937,184300
6738,11478,62339,0,0,0,1900,184300
6739,10513,62966,0,0,0,1937,184300
6740,9478,63639,0,0,0,2047,184300
6741,8443,64312,0,0,0,2222,184300
6742,7478,64939,0,0,0,2450,184300
6743,6649,65478,0,0,0,2715,184300
6744,5865,65987,0,0,0,3000,207755
6745,5466,66247,0,0,0,3285,207755
6746,5330,66336,0,0,0,3550,207755
6747,5466,66247,0,0,0,3778,207755
6748,5865,65987,0,0,0,3953,207755
6749,6501,65574,0,0,0,4063,207755
6750,7330,65036,0,0,0,4100,207755
6751,8294,64409,127219,91597,35621,4063,207755
6752,9330,63736,245768,176953,68815,3953,207755
6753,10365,63063,347568,250249,97319,3778,207755
6754,11330,62436,425682,306491,119191,3550,207755
6755,12158,61897,474787,341846,132940,3285,207755
6756,12794,61484,491535,353906,137630,3000,207755
6757,13193,61224,474787,341846,132940,2715,207755
6758,13330,61136,425682,306491,119191,2450,207755
6759,13193,61224,347568,250249,97319,2222,207755
6760,12794,61484,245768,176953,68815,2047,207755
6761,12158,61897,127219,91597,35621,1937,207755
6762,11330,62436,0,0,0,1900,207755
6763,10365,63063,0,0,0,1937,207755
6764,9330,63736,0,0,0,2047,207755
6765,8294,64409,0,0,0,2222,207755
6766,7330,65036,0,0,0,2450,207755
6767,6501,65574,0,0,0,2715,207755
6768,5718,66083,0,0,0,3000,213548
6769,5318,66343,0,0,0,3285,213548
6770,5182,66432,0,0,0,3550,213548
6771,5318,66343,0,0,0,3778,213548
6772,5718,66083,0,0,0,3953,213548
6773,6354,65670,0,0,0,4063,213548
6774,7182,65132,0,0,0,4100,213548
6775,8147,64505,125882,90635,35247,4063,213548
6776,9182,63832,243186,175094,68092,3953,213548
6777,10217,63159,343916,247620,96297,3778,213548
6778,11182,62532,421210,303271,117939,3550,213548
6779,12010,61993,469799,338255,131544,3285,213548
6780,12646,61580,486371,350187,136184,3000,213548
6781,13046,61320,469799,338255,131544,2715,213548
6782,13182,61232,421210,303271,117939,2450,213548
6783,13046,61320,343916,247620,96297,2222,213548
6784,12646,61580,243186,175094,68092,2047,213548
6785,12010,61993,125882,90635,35247,1937,213548
6786,11182,62532,0,0,0,1900,213548
6787,10217,63159,0,0,0,1937,213548
6788,9182,63832,0,0,0,2047,213548
6789,8147,64505,0,0,0,2222,213548
6790,7182,65132,0,0,0,2450,213548
6791,6354,65670,0,0,0,2715,213548
6792,5571,66179,0,0,0,3000,197317
6793,5172,66438,0,0,0,3285,197317
6794,5035,66527,0,0,0,3550,197317
6795,5172,66438,0,0,0,3778,197317
6796,5571,66179,0,0,0,3953,197317
6797,6207,65766,0,0,0,4063,197317
6798,7035,65227,0,0,0,4100,197317
6799,8000,64600,124553,89678,34875,4063,197317
6800,9035,63927,240618,173245,67373,3953,197317
6801,10071,63254,340285,245006,95280,3778,197317
6802,11035,62627,416763,300069,116694,3550,197317
6803,11864,62089,464839,334684,130155,3285,197317
6804,12499,61675,481236,346490,134746,3000,197317
6805,12899,61416,464839,334684,130155,2715,197317
6806,13035,61327,416763,300069,116694,2450,197317
6807,12899,61416,340285,245006,95280,2222,197317
6808,12499,61675,240618,173245,67373,2047,197317
6809,11864,62089,124553,89678,34875,1937,197317
6810,11035,62627,0,0,0,1900,197317
6811,10071,63254,0,0,0,1937,197317
6812,9035,63927,0,0,0,2047,197317
6813,8000,64600,0,0,0,2222,197317
6814,7035,65227,0,0,0,2450,197317
6815,6207,65766,0,0,0,2715,197317
6816,5425,66273,0,0,0,3000,171283
6817,5026,66533,0,0,0,3285,171283
6818,4889,66622,0,0,0,3550,171283
6819,5026,66533,0,0,0,3778,171283
6820,5425,66273,0,0,0,3953,171283
6821,6061,65860,0,0,0,4063,171283
6822,6889,65322,0,0,0,4100,171283
6823,7854,64695,123232,88727,34505,4063,171283
6824,8889,64022,238066,171408,66658,3953,171283
6825,9925,63349,336676,242407,94269,3778,171283
6826,10889,62722,412343,296887,115456,3550,171283
6827,11718,62183,459908,331134,128774,3285,171283
6828,12354,61770,476132,342815,133317,3000,171283
6829,12753,61510,459908,331134,128774,2715,171283
6830,12889,61422,412343,296887,115456,2450,171283
6831,12753,61510,336676,242407,94269,2222,171283
6832,12354,61770,238066,171408,66658,2047,171283
6833,11718,62183,123232,88727,34505,1937,171283
6834,10889,62722,0,0,0,1900,171283
6835,9925,63349,0,0,0,1937,171283
6836,8889,64022,0,0,0,2047,171283
6837,7854,64695,0,0,0,2222,171283
6838,6889,65322,0,0,0,2450,171283
6839,6061,65860,0,0,0,2715,171283
6840,5280,66368,0,0,0,3000,155052
6841,4881,66627,0,0,0,3285,155052
6842,4745,66716,0,0,0,3550,155052
6843,4881,66627,0,0,0,3778,155052
6844,5280,66368,0,0,0,3953,155052
6845,5916,65955,0,0,0,4063,155052
6846,6745,65416,0,0,0,4100,155052
6847,7709,64789,121919,87782,34137,4063,155052
6848,8745,64116,235530,169582,65948,3953,155052
6849,9780,63443,333090,239825,93265,3778,155052
6850,10745,62816,407950,293724,114226,3550,155052
6851,11573,62278,455009,327607,127403,3285,155052
6852,12209,61864,471060,339163,131897,3000,155052
6853,12608,61605,455009,327607,127403,2715,155052
6854,12745,61516,407950,293724,114226,2450,155052
6855,12608,61605,333090,239825,93265,2222,155052
6856,12209,61864,235530,169582,65948,2047,155052
6857,11573,62278,121919,87782,34137,1937,155052
6858,10745,62816,0,0,0,1900,155052
6859,9780,63443,0,0,0,1937,155052
6860,8745,64116,0,0,0,2047,155052
6861,7709,64789,0,0,0,2222,155052
6862,6745,65416,0,0,0,2450,155052
6863,5916,65955,0,0,0,2715,155052
6864,5137,66461,0,0,0,3000,160845
6865,4737,66721,0,0,0,3285,160845
6866,4601,66810,0,0,0,3550,160845
6867,4737,66721,0,0,0,3778,160845
6868,5137,66461,0,0,0,3953,160845
6869,5772,66048,0,0,0,4063,160845
6870,6601,65510,0,0,0,4100,160845
6871,7565,64883,120615,86843,33772,4063,160845
6872,8601,64210,233011,167768,65243,3953,160845
6873,9636,63537,329527,237260,92268,3778,160845
6874,10601,62910,403587,290583,113004,3550,160845
6875,11429,62371,450143,324103,126040,3285,160845
6876,12065,61958,466022,335536,130486,3000,160845
6877,12464,61698,450143,324103,126040,2715,160845
6878,12601,61610,403587,290583,113004,2450,160845
6879,12464,61698,329527,237260,92268,2222,160845
6880,12065,61958,233011,167768,65243,2047,160845
6881,11429,62371,120615,86843,33772,1937,160845
6882,10601,62910,0,0,0,1900,160845
6883,9636,63537,0,0,0,1937,160845
6884,8601,64210,0,0,0,2047,160845
6885,7565,64883,0,0,0,2222,160845
6886,6601,65510,0,0,0,2450,160845
6887,5772,66048,0,0,0,2715,160845
6888,4994,66554,0,0,0,3000,184300
6889,4594,66814,0,0,0,3285,184300
6890,4458,66903,0,0,0,3550,184300
6891,4594,66814,0,0,0,3778,184300
6892,4994,66554,0,0,0,3953,184300
6893,5629,66141,0,0,0,4063,184300
6894,6458,65603,0,0,0,4100,184300
6895,7422,64975,119321,85911,33410,4063,184300
6896,8458,64303,230510,165967,64543,3953,184300
6897,9493,63630,325990,234713,91277,3778,184300
6898,10458,63003,399254,287463,111791,3550,184300
6899,11286,62464,445310,320623,124687,3285,184300
6900,11922,62051,461019,331934,129085,3000,184300
6901,12321,61791,445310,320623,124687,2715,184300
6902,12458,61703,399254,287463,111791,2450,184300
6903,12321,61791,325990,234713,91277,2222,184300
6904,11922,62051,230510,165967,64543,2047,184300
6905,11286,62464,119321,85911,33410,1937,184300
6906,10458,63003,0,0,0,1900,184300
6907,9493,63630,0,0,0,1937,184300
6908,8458,64303,0,0,0,2047,184300
6909,7422,64975,0,0,0,2222,184300
6910,6458,65603,0,0,0,2450,184300
6911,5629,66141,0,0,0,2715,184300
6912,4852,66646,0,0,0,3000,207755
6913,4452,66906,0,0,0,3285,207755
6914,4316,66995,0,0,0,3550,207755
6915,4452,66906,0,0,0,3778,207755
6916,4852,66646,0,0,0,3953,207755
6917,5487,66233,0,0,0,4063,207755
6918,6316,65695,0,0,0,4100,207755
6919,7281,65068,118035,84985,33050,4063,207755
6920,8316,64395,228026,164179,63847,3953,207755
6921,9351,63722,322478,232184,90294,3778,207755
6922,10316,63095,394953,284366,110587,3550,207755
6923,11144,62556,440513,317170,123344,3285,207755
6924,11780,62143,456053,328358,127695,3000,207755
6925,12179,61883,440513,317170,123344,2715,207755
6926,12316,61795,394953,284366,110587,2450,207755
6927,12179,61883,322478,232184,90294,2222,207755
6928,11780,62143,228026,164179,63847,2047,207755
6929,11144,62556,118035,84985,33050,1937,207755
6930,10316,63095,0,0,0,1900,207755
6931,9351,63722,0,0,0,1937,207755
6932,8316,64395,0,0,0,2047,207755
6933,7281,65068,0,0,0,2222,207755
6934,6316,65695,0,0,0,2450,207755
6935,5487,66233,0,0,0,2715,207755
6936,4711,66738,0,0,0,3000,213548
6937,4311,66998,0,0,0,3285,213548
6938,4175,67086,0,0,0,3550,213548
6939,4311,66998,0,0,0,3778,213548
6940,4711,66738,0,0,0,3953,213548
6941,5347,66325,0,0,0,4063,213548
6942,6175,65786,0,0,0,4100,213548
6943,7140,65159,116760,84067,32693,4063,213548
6944,8175,64486,225562,162405,63157,3953,213548
6945,9210,63813,318993,229675,89318,3778,213548
6946,10175,63186,390686,281294,109392,3550,213548
6947,11003,62648,435753,313742,122011,3285,213548
6948,11639,62235,451125,324810,126315,3000,213548
6949,12039,61975,435753,313742,122011,2715,213548
6950,12175,61886,390686,281294,109392,2450,213548
6951,12039,61975,318993,229675,89318,2222,213548
6952,11639,62235,225562,162405,63157,2047,213548
6953,11003,62648,116760,84067,32693,1937,213548
6954,10175,63186,0,0,0,1900,213548
6955,9210,63813,0,0,0,1937,213548
6956,8175,64486,0,0,0,2047,213548
6957,7140,65159,0,0,0,2222,213548
6958,6175,65786,0,0,0,2450,213548
6959,5347,66325,0,0,0,2715,213548
6960,4571,66829,0,0,0,3000,197317
6961,4172,67088,0,0,0,3285,197317
6962,4035,67177,0,0,0,3550,197317
6963,4172,67088,0,0,0,3778,197317
6964,4571,66829,0,0,0,3953,197317
6965,5207,66416,0,0,0,4063,197317
6966,6035,65877,0,0,0,4100,197317
6967,7000,65250,115495,83156,32338,4063,197317
6968,8035,64577,223118,160645,62473,3953,197317
6969,9071,63904,315537,227187,88350,3778,197317
6970,10035,63277,386452,278246,108207,3550,197317
6971,10864,62739,431031,310343,120689,3285,197317
6972,11499,62325,446237,321290,124946,3000,197317
6973,11899,62066,431031,310343,120689,2715,197317
6974,12035,61977,386452,278246,108207,2450,197317
6975,11899,62066,315537,227187,88350,2222,197317
6976,11499,62325,223118,160645,62473,2047,197317
6977,10864,62739,115495,83156,32338,1937,197317
6978,10035,63277,0,0,0,1900,197317
6979,9071,63904,0,0,0,1937,197317
6980,8035,64577,0,0,0,2047,197317
6981,7000,65250,0,0,0,2222,197317
6982,6035,65877,0,0,0,2450,197317
6983,5207,66416,0,0,0,2715,197317
6984,4433,66919,0,0,0,3000,171283
6985,4033,67178,0,0,0,3285,171283
6986,3897,67267,0,0,0,3550,171283
6987,4033,67178,0,0,0,3778,171283
6988,4433,66919,0,0,0,3953,171283
6989,5068,66506,0,0,0,4063,171283
6990,5897,65967,0,0,0,4100,171283
6991,6862,65340,114240,82253,31987,4063,171283
6992,7897,64667,220695,158900,61795,3953,171283
6993,8932,63994,312109,224719,87391,3778,171283
6994,9897,63367,382254,275223,107031,3550,171283
6995,10725,62829,426349,306972,119378,3285,171283
6996,11361,62415,441389,317800,123589,3000,171283
6997,11761,62156,426349,306972,119378,2715,171283
6998,11897,62067,382254,275223,107031,2450,171283
6999,11761,62156,312109,224719,87391,2222,171283
7000,11361,62415,220695,158900,61795,2047,171283
7001,10725,62829,114240,82253,31987,1937,171283
7002,9897,63367,0,0,0,1900,171283
7003,8932,63994,0,0,0,1937,171283
7004,7897,64667,0,0,0,2047,171283
7005,6862,65340,0,0,0,2222,171283
7006,5897,65967,0,0,0,2450,171283
7007,5068,66506,0,0,0,2715,171283
7008,4295,67008,0,0,0,3000,155052
7009,3896,67268,0,0,0,3285,155052
7010,3760,67356,0,0,0,3550,155052
7011,3896,67268,0,0,0,3778,155052
7012,4295,67008,0,0,0,3953,155052
7013,4931,66595,0,0,0,4063,155052
7014,5760,66056,0,0,0,4100,155052
7015,6724,65429,112996,81357,31639,4063,155052
7016,7760,64756,218292,157171,61122,3953,155052
7017,8795,64083,308712,222273,86439,3778,155052
7018,9760,63456,378093,272227,105866,3550,155052
7019,10588,62918,421708,303630,118078,3285,155052
7020,11224,62505,436585,314341,122244,3000,155052
7021,11623,62245,421708,303630,118078,2715,155052
7022,11760,62156,378093,272227,105866,2450,155052
7023,11623,62245,308712,222273,86439,2222,155052
7024,11224,62505,218292,157171,61122,2047,155052
7025,10588,62918,112996,81357,31639,1937,155052
7026,9760,63456,0,0,0,1900,155052
7027,8795,64083,0,0,0,1937,155052
7028,7760,64756,0,0,0,2047,155052
7029,6724,65429,0,0,0,2222,155052
7030,5760,66056,0,0,0,2450,155052
7031,4931,66595,0,0,0,2715,155052
7032,4159,67096,0,0,0,3000,160845
7033,3760,67356,0,0,0,3285,160845
7034,3624,67445,0,0,0,3550,160845
7035,3760,67356,0,0,0,3778,160845
7036,4159,67096,0,0,0,3953,160845
7037,4795,66683,0,0,0,4063,160845
7038,5624,66145,0,0,0,4100,160845
7039,6588,65518,111764,80470,31294,4063,160845
7040,7624,64845,215912,155457,60455,3953,160845
7041,8659,64172,305346,219849,85497,3778,160845
7042,9624,63545,373971,269259,104712,3550,160845
7043,10452,63006,417110,300319,116791,3285,160845
7044,11088,62593,431824,310913,120911,3000,160845
7045,11487,62333,417110,300319,116791,2715,160845
7046,11624,62245,373971,269259,104712,2450,160845
7047,11487,62333,305346,219849,85497,2222,160845
7048,11088,62593,215912,155457,60455,2047,160845
7049,10452,63006,111764,80470,31294,1937,160845
7050,9624,63545,0,0,0,1900,160845
7051,8659,64172,0,0,0,1937,160845
7052,7624,64845,0,0,0,2047,160845
7053,6588,65518,0,0,0,2222,160845
7054,5624,66145,0,0,0,2450,160845
7055,4795,66683,0,0,0,2715,160845
7056,4025,67184,0,0,0,3000,184300
7057,3625,67444,0,0,0,3285,184300
7058,3489,67532,0,0,0,3550,184300
7059,3625,67444,0,0,0,3778,184300
7060,4025,67184,0,0,0,3953,184300
7061,4660,66771,0,0,0,4063,184300
7062,5489,66232,0,0,0,4100,184300
7063,6454,65605,110544,79592,30952,4063,184300
7064,7489,64932,213554,153759,59795,3953,184300
7065,8524,64259,302012,217448,84563,3778,184300
7066,9489,63632,369887,266319,103568,3550,184300
7067,10317,63094,412555,297040,115516,3285,184300
7068,10953,62681,427109,307518,119590,3000,184300
7069,11353,62421,412555,297040,115516,2715,184300
7070,11489,62332,369887,266319,103568,2450,184300
7071,11353,62421,302012,217448,84563,2222,184300
7072,10953,62681,213554,153759,59795,2047,184300
7073,10317,63094,110544,79592,30952,1937,184300
7074,9489,63632,0,0,0,1900,184300
7075,8524,64259,0,0,0,1937,184300
7076,7489,64932,0,0,0,2047,184300
7077,6454,65605,0,0,0,2222,184300
7078,5489,66232,0,0,0,2450,184300
7079,4660,66771,0,0,0,2715,184300
7080,3891,67271,0,0,0,3000,207755
7081,3492,67530,0,0,0,3285,207755
7082,3355,67619,0,0,0,3550,207755
7083,3492,67530,0,0,0,3778,207755
7084,3891,67271,0,0,0,3953,207755
7085,4527,66857,0,0,0,4063,207755
7086,5355,66319,0,0,0,4100,207755
7087,6320,65692,109336,78722,30614,4063,207755
7088,7355,65019,211220,152079,59142,3953,207755
7089,8391,64346,298710,215072,83639,3778,207755
7090,9355,63719,365844,263408,102436,3550,207755
7091,10184,63180,408046,293793,114253,3285,207755
7092,10820,62767,422440,304157,118283,3000,207755
7093,11219,62508,408046,293793,114253,2715,207755
7094,11355,62419,365844,263408,102436,2450,207755
7095,11219,62508,298710,215072,83639,2222,207755
7096,10820,62767,211220,152079,59142,2047,207755
7097,10184,63180,109336,78722,30614,1937,207755
7098,9355,63719,0,0,0,1900,207755
7099,8391,64346,0,0,0,1937,207755
7100,7355,65019,0,0,0,2047,207755
7101,6320,65692,0,0,0,2222,207755
7102,5355,66319,0,0,0,2450,207755
7103,4527,66857,0,0,0,2715,207755
7104,3759,67356,0,0,0,3000,213548
7105,3360,67616,0,0,0,3285,213548
7106,3223,67705,0,0,0,3550,213548
7107,3360,67616,0,0,0,3778,213548
7108,3759,67356,0,0,0,3953,213548
7109,4395,66943,0,0,0,4063,213548
7110,5223,66405,0,0,0,4100,213548
7111,6188,65778,108140,77861,30279,4063,213548
7112,7223,65105,208910,150415,58495,3953,213548
7113,8259,64432,295443,212719,82724,3778,213548
7114,9223,63805,361843,260527,101316,3550,213548
7115,10052,63266,403583,290580,113003,3285,213548
7116,10688,62853,417820,300830,116990,3000,213548
7117,11087,62593,403583,290580,113003,2715,213548
7118,11223,62505,361843,260527,101316,2450,213548
7119,11087,62593,295443,212719,82724,2222,213548
7120,10688,62853,208910,150415,58495,2047,213548
7121,10052,63266,108140,77861,30279,1937,213548
7122,9223,63805,0,0,0,1900,213548
7123,8259,64432,0,0,0,1937,213548
7124,7223,65105,0,0,0,2047,213548
7125,6188,65778,0,0,0,2222,213548
7126,5223,66405,0,0,0,2450,213548
7127,4395,66943,0,0,0,2715,213548
7128,3629,67441,0,0,0,3000,197317
7129,3229,67701,0,0,0,3285,197317
7130,3093,67790,0,0,0,3550,197317
7131,3229,67701,0,0,0,3778,197317
7132,3629,67441,0,0,0,3953,197317
7133,4264,67028,0,0,0,4063,197317
7134,5093,66490,0,0,0,4100,197317
7135,6058,65863,106957,77009,29948,4063,197317
7136,7093,65190,206625,148770,57855,3953,197317
7137,8128,64517,292211,210392,81819,3778,197317
7138,9093,63890,357884,257677,100208,3550,197317
7139,9921,63351,399168,287401,111767,3285,197317
7140,10557,62938,413249,297539,115710,3000,197317
7141,10957,62678,399168,287401,111767,2715,197317
7142,11093,62590,357884,257677,100208,2450,197317
7143,10957,62678,292211,210392,81819,2222,197317
7144,10557,62938,206625,148770,57855,2047,197317
7145,9921,63351,106957,77009,29948,1937,197317
7146,9093,63890,0,0,0,1900,197317
7147,8128,64517,0,0,0,1937,197317
7148,7093,65190,0,0,0,2047,197317
7149,6058,65863,0,0,0,2222,197317
7150,5093,66490,0,0,0,2450,197317
7151,4264,67028,0,0,0,2715,197317
7152,3500,67525,0,0,0,3000,171283
7153,3100,67785,0,0,0,3285,171283
7154,2964,67874,0,0,0,3550,171283
7155,3100,67785,0,0,0,3778,171283
7156,3500,67525,0,0,0,3953,171283
7157,4135,67112,0,0,0,4063,171283
7158,4964,66574,0,0,0,4100,171283
7159,5928,65947,105787,76167,29620,4063,171283
7160,6964,65274,204365,147143,57222,3953,171283
7161,7999,64601,289015,208091,80924,3778,171283
7162,8964,63974,353970,254858,99112,3550,171283
7163,9792,63435,394802,284258,110545,3285,171283
7164,10428,63022,408729,294285,114444,3000,171283
7165,10827,62762,394802,284258,110545,2715,171283
7166,10964,62674,353970,254858,99112,2450,171283
7167,10827,62762,289015,208091,80924,2222,171283
7168,10428,63022,204365,147143,57222,2047,171283
7169,9792,63435,105787,76167,29620,1937,171283
7170,8964,63974,0,0,0,1900,171283
7171,7999,64601,0,0,0,1937,171283
7172,6964,65274,0,0,0,2047,171283
7173,5928,65947,0,0,0,2222,171283
7174,4964,66574,0,0,0,2450,171283
7175,4135,67112,0,0,0,2715,171283
7176,3372,67608,0,0,0,3000,155052
7177,2972,67868,0,0,0,3285,155052
7178,2836,67957,0,0,0,3550,155052
7179,2972,67868,0,0,0,3778,155052
7180,3372,67608,0,0,0,3953,155052
7181,4008,67195,0,0,0,4063,155052
7182,4836,66657,0,0,0,4100,155052
7183,5801,66029,104631,75334,29297,4063,155052
7184,6836,65357,202131,145534,56597,3953,155052
7185,7871,64684,285856,205816,80040,3778,155052
7186,8836,64057,350101,252073,98028,3550,155052
7187,9664,63518,390487,281151,109336,3285,155052
7188,10300,63105,404262,291068,113193,3000,155052
7189,10700,62845,390487,281151,109336,2715,155052
7190,10836,62757,350101,252073,98028,2450,155052
7191,10700,62845,285856,205816,80040,2222,155052
7192,10300,63105,202131,145534,56597,2047,155052
7193,9664,63518,104631,75334,29297,1937,155052
7194,8836,64057,0,0,0,1900,155052
7195,7871,64684,0,0,0,1937,155052
7196,6836,65357,0,0,0,2047,155052
7197,5801,66029,0,0,0,2222,155052
7198,4836,66657,0,0,0,2450,155052
7199,4008,67195,0,0,0,2715,155052
7200,3246,67690,0,0,0,3000,160845
7201,2846,67950,0,0,0,3285,160845
7202,2710,68039,0,0,0,3550,160845
7203,2846,67950,0,0,0,3778,160845
7204,3246,67690,0,0,0,3953,160845
7205,3882,67277,0,0,0,4063,160845
7206,4710,66739,0,0,0,4100,160845
7207,5675,66111,103488,74511,28977,4063,160845
7208,6710,65439,199924,143945,55979,3953,160845
7209,7745,64766,282735,203569,79166,3778,160845
7210,8710,64139,346278,249320,96958,3550,160845
7211,9538,63600,386223,278081,108142,3285,160845
7212,10174,63187,399848,287890,111957,3000,160845
7213,10574,62927,386223,278081,108142,2715,160845
7214,10710,62839,346278,249320,96958,2450,160845
7215,10574,62927,282735,203569,79166,2222,160845
7216,10174,63187,199924,143945,55979,2047,160845
7217,9538,63600,103488,74511,28977,1937,160845
7218,8710,64139,0,0,0,1900,160845
7219,7745,64766,0,0,0,1937,160845
7220,6710,65439,0,0,0,2047,160845
7221,5675,66111,0,0,0,2222,160845
7222,4710,66739,0,0,0,2450,160845
7223,3882,67277,0,0,0,2715,160845
7224,3121,67771,0,0,0,3000,184300
7225,2722,68031,0,0,0,3285,184300
7226,2585,68120,0,0,0,3550,184300
7227,2722,68031,0,0,0,3778,184300
7228,3121,67771,0,0,0,3953,184300
7229,3757,67358,0,0,0,4063,184300
7230,4585,66820,0,0,0,4100,184300
7231,5550,66192,102360,73699,28661,4063,184300
7232,6585,65520,197744,142376,55368,3953,184300
7233,7621,64847,279653,201350,78303,3778,184300
7234,8585,64220,342503,246602,95901,3550,184300
7235,9414,63681,382012,275049,106963,3285,184300
7236,10049,63268,395488,284752,110737,3000,184300
7237,10449,63008,382012,275049,106963,2715,184300
7238,10585,62920,342503,246602,95901,2450,184300
7239,10449,63008,279653,201350,78303,2222,184300
7240,10049,63268,197744,142376,55368,2047,184300
7241,9414,63681,102360,73699,28661,1937,184300
7242,8585,64220,0,0,0,1900,184300
7243,7621,64847,0,0,0,1937,184300
7244,6585,65520,0,0,0,2047,184300
7245,5550,66192,0,0,0,2222,184300
7246,4585,66820,0,0,0,2450,184300
7247,3757,67358,0,0,0,2715,184300
7248,2998,67851,0,0,0,3000,207755
7249,2599,68111,0,0,0,3285,207755
7250,2462,68199,0,0,0,3550,207755
7251,2599,68111,0,0,0,3778,207755
7252,2998,67851,0,0,0,3953,207755
7253,3634,67438,0,0,0,4063,207755
7254,4462,66899,0,0,0,4100,207755
7255,5427,66272,101246,72897,28349,4063,207755
7256,6462,65599,195593,140827,54766,3953,207755
7257,7498,64926,276610,199159,77451,3778,207755
7258,8462,64299,338776,243919,94857,3550,207755
7259,9291,63761,377856,272056,105800,3285,207755
7260,9927,63348,391185,281653,109532,3000,207755
7261,10326,63088,377856,272056,105800,2715,207755
7262,10462,62999,338776,243919,94857,2450,207755
7263,10326,63088,276610,199159,77451,2222,207755
7264,9927,63348,195593,140827,54766,2047,207755
7265,9291,63761,101246,72897,28349,1937,207755
7266,8462,64299,0,0,0,1900,207755
7267,7498,64926,0,0,0,1937,207755
7268,6462,65599,0,0,0,2047,207755
7269,5427,66272,0,0,0,2222,207755
7270,4462,66899,0,0,0,2450,207755
7271,3634,67438,0,0,0,2715,207755
7272,2877,67930,0,0,0,3000,213548
7273,2477,68190,0,0,0,3285,213548
7274,2341,68278,0,0,0,3550,213548
7275,2477,68190,0,0,0,3778,213548
7276,2877,67930,0,0,0,3953,213548
7277,3513,67517,0,0,0,4063,213548
7278,4341,66978,0,0,0,4100,213548
7279,5306,66351,100147,72106,28041,4063,213548
7280,6341,65678,193470,139298,54172,3953,213548
7281,7376,65005,273608,196998,76610,3778,213548
7282,8341,64378,335100,241272,93828,3550,213548
7283,9170,63840,373755,269104,104651,3285,213548
7284,9805,63427,386940,278597,108343,3000,213548
7285,10205,63167,373755,269104,104651,2715,213548
7286,10341,63078,335100,241272,93828,2450,213548
7287,10205,63167,273608,196998,76610,2222,213548
7288,9805,63427,193470,139298,54172,2047,213548
7289,9170,63840,100147,72106,28041,1937,213548
7290,8341,64378,0,0,0,1900,213548
7291,7376,65005,0,0,0,1937,213548
7292,6341,65678,0,0,0,2047,213548
7293,5306,66351,0,0,0,2222,213548
7294,4341,66978,0,0,0,2450,213548
7295,3513,67517,0,0,0,2715,213548
7296,2757,68008,0,0,0,3000,197317
7297,2358,68267,0,0,0,3285,197317
7298,2222,68356,0,0,0,3550,197317
7299,2358,68267,0,0,0,3778,197317
7300,2757,68008,0,0,0,3953,197317
7301,3393,67594,0,0,0,4063,197317
7302,4222,67056,0,0,0,4100,197317
7303,5186,66429,99064,71326,27738,4063,197317
7304,6222,65756,191376,137791,53585,3953,197317
7305,7257,65083,270647,194866,75781,3778,197317
7306,8222,64456,331474,238661,92813,3550,197317
7307,9050,63918,369711,266192,103519,3285,197317
7308,9686,63504,382753,275582,107171,3000,197317
7309,10085,63245,369711,266192,103519,2715,197317
7310,10222,63156,331474,238661,92813,2450,197317
7311,10085,63245,270647,194866,75781,2222,197317
7312,9686,63504,191376,137791,53585,2047,197317
7313,9050,63918,99064,71326,27738,1937,197317
7314,8222,64456,0,0,0,1900,197317
7315,7257,65083,0,0,0,1937,197317
7316,6222,65756,0,0,0,2047,197317
7317,5186,66429,0,0,0,2222,197317
7318,4222,67056,0,0,0,2450,197317
7319,3393,67594,0,0,0,2715,197317
7320,2639,68084,0,0,0,3000,171283
7321,2240,68344,0,0,0,3285,171283
7322,2104,68433,0,0,0,3550,171283
7323,2240,68344,0,0,0,3778,171283
7324,2639,68084,0,0,0,3953,171283
7325,3275,67671,0,0,0,4063,171283
7326,4104,67133,0,0,0,4100,171283
7327,5068,66506,97996,70557,27439,4063,171283
7328,6104,65833,189313,136305,53008,3953,171283
7329,7139,65160,267729,192765,74964,3778,171283
7330,8104,64533,327900,236088,91812,3550,171283
7331,8932,63994,365724,263322,102403,3285,171283
7332,9568,63581,378626,272611,106015,3000,171283
7333,9967,63321,365724,263322,102403,2715,171283
7334,10104,63233,327900,236088,91812,2450,171283
7335,9967,63321,267729,192765,74964,2222,171283
7336,9568,63581,189313,136305,53008,2047,171283
7337,8932,63994,97996,70557,27439,1937,171283
7338,8104,64533,0,0,0,1900,171283
7339,7139,65160,0,0,0,1937,171283
7340,6104,65833,0,0,0,2047,171283
7341,5068,66506,0,0,0,2222,171283
7342,4104,67133,0,0,0,2450,171283
7343,3275,67671,0,0,0,2715,171283
7344,2523,68160,0,0,0,3000,155052
7345,2124,68420,0,0,0,3285,155052
7346,1987,68508,0,0,0,3550,155052
7347,2124,68420,0,0,0,3778,155052
7348,2523,68160,0,0,0,3953,155052
7349,3159,67747,0,0,0,4063,155052
7350,3987,67208,0,0,0,4100,155052
7351,4952,66581,96943,69799,27144,4063,155052
7352,5987,65908,187280,134842,52438,3953,155052
7353,7023,65235,264854,190695,74159,3778,155052
7354,7987,64608,324378,233552,90826,3550,155052
7355,8816,64070,361797,260494,101303,3285,155052
7356,9452,63657,374560,269683,104877,3000,155052
7357,9851,63397,361797,260494,101303,2715,155052
7358,9987,63308,324378,233552,90826,2450,155052
7359,9851,63397,264854,190695,74159,2222,155052
7360,9452,63657,187280,134842,52438,2047,155052
7361,8816,64070,96943,69799,27144,1937,155052
7362,7987,64608,0,0,0,1900,155052
7363,7023,65235,0,0,0,1937,155052
7364,5987,65908,0,0,0,2047,155052
7365,4952,66581,0,0,0,2222,155052
7366,3987,67208,0,0,0,2450,155052
7367,3159,67747,0,0,0,2715,155052
7368,2409,68234,0,0,0,3000,160845
7369,2009,68494,0,0,0,3285,160845
7370,1873,68583,0,0,0,3550,160845
7371,2009,68494,0,0,0,3778,160845
7372,2409,68234,0,0,0,3953,160845
7373,3045,67821,0,0,0,4063,160845
7374,3873,67283,0,0,0,4100,160845
7375,4838,66655,95907,69053,26854,4063,160845
7376,5873,65983,185278,133400,51878,3953,160845
7377,6908,65310,262023,188657,73366,3778,160845
7378,7873,64683,320911,231056,89855,3550,160845
7379,8701,64144,357930,257710,100220,3285,160845
7380,9337,63731,370556,266801,103756,3000,160845
7381,9737,63471,357930,257710,100220,2715,160845
7382,9873,63383,320911,231056,89855,2450,160845
7383,9737,63471,262023,188657,73366,2222,160845
7384,9337,63731,185278,133400,51878,2047,160845
7385,8701,64144,95907,69053,26854,1937,160845
7386,7873,64683,0,0,0,1900,160845
7387,6908,65310,0,0,0,1937,160845
7388,5873,65983,0,0,0,2047,160845
7389,4838,66655,0,0,0,2222,160845
7390,3873,67283,0,0,0,2450,160845
7391,3045,67821,0,0,0,2715,160845
7392,2296,68307,0,0,0,3000,184300
7393,1897,68567,0,0,0,3285,184300
7394,1760,68656,0,0,0,3550,184300
7395,1897,68567,0,0,0,3778,184300
7396,2296,68307,0,0,0,3953,184300
7397,2932,67894,0,0,0,4063,184300
7398,3760,67356,0,0,0,4100,184300
7399,4725,66729,94887,68319,26568,4063,184300
7400,5760,66056,183308,131982,51326,3953,184300
7401,6796,65383,259237,186651,72586,3778,184300
7402,7760,64756,317499,228599,88900,3550,184300
7403,8589,64217,354124,254969,99155,3285,184300
7404,9225,63804,366616,263964,102653,3000,184300
7405,9624,63544,354124,254969,99155,2715,184300
7406,9760,63456,317499,228599,88900,2450,184300
7407,9624,63544,259237,186651,72586,2222,184300
7408,9225,63804,183308,131982,51326,2047,184300
7409,8589,64217,94887,68319,26568,1937,184300
7410,7760,64756,0,0,0,1900,184300
7411,6796,65383,0,0,0,1937,184300
7412,5760,66056,0,0,0,2047,184300
7413,4725,66729,0,0,0,2222,184300
7414,3760,67356,0,0,0,2450,184300
7415,2932,67894,0,0,0,2715,184300
7416,2186,68379,0,0,0,3000,207755
7417,1786,68639,0,0,0,3285,207755
7418,1650,68728,0,0,0,3550,207755
7419,1786,68639,0,0,0,3778,207755
7420,2186,68379,0,0,0,3953,207755
7421,2821,67966,0,0,0,4063,207755
7422,3650,67428,0,0,0,4100,207755
7423,4614,66801,93884,67597,26288,4063,207755
7424,5650,66128,181371,130587,50784,3953,207755
7425,6685,65455,256497,184678,71819,3778,207755
7426,7650,64828,314143,226183,87960,3550,207755
7427,8478,64289,350381,252274,98107,3285,207755
7428,9114,63876,362741,261174,101568,3000,207755
7429,9513,63616,350381,252274,98107,2715,207755
7430,9650,63528,314143,226183,87960,2450,207755
7431,9513,63616,256497,184678,71819,2222,207755
7432,9114,63876,181371,130587,50784,2047,207755
7433,8478,64289,93884,67597,26288,1937,207755
7434,7650,64828,0,0,0,1900,207755
7435,6685,65455,0,0,0,1937,207755
7436,5650,66128,0,0,0,2047,207755
7437,4614,66801,0,0,0,2222,207755
7438,3650,67428,0,0,0,2450,207755
7439,2821,67966,0,0,0,2715,207755
7440,2077,68450,0,0,0,3000,213548
7441,1677,68710,0,0,0,3285,213548
7442,1541,68798,0,0,0,3550,213548
7443,1677,68710,0,0,0,3778,213548
7444,2077,68450,0,0,0,3953,213548
7445,2712,68037,0,0,0,4063,213548
7446,3541,67498,0,0,0,4100,213548
7447,4506,66871,92898,66887,26012,4063,213548
7448,5541,66198,179466,129215,50250,3953,213548
7449,6576,65525,253803,182738,71065,3778,213548
7450,7541,64898,310844,223808,87036,3550,213548
7451,8369,64360,346701,249625,97076,3285,213548
7452,9005,63947,358932,258431,100501,3000,213548
7453,9405,63687,346701,249625,97076,2715,213548
7454,9541,63598,310844,223808,87036,2450,213548
7455,9405,63687,253803,182738,71065,2222,213548
7456,9005,63947,179466,129215,50250,2047,213548
7457,8369,64360,92898,66887,26012,1937,213548
7458,7541,64898,0,0,0,1900,213548
7459,6576,65525,0,0,0,1937,213548
7460,5541,66198,0,0,0,2047,213548
7461,4506,66871,0,0,0,2222,213548
7462,3541,67498,0,0,0,2450,213548
7463,2712,68037,0,0,0,2715,213548
7464,1970,68520,0,0,0,3000,197317
7465,1570,68779,0,0,0,3285,197317
7466,1434,68868,0,0,0,3550,197317
7467,1570,68779,0,0,0,3778,197317
7468,1970,68520,0,0,0,3953,197317
7469,2606,68106,0,0,0,4063,197317
7470,3434,67568,0,0,0,4100,197317
7471,4399,66941,91930,66189,25740,4063,197317
7472,5434,66268,177595,127868,49727,3953,197317
7473,6469,65595,251157,180833,70324,3778,197317
7474,7434,64968,307603,221474,86129,3550,197317
7475,8262,64429,343087,247022,96064,3285,197317
7476,8898,64016,355189,255736,99453,3000,197317
7477,9298,63757,343087,247022,96064,2715,197317
7478,9434,63668,307603,221474,86129,2450,197317
7479,9298,63757,251157,180833,70324,2222,197317
7480,8898,64016,177595,127868,49727,2047,197317
7481,8262,64429,91930,66189,25740,1937,197317
7482,7434,64968,0,0,0,1900,197317
7483,6469,65595,0,0,0,1937,197317
7484,5434,66268,0,0,0,2047,197317
7485,4399,66941,0,0,0,2222,197317
7486,3434,67568,0,0,0,2450,197317
7487,2606,68106,0,0,0,2715,197317
7488,1865,68588,0,0,0,3000,171283
7489,1465,68848,0,0,0,3285,171283
7490,1329,68936,0,0,0,3550,171283
7491,1465,68848,0,0,0,3778,171283
7492,1865,68588,0,0,0,3953,171283
7493,2501,68175,0,0,0,4063,171283
7494,3329,67636,0,0,0,4100,171283
7495,4294,67009,90979,65505,25474,4063,171283
7496,5329,66336,175758,126545,49212,3953,171283
7497,6364,65663,248559,178962,69596,3778,171283
7498,7329,65036,304421,219183,85238,3550,171283
7499,8157,64498,339537,244467,95070,3285,171283
7500,8793,64084,351515,253091,98424,3000,171283
7501,9193,63825,339537,244467,95070,2715,171283
7502,9329,63736,304421,219183,85238,2450,171283
7503,9193,63825,248559,178962,69596,2222,171283
7504,8793,64084,175758,126545,49212,2047,171283
7505,8157,64498,90979,65505,25474,1937,171283
7506,7329,65036,0,0,0,1900,171283
7507,6364,65663,0,0,0,1937,171283
7508,5329,66336,0,0,0,2047,171283
7509,4294,67009,0,0,0,2222,171283
7510,3329,67636,0,0,0,2450,171283
7511,2501,68175,0,0,0,2715,171283
7512,1762,68655,0,0,0,3000,155052
7513,1362,68915,0,0,0,3285,155052
7514,1226,69003,0,0,0,3550,155052
7515,1362,68915,0,0,0,3778,155052
7516,1762,68655,0,0,0,3953,155052
7517,2398,68242,0,0,0,4063,155052
7518,3226,67703,0,0,0,4100,155052
7519,4191,67076,90046,64833,25213,4063,155052
7520,5226,66403,173955,125248,48707,3953,155052
7521,6261,65730,246009,177127,68883,3778,155052
7522,7226,65103,301299,216935,84364,3550,155052
7523,8054,64565,336055,241960,94095,3285,155052
7524,8690,64151,347910,250495,97415,3000,155052
7525,9090,63892,336055,241960,94095,2715,155052
7526,9226,63803,301299,216935,84364,2450,155052
7527,9090,63892,246009,177127,68883,2222,155052
7528,8690,64151,173955,125248,48707,2047,155052
7529,8054,64565,90046,64833,25213,1937,155052
7530,7226,65103,0,0,0,1900,155052
7531,6261,65730,0,0,0,1937,155052
7532,5226,66403,0,0,0,2047,155052
7533,4191,67076,0,0,0,2222,155052
7534,3226,67703,0,0,0,2450,155052
7535,2398,68242,0,0,0,2715,155052
7536,1661,68720,0,0,0,3000,160845
7537,1261,68980,0,0,0,3285,160845
7538,1125,69069,0,0,0,3550,160845
7539,1261,68980,0,0,0,3778,160845
7540,1661,68720,0,0,0,3953,160845
7541,2297,68307,0,0,0,4063,160845
7542,3125,67769,0,0,0,4100,160845
7543,4090,67142,89131,64174,24957,4063,160845
7544,5125,66469,172188,123975,48213,3953,160845
7545,6160,65796,243510,175327,68183,3778,160845
7546,7125,65169,298238,214731,83507,3550,160845
7547,7953,64630,332641,239501,93139,3285,160845
7548,8589,64217,344375,247950,96425,3000,160845
7549,8989,63957,332641,239501,93139,2715,160845
7550,9125,63869,298238,214731,83507,2450,160845
7551,8989,63957,243510,175327,68183,2222,160845
7552,8589,64217,172188,123975,48213,2047,160845
7553,7953,64630,89131,64174,24957,1937,160845
7554,7125,65169,0,0,0,1900,160845
7555,6160,65796,0,0,0,1937,160845
7556,5125,66469,0,0,0,2047,160845
7557,4090,67142,0,0,0,2222,160845
7558,3125,67769,0,0,0,2450,160845
7559,2297,68307,0,0,0,2715,160845
7560,1562,68785,0,0,0,3000,184300
7561,1162,69044,0,0,0,3285,184300
7562,1026,69133,0,0,0,3550,184300
7563,1162,69044,0,0,0,3778,184300
7564,1562,68785,0,0,0,3953,184300
7565,2198,68372,0,0,0,4063,184300
7566,3026,67833,0,0,0,4100,184300
7567,3991,67206,88234,63529,24706,4063,184300
7568,5026,66533,170456,122728,47728,3953,184300
7569,6061,65860,241061,173564,67497,3778,184300
7570,7026,65233,295238,212571,82667,3550,184300
7571,7854,64695,329295,237093,92203,3285,184300
7572,8490,64281,340912,245456,95455,3000,184300
7573,8890,64022,329295,237093,92203,2715,184300
7574,9026,63933,295238,212571,82667,2450,184300
7575,8890,64022,241061,173564,67497,2222,184300
7576,8490,64281,170456,122728,47728,2047,184300
7577,7854,64695,88234,63529,24706,1937,184300
7578,7026,65233,0,0,0,1900,184300
7579,6061,65860,0,0,0,1937,184300
7580,5026,66533,0,0,0,2047,184300
7581,3991,67206,0,0,0,2222,184300
7582,3026,67833,0,0,0,2450,184300
7583,2198,68372,0,0,0,2715,184300
7584,1465,68848,0,0,0,3000,207755
7585,1065,69107,0,0,0,3285,207755
7586,929,69196,0,0,0,3550,207755
7587,1065,69107,0,0,0,3778,207755
7588,1465,68848,0,0,0,3953,207755
7589,2101,68435,0,0,0,4063,207755
7590,2929,67896,0,0,0,4100,207755
7591,3894,67269,87357,62897,24460,4063,207755
7592,4929,66596,168760,121507,47253,3953,207755
7593,5964,65923,238663,171837,66826,3778,207755
7594,6929,65296,292301,210457,81844,3550,207755
7595,7758,64758,326020,234734,91285,3285,207755
7596,8393,64344,337520,243015,94506,3000,207755
7597,8793,64085,326020,234734,91285,2715,207755
7598,8929,63996,292301,210457,81844,2450,207755
7599,8793,64085,238663,171837,66826,2222,207755
7600,8393,64344,168760,121507,47253,2047,207755
7601,7758,64758,87357,62897,24460,1937,207755
7602,6929,65296,0,0,0,1900,207755
7603,5964,65923,0,0,0,1937,207755
7604,4929,66596,0,0,0,2047,207755
7605,3894,67269,0,0,0,2222,207755
7606,2929,67896,0,0,0,2450,207755
7607,2101,68435,0,0,0,2715,207755
7608,1370,68909,0,0,0,3000,213548
7609,971,69169,0,0,0,3285,213548
7610,834,69258,0,0,0,3550,213548
7611,971,69169,0,0,0,3778,213548
7612,1370,68909,0,0,0,3953,213548
7613,2006,68496,0,0,0,4063,213548
7614,2834,67958,0,0,0,4100,213548
7615,3799,67331,86498,62279,24219,4063,213548
7616,4834,66658,167101,120313,46788,3953,213548
7617,5870,65985,236317,170148,66169,3778,213548
7618,6834,65358,289428,208388,81040,3550,213548
7619,7663,64819,322815,232427,90388,3285,213548
7620,8298,64406,334202,240626,93577,3000,213548
7621,8698,64146,322815,232427,90388,2715,213548
7622,8834,64058,289428,208388,81040,2450,213548
7623,8698,64146,236317,170148,66169,2222,213548
7624,8298,64406,167101,120313,46788,2047,213548
7625,7663,64819,86498,62279,24219,1937,213548
7626,6834,65358,0,0,0,1900,213548
7627,5870,65985,0,0,0,1937,213548
7628,4834,66658,0,0,0,2047,213548
7629,3799,67331,0,0,0,2222,213548
7630,2834,67958,0,0,0,2450,213548
7631,2006,68496,0,0,0,2715,213548
7632,1278,68970,0,0,0,3000,197317
7633,878,69229,0,0,0,3285,197317
7634,742,69318,0,0,0,3550,197317
7635,878,69229,0,0,0,3778,197317
7636,1278,68970,0,0,0,3953,197317
7637,1913,68556,0,0,0,4063,197317
7638,2742,68018,0,0,0,4100,197317
7639,3706,67391,85658,61674,23984,4063,197317
7640,4742,66718,165479,119145,46334,3953,197317
7641,5777,66045,234023,168497,65527,3778,197317
7642,6742,65418,286619,206365,80253,3550,197317
7643,7570,64879,319682,230171,89511,3285,197317
7644,8206,64466,330959,238290,92668,3000,197317
7645,8605,64207,319682,230171,89511,2715,197317
7646,8742,64118,286619,206365,80253,2450,197317
7647,8605,64207,234023,168497,65527,2222,197317
7648,8206,64466,165479,119145,46334,2047,197317
7649,7570,64879,85658,61674,23984,1937,197317
7650,6742,65418,0,0,0,1900,197317
7651,5777,66045,0,0,0,1937,197317
7652,4742,66718,0,0,0,2047,197317
7653,3706,67391,0,0,0,2222,197317
7654,2742,68018,0,0,0,2450,197317
7655,1913,68556,0,0,0,2715,197317
7656,1187,69028,0,0,0,3000,171283
7657,787,69288,0,0,0,3285,171283
7658,651,69377,0,0,0,3550,171283
7659,787,69288,0,0,0,3778,171283
7660,1187,69028,0,0,0,3953,171283
7661,1823,68615,0,0,0,4063,171283
7662,2651,68077,0,0,0,4100,171283
7663,3616,67450,84838,61084,23755,4063,171283
7664,4651,66777,163895,118005,45891,3953,171283
7665,5686,66104,231783,166884,64899,3778,171283
7666,6651,65477,283875,204390,79485,3550,171283
7667,7480,64938,316621,227967,88654,3285,171283
7668,8115,64525,327791,236009,91781,3000,171283
7669,8515,64265,316621,227967,88654,2715,171283
7670,8651,64177,283875,204390,79485,2450,171283
7671,8515,64265,231783,166884,64899,2222,171283
7672,8115,64525,163895,118005,45891,2047,171283
7673,7480,64938,84838,61084,23755,1937,171283
7674,6651,65477,0,0,0,1900,171283
7675,5686,66104,0,0,0,1937,171283
7676,4651,66777,0,0,0,2047,171283
7677,3616,67450,0,0,0,2222,171283
7678,2651,68077,0,0,0,2450,171283
7679,1823,68615,0,0,0,2715,171283
7680,1099,69086,0,0,0,3000,155052
7681,699,69346,0,0,0,3285,155052
7682,563,69434,0,0,0,3550,155052
7683,699,69346,0,0,0,3778,155052
7684,1099,69086,0,0,0,3953,155052
7685,1734,68673,0,0,0,4063,155052
7686,2563,68134,0,0,0,4100,155052
7687,3528,67507,84038,60507,23531,4063,155052
7688,4563,66834,162349,116891,45458,3953,155052
7689,5598,66161,229596,165309,64287,3778,155052
7690,6563,65534,281197,202462,78735,3550,155052
7691,7391,64996,313635,225817,87818,3285,155052
7692,8027,64583,324698,233783,90916,3000,155052
7693,8427,64323,313635,225817,87818,2715,155052
7694,8563,64234,281197,202462,78735,2450,155052
7695,8427,64323,229596,165309,64287,2222,155052
7696,8027,64583,162349,116891,45458,2047,155052
7697,7391,64996,84038,60507,23531,1937,155052
7698,6563,65534,0,0,0,1900,155052
7699,5598,66161,0,0,0,1937,155052
7700,4563,66834,0,0,0,2047,155052
7701,3528,67507,0,0,0,2222,155052
7702,2563,68134,0,0,0,2450,155052
7703,1734,68673,0,0,0,2715,155052
7704,1013,69142,0,0,0,3000,160845
7705,613,69402,0,0,0,3285,160845
7706,477,69490,0,0,0,3550,160845
7707,613,69402,0,0,0,3778,160845
7708,1013,69142,0,0,0,3953,160845
7709,1648,68729,0,0,0,4063,160845
7710,2477,68190,0,0,0,4100,160845
7711,3441,67563,83258,59946,23312,4063,160845
7712,4477,66890,160842,115806,45036,3953,160845
7713,5512,66217,227465,163774,63690,3778,160845
7714,6477,65590,278586,200582,78004,3550,160845
7715,7305,65052,310722,223720,87002,3285,160845
7716,7941,64638,321683,231612,90071,3000,160845
7717,8340,64379,310722,223720,87002,2715,160845
7718,8477,64290,278586,200582,78004,2450,160845
7719,8340,64379,227465,163774,63690,2222,160845
7720,7941,64638,160842,115806,45036,2047,160845
7721,7305,65052,83258,59946,23312,1937,160845
7722,6477,65590,0,0,0,1900,160845
7723,5512,66217,0,0,0,1937,160845
7724,4477,66890,0,0,0,2047,160845
7725,3441,67563,0,0,0,2222,160845
7726,2477,68190,0,0,0,2450,160845
7727,1648,68729,0,0,0,2715,160845
7728,929,69196,0,0,0,3000,184300
7729,529,69456,0,0,0,3285,184300
7730,393,69545,0,0,0,3550,184300
7731,529,69456,0,0,0,3778,184300
7732,929,69196,0,0,0,3953,184300
7733,1564,68783,0,0,0,4063,184300
7734,2393,68245,0,0,0,4100,184300
7735,3357,67618,82498,59398,23099,4063,184300
7736,4393,66945,159373,114749,44625,3953,184300
7737,5428,66272,225388,162279,63109,3778,184300
7738,6393,65645,276043,198751,77292,3550,184300
7739,7221,65106,307886,221678,86208,3285,184300
7740,7857,64693,318747,229498,89249,3000,184300
7741,8256,64433,307886,221678,86208,2715,184300
7742,8393,64345,276043,198751,77292,2450,184300
7743,8256,64433,225388,162279,63109,2222,184300
7744,7857,64693,159373,114749,44625,2047,184300
7745,7221,65106,82498,59398,23099,1937,184300
7746,6393,65645,0,0,0,1900,184300
7747,5428,66272,0,0,0,1937,184300
7748,4393,66945,0,0,0,2047,184300
7749,3357,67618,0,0,0,2222,184300
7750,2393,68245,0,0,0,2450,184300
7751,1564,68783,0,0,0,2715,184300
7752,847,69249,0,0,0,3000,207755
7753,447,69509,0,0,0,3285,207755
7754,311,69598,0,0,0,3550,207755
7755,447,69509,0,0,0,3778,207755
7756,847,69249,0,0,0,3953,207755
7757,1483,68836,0,0,0,4063,207755
7758,2311,68298,0,0,0,4100,207755
7759,3276,67671,81758,58866,22892,4063,207755
7760,4311,66998,157944,113720,44224,3953,207755
7761,5346,66325,223367,160824,62543,3778,207755
7762,6311,65698,273567,196969,76599,3550,207755
7763,7140,65159,305125,219690,85435,3285,207755
7764,7775,64746,315889,227440,88449,3000,207755
7765,8175,64486,305125,219690,85435,2715,207755
7766,8311,64398,273567,196969,76599,2450,207755
7767,8175,64486,223367,160824,62543,2222,207755
7768,7775,64746,157944,113720,44224,2047,207755
7769,7140,65159,81758,58866,22892,1937,207755
7770,6311,65698,0,0,0,1900,207755
7771,5346,66325,0,0,0,1937,207755
7772,4311,66998,0,0,0,2047,207755
7773,3276,67671,0,0,0,2222,207755
7774,2311,68298,0,0,0,2450,207755
7775,1483,68836,0,0,0,2715,207755
7776,768,69301,0,0,0,3000,213548
7777,368,69561,0,0,0,3285,213548
7778,232,69649,0,0,0,3550,213548
7779,368,69561,0,0,0,3778,213548
7780,768,69301,0,0,0,3953,213548
7781,1403,68888,0,0,0,4063,213548
7782,2232,68349,0,0,0,4100,213548
7783,3196,67722,81039,58348,22691,4063,213548
7784,4232,67049,156555,112720,43835,3953,213548
7785,5267,66376,221402,159410,61993,3778,213548
7786,6232,65749,271161,195236,75925,3550,213548
7787,7060,65211,302441,217758,84684,3285,213548
7788,7696,64798,313110,225439,87671,3000,213548
7789,8095,64538,302441,217758,84684,2715,213548
7790,8232,64449,271161,195236,75925,2450,213548
7791,8095,64538,221402,159410,61993,2222,213548
7792,7696,64798,156555,112720,43835,2047,213548
7793,7060,65211,81039,58348,22691,1937,213548
7794,6232,65749,0,0,0,1900,213548
7795,5267,66376,0,0,0,1937,213548
7796,4232,67049,0,0,0,2047,213548
7797,3196,67722,0,0,0,2222,213548
7798,2232,68349,0,0,0,2450,213548
7799,1403,68888,0,0,0,2715,213548
7800,691,69351,0,0,0,3000,197317
7801,291,69611,0,0,0,3285,197317
7802,155,69699,0,0,0,3550,197317
7803,291,69611,0,0,0,3778,197317
7804,691,69351,0,0,0,3953,197317
7805,1326,68938,0,0,0,4063,197317
7806,2155,68399,0,0,0,4100,197317
7807,3119,67772,80341,57845,22495,4063,197317
7808,4155,67099,155206,111749,43458,3953,197317
7809,5190,66427,219495,158036,61459,3778,197317
7810,6155,65799,268825,193554,75271,3550,197317
7811,6983,65261,299835,215882,83954,3285,197317
7812,7619,64848,310413,223497,86916,3000,197317
7813,8018,64588,299835,215882,83954,2715,197317
7814,8155,64499,268825,193554,75271,2450,197317
7815,8018,64588,219495,158036,61459,2222,197317
7816,7619,64848,155206,111749,43458,2047,197317
7817,6983,65261,80341,57845,22495,1937,197317
7818,6155,65799,0,0,0,1900,197317
7819,5190,66427,0,0,0,1937,197317
7820,4155,67099,0,0,0,2047,197317
7821,3119,67772,0,0,0,2222,197317
7822,2155,68399,0,0,0,2450,197317
7823,1326,68938,0,0,0,2715,197317
7824,616,69400,0,0,0,3000,171283
7825,216,69659,0,0,0,3285,171283
7826,80,69748,0,0,0,3550,171283
7827,216,69659,0,0,0,3778,171283
7828,616,69400,0,0,0,3953,171283
7829,1251,68987,0,0,0,4063,171283
7830,2080,68448,0,0,0,4100,171283
7831,3045,67821,79664,57358,22306,4063,171283
7832,4080,67148,153898,110807,43091,3953,171283
7833,5115,66475,217645,156704,60941,3778,171283
7834,6080,65848,266559,191923,74637,3550,171283
7835,6908,65310,297308,214062,83246,3285,171283
7836,7544,64896,307796,221613,86183,3000,171283
7837,7944,64637,297308,214062,83246,2715,171283
7838,8080,64548,266559,191923,74637,2450,171283
7839,7944,64637,217645,156704,60941,2222,171283
7840,7544,64896,153898,110807,43091,2047,171283
7841,6908,65310,79664,57358,22306,1937,171283
7842,6080,65848,0,0,0,1900,171283
7843,5115,66475,0,0,0,1937,171283
7844,4080,67148,0,0,0,2047,171283
7845,3045,67821,0,0,0,2222,171283
7846,2080,68448,0,0,0,2450,171283
7847,1251,68987,0,0,0,2715,171283
7848,543,69447,0,0,0,3000,155052
7849,144,69707,0,0,0,3285,155052
7850,7,69795,0,0,0,3550,155052
7851,144,69707,0,0,0,3778,155052
7852,543,69447,0,0,0,3953,155052
7853,1179,69034,0,0,0,4063,155052
7854,2007,68495,0,0,0,4100,155052
7855,2972,67868,79008,56885,22122,4063,155052
7856,4007,67195,152631,109894,42737,3953,155052
7857,5043,66522,215853,155414,60439,3778,155052
7858,6007,65895,264365,190343,74022,3550,155052
7859,6836,65357,294860,212299,82561,3285,155052
7860,7472,64943,305262,219789,85473,3000,155052
7861,7871,64684,294860,212299,82561,2715,155052
7862,8007,64595,264365,190343,74022,2450,155052
7863,7871,64684,215853,155414,60439,2222,155052
7864,7472,64943,152631,109894,42737,2047,155052
7865,6836,65357,79008,56885,22122,1937,155052
7866,6007,65895,0,0,0,1900,155052
7867,5043,66522,0,0,0,1937,155052
7868,4007,67195,0,0,0,2047,155052
7869,2972,67868,0,0,0,2222,155052
7870,2007,68495,0,0,0,2450,155052
7871,1179,69034,0,0,0,2715,155052
7872,473,69492,0,0,0,3000,160845
7873,74,69752,0,0,0,3285,160845
7874,-63,69841,0,0,0,3550,160845
7875,74,69752,0,0,0,3778,160845
7876,473,69492,0,0,0,3953,160845
7877,1109,69079,0,0,0,4063,160845
7878,1937,68541,0,0,0,4100,160845
7879,2902,67914,78373,56429,21944,4063,160845
7880,3937,67241,151405,109012,42393,3953,160845
7881,4973,66568,214119,154166,59953,3778,160845
7882,5937,65941,262242,188814,73428,3550,160845
7883,6766,65402,292493,210595,81898,3285,160845
7884,7402,64989,302811,218024,84787,3000,160845
7885,7801,64729,292493,210595,81898,2715,160845
7886,7937,64641,262242,188814,73428,2450,160845
7887,7801,64729,214119,154166,59953,2222,160845
7888,7402,64989,151405,109012,42393,2047,160845
7889,6766,65402,78373,56429,21944,1937,160845
7890,5937,65941,0,0,0,1900,160845
7891,4973,66568,0,0,0,1937,160845
7892,3937,67241,0,0,0,2047,160845
7893,2902,67914,0,0,0,2222,160845
7894,1937,68541,0,0,0,2450,160845
7895,1109,69079,0,0,0,2715,160845
7896,406,69536,0,0,0,3000,184300
7897,6,69796,0,0,0,3285,184300
7898,-130,69885,0,0,0,3550,184300
7899,6,69796,0,0,0,3778,184300
7900,406,69536,0,0,0,3953,184300
7901,1041,69123,0,0,0,4063,184300
7902,1870,68585,0,0,0,4100,184300
7903,2835,67958,77760,55987,21773,4063,184300
7904,3870,67285,150221,108159,42062,3953,184300
7905,4905,66612,212445,152961,59485,3778,184300
7906,5870,65985,260191,187338,72854,3550,184300
7907,6698,65446,290206,208948,81258,3285,184300
7908,7334,65033,300443,216319,84124,3000,184300
7909,7734,64773,290206,208948,81258,2715,184300
7910,7870,64685,260191,187338,72854,2450,184300
7911,7734,64773,212445,152961,59485,2222,184300
7912,7334,65033,150221,108159,42062,2047,184300
7913,6698,65446,77760,55987,21773,1937,184300
7914,5870,65985,0,0,0,1900,184300
7915,4905,66612,0,0,0,1937,184300
7916,3870,67285,0,0,0,2047,184300
7917,2835,67958,0,0,0,2222,184300
7918,1870,68585,0,0,0,2450,184300
7919,1041,69123,0,0,0,2715,184300
7920,340,69579,0,0,0,3000,207755
7921,-59,69838,0,0,0,3285,207755
7922,-195,69927,0,0,0,3550,207755
7923,-59,69838,0,0,0,3778,207755
7924,340,69579,0,0,0,3953,207755
7925,976,69166,0,0,0,4063,207755
7926,1805,68627,0,0,0,4100,207755
7927,2769,68000,77169,55562,21607,4063,207755
7928,3805,67327,149080,107337,41742,3953,207755
7929,4840,66654,210831,151798,59033,3778,207755
7930,5805,66027,258214,185914,72300,3550,207755
7931,6633,65489,288000,207360,80640,3285,207755
7932,7269,65075,298160,214675,83485,3000,207755
7933,7668,64816,288000,207360,80640,2715,207755
7934,7805,64727,258214,185914,72300,2450,207755
7935,7668,64816,210831,151798,59033,2222,207755
7936,7269,65075,149080,107337,41742,2047,207755
7937,6633,65489,77169,55562,21607,1937,207755
7938,5805,66027,0,0,0,1900,207755
7939,4840,66654,0,0,0,1937,207755
7940,3805,67327,0,0,0,2047,207755
7941,2769,68000,0,0,0,2222,207755
7942,1805,68627,0,0,0,2450,207755
7943,976,69166,0,0,0,2715,207755
7944,278,69620,0,0,0,3000,213548
7945,-122,69879,0,0,0,3285,213548
7946,-258,69968,0,0,0,3550,213548
7947,-122,69879,0,0,0,3778,213548
7948,278,69620,0,0,0,3953,213548
7949,913,69206,0,0,0,4063,213548
7950,1742,68668,0,0,0,4100,213548
7951,2706,68041,76600,55152,21448,4063,213548
7952,3742,67368,147981,106546,41435,3953,213548
7953,4777,66695,209276,150679,58597,3778,213548
7954,5742,66068,256310,184543,71767,3550,213548
7955,6570,65529,285877,205831,80045,3285,213548
7956,7206,65116,295961,213092,82869,3000,213548
7957,7605,64856,285877,205831,80045,2715,213548
7958,7742,64768,256310,184543,71767,2450,213548
7959,7605,64856,209276,150679,58597,2222,213548
7960,7206,65116,147981,106546,41435,2047,213548
7961,6570,65529,76600,55152,21448,1937,213548
7962,5742,66068,0,0,0,1900,213548
7963,4777,66695,0,0,0,1937,213548
7964,3742,67368,0,0,0,2047,213548
7965,2706,68041,0,0,0,2222,213548
7966,1742,68668,0,0,0,2450,213548
7967,913,69206,0,0,0,2715,213548
7968,217,69659,0,0,0,3000,197317
7969,-182,69919,0,0,0,3285,197317
7970,-319,70007,0,0,0,3550,197317
7971,-182,69919,0,0,0,3778,197317
7972,217,69659,0,0,0,3953,197317
7973,853,69246,0,0,0,4063,197317
7974,1681,68707,0,0,0,4100,197317
7975,2646,68080,76054,54759,21295,4063,197317
7976,3681,67407,146924,105785,41139,3953,197317
7977,4717,66734,207782,149603,58179,3778,197317
7978,5681,66107,254480,183226,71254,3550,197317
7979,6510,65569,283836,204362,79474,3285,197317
7980,7145,65155,293848,211571,82278,3000,197317
7981,7545,64896,283836,204362,79474,2715,197317
7982,7681,64807,254480,183226,71254,2450,197317
7983,7545,64896,207782,149603,58179,2222,197317
7984,7145,65155,146924,105785,41139,2047,197317
7985,6510,65569,76054,54759,21295,1937,197317
7986,5681,66107,0,0,0,1900,197317
7987,4717,66734,0,0,0,1937,197317
7988,3681,67407,0,0,0,2047,197317
7989,2646,68080,0,0,0,2222,197317
7990,1681,68707,0,0,0,2450,197317
7991,853,69246,0,0,0,2715,197317
7992,159,69696,0,0,0,3000,171283
7993,-240,69956,0,0,0,3285,171283
7994,-377,70045,0,0,0,3550,171283
7995,-240,69956,0,0,0,3778,171283
7996,159,69696,0,0,0,3953,171283
7997,795,69283,0,0,0,4063,171283
7998,1623,68745,0,0,0,4100,171283
7999,2588,68118,75529,54381,21148,4063,171283
8000,3623,67445,145911,105056,40855,3953,171283
8001,4659,66772,206349,148571,57778,3778,171283
8002,5623,66145,252725,181962,70763,3550,171283
8003,6452,65606,281878,202952,78926,3285,171283
8004,7088,65193,291822,210112,81710,3000,171283
8005,7487,64933,281878,202952,78926,2715,171283
8006,7623,64845,252725,181962,70763,2450,171283
8007,7487,64933,206349,148571,57778,2222,171283
8008,7088,65193,145911,105056,40855,2047,171283
8009,6452,65606,75529,54381,21148,1937,171283
8010,5623,66145,0,0,0,1900,171283
8011,4659,66772,0,0,0,1937,171283
8012,3623,67445,0,0,0,2047,171283
8013,2588,68118,0,0,0,2222,171283
8014,1623,68745,0,0,0,2450,171283
8015,795,69283,0,0,0,2715,171283
8016,104,69732,0,0,0,3000,155052
8017,-296,69992,0,0,0,3285,155052
8018,-432,70081,0,0,0,3550,155052
8019,-296,69992,0,0,0,3778,155052
8020,104,69732,0,0,0,3953,155052
8021,740,69319,0,0,0,4063,155052
8022,1568,68781,0,0,0,4100,155052
8023,2533,68154,75027,54019,21008,4063,155052
8024,3568,67481,144941,104358,40584,3953,155052
8025,4603,66808,204978,147584,57394,3778,155052
8026,5568,66181,251046,180753,70293,3550,155052
8027,6396,65642,280005,201604,78401,3285,155052
8028,7032,65229,289882,208715,81167,3000,155052
8029,7432,64969,280005,201604,78401,2715,155052
8030,7568,64881,251046,180753,70293,2450,155052
8031,7432,64969,204978,147584,57394,2222,155052
8032,7032,65229,144941,104358,40584,2047,155052
8033,6396,65642,75027,54019,21008,1937,155052
8034,5568,66181,0,0,0,1900,155052
8035,4603,66808,0,0,0,1937,155052
8036,3568,67481,0,0,0,2047,155052
8037,2533,68154,0,0,0,2222,155052
8038,1568,68781,0,0,0,2450,155052
8039,740,69319,0,0,0,2715,155052
8040,51,69767,0,0,0,3000,160845
8041,-349,70027,0,0,0,3285,160845
8042,-485,70115,0,0,0,3550,160845
8043,-349,70027,0,0,0,3778,160845
8044,51,69767,0,0,0,3953,160845
8045,687,69354,0,0,0,4063,160845
8046,1515,68815,0,0,0,4100,160845
8047,2480,68188,74548,53674,20873,4063,160845
8048,3515,67515,144015,103691,40324,3953,160845
8049,4550,66842,203668,146641,57027,3778,160845
8050,5515,66215,249442,179598,69844,3550,160845
8051,6344,65677,278216,200315,77900,3285,160845
8052,6979,65263,288030,207382,80648,3000,160845
8053,7379,65004,278216,200315,77900,2715,160845
8054,7515,64915,249442,179598,69844,2450,160845
8055,7379,65004,203668,146641,57027,2222,160845
8056,6979,65263,144015,103691,40324,2047,160845
8057,6344,65677,74548,53674,20873,1937,160845
8058,5515,66215,0,0,0,1900,160845
8059,4550,66842,0,0,0,1937,160845
8060,3515,67515,0,0,0,2047,160845
8061,2480,68188,0,0,0,2222,160845
8062,1515,68815,0,0,0,2450,160845
8063,687,69354,0,0,0,2715,160845
8064,1,69800,0,0,0,3000,184300
8065,-399,70059,0,0,0,3285,184300
8066,-535,70148,0,0,0,3550,184300
8067,-399,70059,0,0,0,3778,184300
8068,1,69800,0,0,0,3953,184300
8069,636,69386,0,0,0,4063,184300
8070,1465,68848,0,0,0,4100,184300
8071,2429,68221,74091,53346,20746,4063,184300
8072,3465,67548,143133,103056,40077,3953,184300
8073,4500,66875,202421,145743,56678,3778,184300
8074,5465,66248,247914,178498,69416,3550,184300
8075,6293,65709,276512,199089,77423,3285,184300
8076,6929,65296,286266,206112,80155,3000,184300
8077,7328,65037,276512,199089,77423,2715,184300
8078,7465,64948,247914,178498,69416,2450,184300
8079,7328,65037,202421,145743,56678,2222,184300
8080,6929,65296,143133,103056,40077,2047,184300
8081,6293,65709,74091,53346,20746,1937,184300
8082,5465,66248,0,0,0,1900,184300
8083,4500,66875,0,0,0,1937,184300
8084,3465,67548,0,0,0,2047,184300
8085,2429,68221,0,0,0,2222,184300
8086,1465,68848,0,0,0,2450,184300
8087,636,69386,0,0,0,2715,184300
8088,-47,69831,0,0,0,3000,207755
8089,-447,70090,0,0,0,3285,207755
8090,-583,70179,0,0,0,3550,207755
8091,-447,70090,0,0,0,3778,207755
8092,-47,69831,0,0,0,3953,207755
8093,588,69418,0,0,0,4063,207755
8094,1417,68879,0,0,0,4100,207755
8095,2382,68252,73657,53033,20624,4063,207755
8096,3417,67579,142295,102453,39843,3953,207755
8097,4452,66906,201236,144890,56346,3778,207755
8098,5417,66279,246463,177453,69010,3550,207755
8099,6245,65741,274893,197923,76970,3285,207755
8100,6881,65327,284590,204905,79685,3000,207755
8101,7281,65068,274893,197923,76970,2715,207755
8102,7417,64979,246463,177453,69010,2450,207755
8103,7281,65068,201236,144890,56346,2222,207755
8104,6881,65327,142295,102453,39843,2047,207755
8105,6245,65741,73657,53033,20624,1937,207755
8106,5417,66279,0,0,0,1900,207755
8107,4452,66906,0,0,0,1937,207755
8108,3417,67579,0,0,0,2047,207755
8109,2382,68252,0,0,0,2222,207755
8110,1417,68879,0,0,0,2450,207755
8111,588,69418,0,0,0,2715,207755
8112,-93,69860,0,0,0,3000,213548
8113,-492,70120,0,0,0,3285,213548
8114,-628,70208,0,0,0,3550,213548
8115,-492,70120,0,0,0,3778,213548
8116,-93,69860,0,0,0,3953,213548
8117,543,69447,0,0,0,4063,213548
8118,1372,68908,0,0,0,4100,213548
8119,2336,68281,73247,52738,20509,4063,213548
8120,3372,67608,141502,101881,39621,3953,213548
8121,4407,66936,200114,144082,56032,3778,213548
8122,5372,66308,245089,176464,68625,3550,213548
8123,6200,65770,273361,196820,76541,3285,213548
8124,6836,65357,283004,203763,79241,3000,213548
8125,7235,65097,273361,196820,76541,2715,213548
8126,7372,65008,245089,176464,68625,2450,213548
8127,7235,65097,200114,144082,56032,2222,213548
8128,6836,65357,141502,101881,39621,2047,213548
8129,6200,65770,73247,52738,20509,1937,213548
8130,5372,66308,0,0,0,1900,213548
8131,4407,66936,0,0,0,1937,213548
8132,3372,67608,0,0,0,2047,213548
8133,2336,68281,0,0,0,2222,213548
8134,1372,68908,0,0,0,2450,213548
8135,543,69447,0,0,0,2715,213548
8136,-135,69888,0,0,0,3000,197317
8137,-535,70148,0,0,0,3285,197317
8138,-671,70236,0,0,0,3550,197317
8139,-535,70148,0,0,0,3778,197317
8140,-135,69888,0,0,0,3953,197317
8141,500,69475,0,0,0,4063,197317
8142,1329,68936,0,0,0,4100,197317
8143,2293,68309,72859,52459,20401,4063,197317
8144,3329,67636,140753,101342,39411,3953,197317
8145,4364,66963,199055,143320,55735,3778,197317
8146,5329,66336,243792,175530,68262,3550,197317
8147,6157,65798,271915,195779,76136,3285,197317
8148,6793,65385,281507,202685,78822,3000,197317
8149,7192,65125,271915,195779,76136,2715,197317
8150,7329,65036,243792,175530,68262,2450,197317
8151,7192,65125,199055,143320,55735,2222,197317
8152,6793,65385,140753,101342,39411,2047,197317
8153,6157,65798,72859,52459,20401,1937,197317
8154,5329,66336,0,0,0,1900,197317
8155,4364,66963,0,0,0,1937,197317
8156,3329,67636,0,0,0,2047,197317
8157,2293,68309,0,0,0,2222,197317
8158,1329,68936,0,0,0,2450,197317
8159,500,69475,0,0,0,2715,197317
8160,-176,69914,0,0,0,3000,171283
8161,-575,70174,0,0,0,3285,171283
8162,-711,70262,0,0,0,3550,171283
8163,-575,70174,0,0,0,3778,171283
8164,-176,69914,0,0,0,3953,171283
8165,460,69501,0,0,0,4063,171283
8166,1289,68962,0,0,0,4100,171283
8167,2253,68335,72495,52196,20299,4063,171283
8168,3289,67662,140050,100836,39214,3953,171283
8169,4324,66990,198060,142603,55457,3778,171283
8170,5289,66362,242573,174653,67921,3550,171283
8171,6117,65824,270555,194800,75756,3285,171283
8172,6753,65411,280100,201672,78428,3000,171283
8173,7152,65151,270555,194800,75756,2715,171283
8174,7289,65062,242573,174653,67921,2450,171283
8175,7152,65151,198060,142603,55457,2222,171283
8176,6753,65411,140050,100836,39214,2047,171283
8177,6117,65824,72495,52196,20299,1937,171283
8178,5289,66362,0,0,0,1900,171283
8179,4324,66990,0,0,0,1937,171283
8180,3289,67662,0,0,0,2047,171283
8181,2253,68335,0,0,0,2222,171283
8182,1289,68962,0,0,0,2450,171283
8183,460,69501,0,0,0,2715,171283
8184,-213,69939,0,0,0,3000,155052
8185,-613,70198,0,0,0,3285,155052
8186,-749,70287,0,0,0,3550,155052
8187,-613,70198,0,0,0,3778,155052
8188,-213,69939,0,0,0,3953,155052
8189,423,69525,0,0,0,4063,155052
8190,1251,68987,0,0,0,4100,155052
8191,2216,68360,72154,51951,20203,4063,155052
8192,3251,67687,139391,100362,39030,3953,155052
8193,4286,67014,197129,141933,55196,3778,155052
8194,5251,66387,241433,173832,67601,3550,155052
8195,6079,65848,269283,193884,75399,3285,155052
8196,6715,65435,278783,200724,78059,3000,155052
8197,7115,65175,269283,193884,75399,2715,155052
8198,7251,65087,241433,173832,67601,2450,155052
8199,7115,65175,197129,141933,55196,2222,155052
8200,6715,65435,139391,100362,39030,2047,155052
8201,6079,65848,72154,51951,20203,1937,155052
8202,5251,66387,0,0,0,1900,155052
8203,4286,67014,0,0,0,1937,155052
8204,3251,67687,0,0,0,2047,155052
8205,2216,68360,0,0,0,2222,155052
8206,1251,68987,0,0,0,2450,155052
8207,423,69525,0,0,0,2715,155052
8208,-248,69961,0,0,0,3000,160845
8209,-648,70221,0,0,0,3285,160845
8210,-784,70310,0,0,0,3550,160845
8211,-648,70221,0,0,0,3778,160845
8212,-248,69961,0,0,0,3953,160845
8213,387,69548,0,0,0,4063,160845
8214,1216,69010,0,0,0,4100,160845
8215,2181,68383,71837,51723,20114,4063,160845
8216,3216,67710,138778,99920,38858,3953,160845
8217,4251,67037,196262,141309,54953,3778,160845
8218,5216,66410,240371,173067,67304,3550,160845
8219,6044,65871,268099,193031,75068,3285,160845
8220,6680,65458,277557,199841,77716,3000,160845
8221,7080,65198,268099,193031,75068,2715,160845
8222,7216,65110,240371,173067,67304,2450,160845
8223,7080,65198,196262,141309,54953,2222,160845
8224,6680,65458,138778,99920,38858,2047,160845
8225,6044,65871,71837,51723,20114,1937,160845
8226,5216,66410,0,0,0,1900,160845
8227,4251,67037,0,0,0,1937,160845
8228,3216,67710,0,0,0,2047,160845
8229,2181,68383,0,0,0,2222,160845
8230,1216,69010,0,0,0,2450,160845
8231,387,69548,0,0,0,2715,160845
8232,-281,69982,0,0,0,3000,184300
8233,-680,70242,0,0,0,3285,184300
8234,-817,70331,0,0,0,3550,184300
8235,-680,70242,0,0,0,3778,184300
8236,-281,69982,0,0,0,3953,184300
8237,355,69569,0,0,0,4063,184300
8238,1183,69031,0,0,0,4100,184300
8239,2148,68404,71543,51511,20032,4063,184300
8240,3183,67731,138211,99512,38699,3953,184300
8241,4219,67058,195460,140731,54729,3778,184300
8242,5183,66431,239388,172360,67029,3550,184300
8243,6012,65892,267003,192242,74761,3285,184300
8244,6648,65479,276422,199024,77398,3000,184300
8245,7047,65219,267003,192242,74761,2715,184300
8246,7183,65131,239388,172360,67029,2450,184300
8247,7047,65219,195460,140731,54729,2222,184300
8248,6648,65479,138211,99512,38699,2047,184300
8249,6012,65892,71543,51511,20032,1937,184300
8250,5183,66431,0,0,0,1900,184300
8251,4219,67058,0,0,0,1937,184300
8252,3183,67731,0,0,0,2047,184300
8253,2148,68404,0,0,0,2222,184300
8254,1183,69031,0,0,0,2450,184300
8255,355,69569,0,0,0,2715,184300
8256,-310,70002,0,0,0,3000,207755
8257,-710,70262,0,0,0,3285,207755
8258,-846,70350,0,0,0,3550,207755
8259,-710,70262,0,0,0,3778,207755
8260,-310,70002,0,0,0,3953,207755
8261,325,69589,0,0,0,4063,207755
8262,1154,69050,0,0,0,4100,207755
8263,2118,68423,71273,51317,19956,4063,207755
8264,3154,67750,137689,99136,38553,3953,207755
8265,4189,67077,194722,140200,54522,3778,207755
8266,5154,66450,238484,171709,66776,3550,207755
8267,5982,65912,265995,191516,74479,3285,207755
8268,6618,65498,275378,198272,77106,3000,207755
8269,7017,65239,265995,191516,74479,2715,207755
8270,7154,65150,238484,171709,66776,2450,207755
8271,7017,65239,194722,140200,54522,2222,207755
8272,6618,65498,137689,99136,38553,2047,207755
8273,5982,65912,71273,51317,19956,1937,207755
8274,5154,66450,0,0,0,1900,207755
8275,4189,67077,0,0,0,1937,207755
8276,3154,67750,0,0,0,2047,207755
8277,2118,68423,0,0,0,2222,207755
8278,1154,69050,0,0,0,2450,207755
8279,325,69589,0,0,0,2715,207755
8280,-338,70019,0,0,0,3000,213548
8281,-737,70279,0,0,0,3285,213548
8282,-874,70368,0,0,0,3550,213548
8283,-737,70279,0,0,0,3778,213548
8284,-338,70019,0,0,0,3953,213548
8285,298,69606,0,0,0,4063,213548
8286,1126,69068,0,0,0,4100,213548
8287,2091,68441,71027,51139,19887,4063,213548
8288,3126,67768,137213,98793,38420,3953,213548
8289,4162,67095,194049,139715,54334,3778,213548
8290,5126,66468,237660,171115,66545,3550,213548
8291,5955,65929,265075,190854,74221,3285,213548
8292,6591,65516,274426,197587,76839,3000,213548
8293,6990,65256,265075,190854,74221,2715,213548
8294,7126,65168,237660,171115,66545,2450,213548
8295,6990,65256,194049,139715,54334,2222,213548
8296,6591,65516,137213,98793,38420,2047,213548
8297,5955,65929,71027,51139,19887,1937,213548
8298,5126,66468,0,0,0,1900,213548
8299,4162,67095,0,0,0,1937,213548
8300,3126,67768,0,0,0,2047,213548
8301,2091,68441,0,0,0,2222,213548
8302,1126,69068,0,0,0,2450,213548
8303,298,69606,0,0,0,2715,213548
8304,-362,70035,0,0,0,3000,197317
8305,-762,70295,0,0,0,3285,197317
8306,-898,70384,0,0,0,3550,197317
8307,-762,70295,0,0,0,3778,197317
8308,-362,70035,0,0,0,3953,197317
8309,273,69622,0,0,0,4063,197317
8310,1102,69084,0,0,0,4100,197317
8311,2067,68457,70804,50979,19825,4063,197317
8312,3102,67784,136783,98484,38299,3953,197317
8313,4137,67111,193441,139277,54163,3778,197317
8314,5102,66484,236916,170579,66336,3550,197317
8315,5930,65945,264245,190256,73989,3285,197317
8316,6566,65532,273567,196968,76599,3000,197317
8317,6966,65272,264245,190256,73989,2715,197317
8318,7102,65184,236916,170579,66336,2450,197317
8319,6966,65272,193441,139277,54163,2222,197317
8320,6566,65532,136783,98484,38299,2047,197317
8321,5930,65945,70804,50979,19825,1937,197317
8322,5102,66484,0,0,0,1900,197317
8323,4137,67111,0,0,0,1937,197317
8324,3102,67784,0,0,0,2047,197317
8325,2067,68457,0,0,0,2222,197317
8326,1102,69084,0,0,0,2450,197317
8327,273,69622,0,0,0,2715,197317
8328,-384,70050,0,0,0,3000,171283
8329,-784,70309,0,0,0,3285,171283
8330,-920,70398,0,0,0,3550,171283
8331,-784,70309,0,0,0,3778,171283
8332,-384,70050,0,0,0,3953,171283
8333,252,69636,0,0,0,4063,171283
8334,1080,69098,0,0,0,4100,171283
8335,2045,68471,70606,50836,19770,4063,171283
8336,3080,67798,136400,98208,38192,3953,171283
8337,4115,67125,192898,138887,54011,3778,171283
8338,5080,66498,236251,170101,66150,3550,171283
8339,5908,65960,263504,189723,73781,3285,171283
8340,6544,65546,272799,196415,76384,3000,171283
8341,6944,65287,263504,189723,73781,2715,171283
8342,7080,65198,236251,170101,66150,2450,171283
8343,6944,65287,192898,138887,54011,2222,171283
8344,6544,65546,136400,98208,38192,2047,171283
8345,5908,65960,70606,50836,19770,1937,171283
8346,5080,66498,0,0,0,1900,171283
8347,4115,67125,0,0,0,1937,171283
8348,3080,67798,0,0,0,2047,171283
8349,2045,68471,0,0,0,2222,171283
8350,1080,69098,0,0,0,2450,171283
8351,252,69636,0,0,0,2715,171283
8352,-403,70062,0,0,0,3000,155052
8353,-803,70322,0,0,0,3285,155052
8354,-939,70411,0,0,0,3550,155052
8355,-803,70322,0,0,0,3778,155052
8356,-403,70062,0,0,0,3953,155052
8357,232,69649,0,0,0,4063,155052
8358,1061,69111,0,0,0,4100,155052
8359,2025,68483,70431,50710,19721,4063,155052
8360,3061,67811,136062,97965,38097,3953,155052
8361,4096,67138,192421,138543,53878,3778,155052
8362,5061,66511,235666,169680,65987,3550,155052
8363,5889,65972,262852,189253,73598,3285,155052
8364,6525,65559,272124,195929,76195,3000,155052
8365,6924,65299,262852,189253,73598,2715,155052
8366,7061,65211,235666,169680,65987,2450,155052
8367,6924,65299,192421,138543,53878,2222,155052
8368,6525,65559,136062,97965,38097,2047,155052
8369,5889,65972,70431,50710,19721,1937,155052
8370,5061,66511,0,0,0,1900,155052
8371,4096,67138,0,0,0,1937,155052
8372,3061,67811,0,0,0,2047,155052
8373,2025,68483,0,0,0,2222,155052
8374,1061,69111,0,0,0,2450,155052
8375,232,69649,0,0,0,2715,155052
8376,-420,70073,0,0,0,3000,160845
8377,-820,70333,0,0,0,3285,160845
8378,-956,70421,0,0,0,3550,160845
8379,-820,70333,0,0,0,3778,160845
8380,-420,70073,0,0,0,3953,160845
8381,216,69660,0,0,0,4063,160845
8382,1044,69121,0,0,0,4100,160845
8383,2009,68494,70280,50602,19678,4063,160845
8384,3044,67821,135771,97755,38016,3953,160845
8385,4079,67148,192009,138247,53763,3778,160845
8386,5044,66521,235162,169317,65845,3550,160845
8387,5872,65983,262289,188848,73441,3285,160845
8388,6508,65570,271542,195510,76032,3000,160845
8389,6908,65310,262289,188848,73441,2715,160845
8390,7044,65221,235162,169317,65845,2450,160845
8391,6908,65310,192009,138247,53763,2222,160845
8392,6508,65570,135771,97755,38016,2047,160845
8393,5872,65983,70280,50602,19678,1937,160845
8394,5044,66521,0,0,0,1900,160845
8395,4079,67148,0,0,0,1937,160845
8396,3044,67821,0,0,0,2047,160845
8397,2009,68494,0,0,0,2222,160845
8398,1044,69121,0,0,0,2450,160845
8399,216,69660,0,0,0,2715,160845
8400,-434,70082,0,0,0,3000,184300
8401,-834,70342,0,0,0,3285,184300
8402,-970,70430,0,0,0,3550,184300
8403,-834,70342,0,0,0,3778,184300
8404,-434,70082,0,0,0,3953,184300
8405,202,69669,0,0,0,4063,184300
8406,1030,69130,0,0,0,4100,184300
8407,1995,68503,70154,50511,19643,4063,184300
8408,3030,67830,135526,97579,37947,3953,184300
8409,4065,67158,191663,137997,53666,3778,184300
8410,5030,66530,234738,169012,65727,3550,184300
8411,5858,65992,261817,188508,73309,3285,184300
8412,6494,65579,271052,195158,75895,3000,184300
8413,6894,65319,261817,188508,73309,2715,184300
8414,7030,65230,234738,169012,65727,2450,184300
8415,6894,65319,191663,137997,53666,2222,184300
8416,6494,65579,135526,97579,37947,2047,184300
8417,5858,65992,70154,50511,19643,1937,184300
8418,5030,66530,0,0,0,1900,184300
8419,4065,67158,0,0,0,1937,184300
8420,3030,67830,0,0,0,2047,184300
8421,1995,68503,0,0,0,2222,184300
8422,1030,69130,0,0,0,2450,184300
8423,202,69669,0,0,0,2715,184300
8424,-445,70089,0,0,0,3000,207755
8425,-845,70349,0,0,0,3285,207755
8426,-981,70438,0,0,0,3550,207755
8427,-845,70349,0,0,0,3778,207755
8428,-445,70089,0,0,0,3953,207755
8429,190,69676,0,0,0,4063,207755
8430,1019,69138,0,0,0,4100,207755
8431,1983,68511,70051,50437,19614,4063,207755
8432,3019,67838,135328,97436,37892,3953,207755
8433,4054,67165,191383,137796,53587,3778,207755
8434,5019,66538,234395,168764,65631,3550,207755
8435,5847,65999,261434,188232,73201,3285,207755
8436,6483,65586,270656,194872,75784,3000,207755
8437,6882,65326,261434,188232,73201,2715,207755
8438,7019,65238,234395,168764,65631,2450,207755
8439,6882,65326,191383,137796,53587,2222,207755
8440,6483,65586,135328,97436,37892,2047,207755
8441,5847,65999,70051,50437,19614,1937,207755
8442,5019,66538,0,0,0,1900,207755
8443,4054,67165,0,0,0,1937,207755
8444,3019,67838,0,0,0,2047,207755
8445,1983,68511,0,0,0,2222,207755
8446,1019,69138,0,0,0,2450,207755
8447,190,69676,0,0,0,2715,207755
8448,-454,70095,0,0,0,3000,213548
8449,-854,70355,0,0,0,3285,213548
8450,-990,70443,0,0,0,3550,213548
8451,-854,70355,0,0,0,3778,213548
8452,-454,70095,0,0,0,3953,213548
8453,182,69682,0,0,0,4063,213548
8454,1010,69143,0,0,0,4100,213548
8455,1975,68516,69972,50380,19592,4063,213548
8456,3010,67843,135176,97327,37849,3953,213548
8457,4045,67171,191168,137641,53527,3778,213548
8458,5010,66543,234132,168575,65557,3550,213548
8459,5839,66005,261141,188021,73119,3285,213548
8460,6474,65592,270353,194654,75699,3000,213548
8461,6874,65332,261141,188021,73119,2715,213548
8462,7010,65243,234132,168575,65557,2450,213548
8463,6874,65332,191168,137641,53527,2222,213548
8464,6474,65592,135176,97327,37849,2047,213548
8465,5839,66005,69972,50380,19592,1937,213548
8466,5010,66543,0,0,0,1900,213548
8467,4045,67171,0,0,0,1937,213548
8468,3010,67843,0,0,0,2047,213548
8469,1975,68516,0,0,0,2222,213548
8470,1010,69143,0,0,0,2450,213548
8471,182,69682,0,0,0,2715,213548
8472,-460,70099,0,0,0,3000,197317
8473,-860,70359,0,0,0,3285,197317
8474,-996,70447,0,0,0,3550,197317
8475,-860,70359,0,0,0,3778,197317
8476,-460,70099,0,0,0,3953,197317
8477,176,69686,0,0,0,4063,197317
8478,1004,69147,0,0,0,4100,197317
8479,1969,68520,69918,50341,19577,4063,197317
8480,3004,67847,135071,97251,37820,3953,197317
8481,4039,67174,191020,137534,53486,3778,197317
8482,5004,66547,233951,168444,65506,3550,197317
8483,5833,66009,260938,187875,73063,3285,197317
8484,6468,65596,270143,194503,75640,3000,197317
8485,6868,65336,260938,187875,73063,2715,197317
8486,7004,65247,233951,168444,65506,2450,197317
8487,6868,65336,191020,137534,53486,2222,197317
8488,6468,65596,135071,97251,37820,2047,197317
8489,5833,66009,69918,50341,19577,1937,197317
8490,5004,66547,0,0,0,1900,197317
8491,4039,67174,0,0,0,1937,197317
8492,3004,67847,0,0,0,2047,197317
8493,1969,68520,0,0,0,2222,197317
8494,1004,69147,0,0,0,2450,197317
8495,176,69686,0,0,0,2715,197317
8496,-463,70101,0,0,0,3000,171283
8497,-863,70361,0,0,0,3285,171283
8498,-999,70450,0,0,0,3550,171283
8499,-863,70361,0,0,0,3778,171283
8500,-463,70101,0,0,0,3953,171283
8501,172,69688,0,0,0,4063,171283
8502,1001,69150,0,0,0,4100,171283
8503,1965,68522,69888,50319,19569,4063,171283
8504,3001,67850,135013,97209,37804,3953,171283
8505,4036,67177,190937,137475,53462,3778,171283
8506,5001,66550,233850,168372,65478,3550,171283
8507,5829,66011,260825,187794,73031,3285,171283
8508,6465,65598,270026,194419,75607,3000,171283
8509,6864,65338,260825,187794,73031,2715,171283
8510,7001,65250,233850,168372,65478,2450,171283
8511,6864,65338,190937,137475,53462,2222,171283
8512,6465,65598,135013,97209,37804,2047,171283
8513,5829,66011,69888,50319,19569,1937,171283
8514,5001,66550,0,0,0,1900,171283
8515,4036,67177,0,0,0,1937,171283
8516,3001,67850,0,0,0,2047,171283
8517,1965,68522,0,0,0,2222,171283
8518,1001,69150,0,0,0,2450,171283
8519,172,69688,0,0,0,2715,171283
8520,-464,70102,0,0,0,3000,155052
8521,-864,70361,0,0,0,3285,155052
8522,-1000,70450,0,0,0,3550,155052
8523,-864,70361,0,0,0,3778,155052
8524,-464,70102,0,0,0,3953,155052
8525,172,69688,0,0,0,4063,155052
8526,1000,69150,0,0,0,4100,155052
8527,1965,68523,69882,50315,19567,4063,155052
8528,3000,67850,135001,97201,37800,3953,155052
8529,4035,67177,190921,137463,53458,3778,155052
8530,5000,66550,233829,168357,65472,3550,155052
8531,5829,66011,260803,187778,73025,3285,155052
8532,6464,65598,270003,194402,75601,3000,155052
8533,6864,65339,260803,187778,73025,2715,155052
8534,7000,65250,233829,168357,65472,2450,155052
8535,6864,65339,190921,137463,53458,2222,155052
8536,6464,65598,135001,97201,37800,2047,155052
8537,5829,66011,69882,50315,19567,1937,155052
8538,5000,66550,0,0,0,1900,155052
8539,4035,67177,0,0,0,1937,155052
8540,3000,67850,0,0,0,2047,155052
8541,1965,68523,0,0,0,2222,155052
8542,1000,69150,0,0,0,2450,155052
8543,172,69688,0,0,0,2715,155052
8544,-462,70100,0,0,0,3000,160845
8545,-862,70360,0,0,0,3285,160845
8546,-998,70449,0,0,0,3550,160845
8547,-862,70360,0,0,0,3778,160845
8548,-462,70100,0,0,0,3953,160845
8549,174,69687,0,0,0,4063,160845
8550,1002,69149,0,0,0,4100,160845
8551,1967,68522,69900,50328,19572,4063,160845
8552,3002,67849,135036,97226,37810,3953,160845
8553,4037,67176,190970,137499,53472,3778,160845
8554,5002,66549,233890,168401,65489,3550,160845
8555,5831,66010,260870,187827,73044,3285,160845
8556,6466,65597,270073,194453,75620,3000,160845
8557,6866,65337,260870,187827,73044,2715,160845
8558,7002,65249,233890,168401,65489,2450,160845
8559,6866,65337,190970,137499,53472,2222,160845
8560,6466,65597,135036,97226,37810,2047,160845
8561,5831,66010,69900,50328,19572,1937,160845
8562,5002,66549,0,0,0,1900,160845
8563,4037,67176,0,0,0,1937,160845
8564,3002,67849,0,0,0,2047,160845
8565,1967,68522,0,0,0,2222,160845
8566,1002,69149,0,0,0,2450,160845
8567,174,69687,0,0,0,2715,160845
8568,-457,70097,0,0,0,3000,184300
8569,-857,70357,0,0,0,3285,184300
8570,-993,70446,0,0,0,3550,184300
8571,-857,70357,0,0,0,3778,184300
8572,-457,70097,0,0,0,3953,184300
8573,178,69684,0,0,0,4063,184300
8574,1007,69146,0,0,0,4100,184300
8575,1971,68519,69942,50358,19584,4063,184300
8576,3007,67846,135118,97285,37833,3953,184300
8577,4042,67173,191086,137582,53504,3778,184300
8578,5007,66546,234031,168503,65529,3550,184300
8579,5835,66007,261028,187940,73088,3285,184300
8580,6471,65594,270236,194570,75666,3000,184300
8581,6870,65334,261028,187940,73088,2715,184300
8582,7007,65246,234031,168503,65529,2450,184300
8583,6870,65334,191086,137582,53504,2222,184300
8584,6471,65594,135118,97285,37833,2047,184300
8585,5835,66007,69942,50358,19584,1937,184300
8586,5007,66546,0,0,0,1900,184300
8587,4042,67173,0,0,0,1937,184300
8588,3007,67846,0,0,0,2047,184300
8589,1971,68519,0,0,0,2222,184300
8590,1007,69146,0,0,0,2450,184300
8591,178,69684,0,0,0,2715,184300
8592,-450,70093,0,0,0,3000,207755
8593,-850,70352,0,0,0,3285,207755
8594,-986,70441,0,0,0,3550,207755
8595,-850,70352,0,0,0,3778,207755
8596,-450,70093,0,0,0,3953,207755
8597,186,69679,0,0,0,4063,207755
8598,1014,69141,0,0,0,4100,207755
8599,1979,68514,70009,50406,19602,4063,207755
8600,3014,67841,135246,97377,37869,3953,207755
8601,4049,67168,191267,137712,53555,3778,207755
8602,5014,66541,234254,168663,65591,3550,207755
8603,5843,66002,261276,188119,73157,3285,207755
8604,6478,65589,270493,194755,75738,3000,207755
8605,6878,65329,261276,188119,73157,2715,207755
8606,7014,65241,234254,168663,65591,2450,207755
8607,6878,65329,191267,137712,53555,2222,207755
8608,6478,65589,135246,97377,37869,2047,207755
8609,5843,66002,70009,50406,19602,1937,207755
8610,5014,66541,0,0,0,1900,207755
8611,4049,67168,0,0,0,1937,207755
8612,3014,67841,0,0,0,2047,207755
8613,1979,68514,0,0,0,2222,207755
8614,1014,69141,0,0,0,2450,207755
8615,186,69679,0,0,0,2715,207755
8616,-440,70086,0,0,0,3000,213548
8617,-840,70346,0,0,0,3285,213548
8618,-976,70434,0,0,0,3550,213548
8619,-840,70346,0,0,0,3778,213548
8620,-440,70086,0,0,0,3953,213548
8621,196,69673,0,0,0,4063,213548
8622,1024,69134,0,0,0,4100,213548
8623,1989,68507,70099,50471,19628,4063,213548
8624,3024,67834,135421,97503,37918,3953,213548
8625,4059,67161,191515,137891,53624,3778,213548
8626,5024,66534,234557,168881,65676,3550,213548
8627,5853,65996,261614,188362,73252,3285,213548
8628,6488,65583,270843,195007,75836,3000,213548
8629,6888,65323,261614,188362,73252,2715,213548
8630,7024,65234,234557,168881,65676,2450,213548
8631,6888,65323,191515,137891,53624,2222,213548
8632,6488,65583,135421,97503,37918,2047,213548
8633,5853,65996,70099,50471,19628,1937,213548
8634,5024,66534,0,0,0,1900,213548
8635,4059,67161,0,0,0,1937,213548
8636,3024,67834,0,0,0,2047,213548
8637,1989,68507,0,0,0,2222,213548
8638,1024,69134,0,0,0,2450,213548
8639,196,69673,0,0,0,2715,213548
8640,-427,70078,0,0,0,3000,197317
8641,-827,70338,0,0,0,3285,197317
8642,-963,70426,0,0,0,3550,197317
8643,-827,70338,0,0,0,3778,197317
8644,-427,70078,0,0,0,3953,197317
8645,208,69665,0,0,0,4063,197317
8646,1037,69126,0,0,0,4100,197317
8647,2001,68499,70214,50554,19660,4063,197317
8648,3037,67826,135643,97663,37980,3953,197317
8649,4072,67153,191828,138116,53712,3778,197317
8650,5037,66526,234940,169157,65783,3550,197317
8651,5865,65988,262042,188670,73372,3285,197317
8652,6501,65574,271286,195326,75960,3000,197317
8653,6900,65315,262042,188670,73372,2715,197317
8654,7037,65226,234940,169157,65783,2450,197317
8655,6900,65315,191828,138116,53712,2222,197317
8656,6501,65574,135643,97663,37980,2047,197317
8657,5865,65988,70214,50554,19660,1937,197317
8658,5037,66526,0,0,0,1900,197317
8659,4072,67153,0,0,0,1937,197317
8660,3037,67826,0,0,0,2047,197317
8661,2001,68499,0,0,0,2222,197317
8662,1037,69126,0,0,0,2450,197317
8663,208,69665,0,0,0,2715,197317
8664,-412,70068,0,0,0,3000,171283
8665,-812,70328,0,0,0,3285,171283
8666,-948,70416,0,0,0,3550,171283
8667,-812,70328,0,0,0,3778,171283
8668,-412,70068,0,0,0,3953,171283
8669,224,69655,0,0,0,4063,171283
8670,1052,69116,0,0,0,4100,171283
8671,2017,68489,70353,50654,19699,4063,171283
8672,3052,67816,135911,97856,38055,3953,171283
8673,4087,67143,192207,138389,53818,3778,171283
8674,5052,66516,235404,169491,65913,3550,171283
8675,5880,65978,262559,189043,73517,3285,171283
8676,6516,65565,271821,195711,76110,3000,171283
8677,6916,65305,262559,189043,73517,2715,171283
8678,7052,65216,235404,169491,65913,2450,171283
8679,6916,65305,192207,138389,53818,2222,171283
8680,6516,65565,135911,97856,38055,2047,171283
8681,5880,65978,70353,50654,19699,1937,171283
8682,5052,66516,0,0,0,1900,171283
8683,4087,67143,0,0,0,1937,171283
8684,3052,67816,0,0,0,2047,171283
8685,2017,68489,0,0,0,2222,171283
8686,1052,69116,0,0,0,2450,171283
8687,224,69655,0,0,0,2715,171283
8688,-394,70056,0,0,0,3000,155052
8689,-794,70316,0,0,0,3285,155052
8690,-930,70404,0,0,0,3550,155052
8691,-794,70316,0,0,0,3778,155052
8692,-394,70056,0,0,0,3953,155052
8693,242,69643,0,0,0,4063,155052
8694,1070,69104,0,0,0,4100,155052
8695,2035,68477,70515,50771,19744,4063,155052
8696,3070,67804,136225,98082,38143,3953,155052
8697,4105,67132,192651,138709,53942,3778,155052
8698,5070,66504,235949,169883,66066,3550,155052
8699,5898,65966,263166,189480,73687,3285,155052
8700,6534,65553,272450,196164,76286,3000,155052
8701,6934,65293,263166,189480,73687,2715,155052
8702,7070,65204,235949,169883,66066,2450,155052
8703,6934,65293,192651,138709,53942,2222,155052
8704,6534,65553,136225,98082,38143,2047,155052
8705,5898,65966,70515,50771,19744,1937,155052
8706,5070,66504,0,0,0,1900,155052
8707,4105,67132,0,0,0,1937,155052
8708,3070,67804,0,0,0,2047,155052
8709,2035,68477,0,0,0,2222,155052
8710,1070,69104,0,0,0,2450,155052
8711,242,69643,0,0,0,2715,155052
8712,-373,70043,0,0,0,3000,160845
8713,-773,70303,0,0,0,3285,160845
8714,-909,70391,0,0,0,3550,160845
8715,-773,70303,0,0,0,3778,160845
8716,-373,70043,0,0,0,3953,160845
8717,262,69630,0,0,0,4063,160845
8718,1091,69091,0,0,0,4100,160845
8719,2055,68464,70702,50905,19797,4063,160845
8720,3091,67791,136586,98342,38244,3953,160845
8721,4126,67118,193161,139076,54085,3778,160845
8722,5091,66491,236573,170333,66241,3550,160845
8723,5919,65953,263863,189981,73882,3285,160845
8724,6555,65539,273171,196683,76488,3000,160845
8725,6954,65280,263863,189981,73882,2715,160845
8726,7091,65191,236573,170333,66241,2450,160845
8727,6954,65280,193161,139076,54085,2222,160845
8728,6555,65539,136586,98342,38244,2047,160845
8729,5919,65953,70702,50905,19797,1937,160845
8730,5091,66491,0,0,0,1900,160845
8731,4126,67118,0,0,0,1937,160845
8732,3091,67791,0,0,0,2047,160845
8733,2055,68464,0,0,0,2222,160845
8734,1091,69091,0,0,0,2450,160845
8735,262,69630,0,0,0,2715,160845
8736,-350,70028,0,0,0,3000,184300
8737,-750,70287,0,0,0,3285,184300
8738,-886,70376,0,0,0,3550,184300
8739,-750,70287,0,0,0,3778,184300
8740,-350,70028,0,0,0,3953,184300
8741,285,69614,0,0,0,4063,184300
8742,1114,69076,0,0,0,4100,184300
8743,2079,68449,70913,51057,19856,4063,184300
8744,3114,67776,136992,98635,38358,3953,184300
8745,4149,67103,193737,139490,54246,3778,184300
8746,5114,66476,237278,170840,66438,3550,184300
8747,5942,65938,264649,190547,74102,3285,184300
8748,6578,65524,273985,197269,76716,3000,184300
8749,6978,65265,264649,190547,74102,2715,184300
8750,7114,65176,237278,170840,66438,2450,184300
8751,6978,65265,193737,139490,54246,2222,184300
8752,6578,65524,136992,98635,38358,2047,184300
8753,5942,65938,70913,51057,19856,1937,184300
8754,5114,66476,0,0,0,1900,184300
8755,4149,67103,0,0,0,1937,184300
8756,3114,67776,0,0,0,2047,184300
8757,2079,68449,0,0,0,2222,184300
8758,1114,69076,0,0,0,2450,184300
8759,285,69614,0,0,0,2715,184300
