hour,dry_bulb_temp_milli_c,relative_humidity_milli_pct,global_horizontal_milli_wh_m2,direct_normal_milli_wh_m2,diffuse_horizontal_milli_wh_m2,wind_speed_milli_m_s,wind_direction_milli_deg
0,5645,68731,0,0,0,2200,184100
1,5245,68991,0,0,0,2485,184100
2,5109,69079,0,0,0,2750,184100
3,5245,68991,0,0,0,2978,184100
4,5645,68731,0,0,0,3153,184100
5,6280,68318,0,0,0,3263,184100
6,7109,67779,0,0,0,3300,184100
7,8073,67152,71147,51226,19921,3263,184100
8,9109,66479,137445,98961,38485,3153,184100
9,10144,65806,194377,139952,54426,2978,184100
10,11109,65179,238062,171405,66657,2750,184100
11,11937,64641,265524,191177,74347,2485,184100
12,12573,64228,274891,197921,76969,2200,184100
13,12972,63968,265524,191177,74347,1915,184100
14,13109,63879,238062,171405,66657,1650,184100
15,12972,63968,194377,139952,54426,1422,184100
16,12573,64228,137445,98961,38485,1247,184100
17,11937,64641,71147,51226,19921,1137,184100
18,11109,65179,0,0,0,1100,184100
19,10144,65806,0,0,0,1137,184100
20,9109,66479,0,0,0,1247,184100
21,8073,67152,0,0,0,1422,184100
22,7109,67779,0,0,0,1650,184100
23,6280,68318,0,0,0,1915,184100
24,5667,68717,0,0,0,2200,207555
25,5267,68976,0,0,0,2485,207555
26,5131,69065,0,0,0,2750,207555
27,5267,68976,0,0,0,2978,207555
28,5667,68717,0,0,0,3153,207555
29,6302,68303,0,0,0,3263,207555
30,7131,67765,0,0,0,3300,207555
31,8096,67138,71405,51412,19993,3263,207555
32,9131,66465,137944,99320,38624,3153,207555
33,10166,65792,195083,140459,54623,2978,207555
34,11131,65165,238926,172027,66899,2750,207555
35,11959,64626,266488,191871,74617,2485,207555
36,12595,64213,275888,198640,77249,2200,207555
37,12995,63954,266488,191871,74617,1915,207555
38,13131,63865,238926,172027,66899,1650,207555
39,12995,63954,195083,140459,54623,1422,207555
40,12595,64213,137944,99320,38624,1247,207555
41,11959,64626,71405,51412,19993,1137,207555
42,11131,65165,0,0,0,1100,207555
43,10166,65792,0,0,0,1137,207555
44,9131,66465,0,0,0,1247,207555
45,8096,67138,0,0,0,1422,207555
46,7131,67765,0,0,0,1650,207555
47,6302,68303,0,0,0,1915,207555
48,5691,68701,0,0,0,2200,213348
49,5291,68961,0,0,0,2485,213348
50,5155,69049,0,0,0,2750,213348
51,5291,68961,0,0,0,2978,213348
52,5691,68701,0,0,0,3153,213348
53,6327,68288,0,0,0,3263,213348
54,7155,67749,0,0,0,3300,213348
55,8120,67122,71687,51615,20072,3263,213348
56,9155,66449,138489,99712,38777,3153,213348
57,10190,65776,195853,141014,54839,2978,213348
58,11155,65149,239870,172706,67164,2750,213348
59,11983,64611,267540,192629,74911,2485,213348
60,12619,64198,276978,199424,77554,2200,213348
61,13019,63938,267540,192629,74911,1915,213348
62,13155,63849,239870,172706,67164,1650,213348
63,13019,63938,195853,141014,54839,1422,213348
64,12619,64198,138489,99712,38777,1247,213348
65,11983,64611,71687,51615,20072,1137,213348
66,11155,65149,0,0,0,1100,213348
67,10190,65776,0,0,0,1137,213348
68,9155,66449,0,0,0,1247,213348
69,8120,67122,0,0,0,1422,213348
70,7155,67749,0,0,0,1650,213348
71,6327,68288,0,0,0,1915,213348
72,5717,68684,0,0,0,2200,197117
73,5318,68944,0,0,0,2485,197117
74,5181,69032,0,0,0,2750,197117
75,5318,68944,0,0,0,2978,197117
76,5717,68684,0,0,0,3153,197117
77,6353,68271,0,0,0,3263,197117
78,7181,67732,0,0,0,3300,197117
79,8146,67105,71993,51835,20158,3263,197117
80,9181,66432,139079,100137,38942,3153,197117
81,10217,65759,196688,141615,55073,2978,197117
82,11181,65132,240892,173442,67450,2750,197117
83,12010,64594,268680,193450,75230,2485,197117
84,12645,64180,278158,200274,77884,2200,197117
85,13045,63921,268680,193450,75230,1915,197117
86,13181,63832,240892,173442,67450,1650,197117
87,13045,63921,196688,141615,55073,1422,197117
88,12645,64180,139079,100137,38942,1247,197117
89,12010,64594,71993,51835,20158,1137,197117
90,11181,65132,0,0,0,1100,197117
91,10217,65759,0,0,0,1137,197117
92,9181,66432,0,0,0,1247,197117
93,8146,67105,0,0,0,1422,197117
94,7181,67732,0,0,0,1650,197117
95,6353,68271,0,0,0,1915,197117
96,5745,68665,0,0,0,2200,171083
97,5346,68925,0,0,0,2485,171083
98,5210,69014,0,0,0,2750,171083
99,5346,68925,0,0,0,2978,171083
100,5745,68665,0,0,0,3153,171083
101,6381,68252,0,0,0,3263,171083
102,7210,67714,0,0,0,3300,171083
103,8174,67087,72322,52072,20250,3263,171083
104,9210,66414,139715,100595,39120,3153,171083
105,10245,65741,197587,142262,55324,2978,171083
106,11210,65114,241993,174235,67758,2750,171083
107,12038,64575,269909,194334,75574,2485,171083
108,12674,64162,279430,201190,78240,2200,171083
109,13073,63902,269909,194334,75574,1915,171083
110,13210,63814,241993,174235,67758,1650,171083
111,13073,63902,197587,142262,55324,1422,171083
112,12674,64162,139715,100595,39120,1247,171083
113,12038,64575,72322,52072,20250,1137,171083
114,11210,65114,0,0,0,1100,171083
115,10245,65741,0,0,0,1137,171083
116,9210,66414,0,0,0,1247,171083
117,8174,67087,0,0,0,1422,171083
118,7210,67714,0,0,0,1650,171083
119,6381,68252,0,0,0,1915,171083
120,5776,68646,0,0,0,2200,154852
121,5376,68906,0,0,0,2485,154852
122,5240,68994,0,0,0,2750,154852
123,5376,68906,0,0,0,2978,154852
124,5776,68646,0,0,0,3153,154852
125,6411,68233,0,0,0,3263,154852
126,7240,67694,0,0,0,3300,154852
127,8205,67067,72674,52325,20349,3263,154852
128,9240,66394,140396,101085,39311,3153,154852
129,10275,65721,198550,142956,55594,2978,154852
130,11240,65094,243173,175085,68088,2750,154852
131,12068,64556,271224,195281,75943,2485,154852
132,12704,64142,280792,202170,78622,2200,154852
133,13104,63883,271224,195281,75943,1915,154852
134,13240,63794,243173,175085,68088,1650,154852
135,13104,63883,198550,142956,55594,1422,154852
136,12704,64142,140396,101085,39311,1247,154852
137,12068,64556,72674,52325,20349,1137,154852
138,11240,65094,0,0,0,1100,154852
139,10275,65721,0,0,0,1137,154852
140,9240,66394,0,0,0,1247,154852
141,8205,67067,0,0,0,1422,154852
142,7240,67694,0,0,0,1650,154852
143,6411,68233,0,0,0,1915,154852
144,5808,68625,0,0,0,2200,160645
145,5408,68885,0,0,0,2485,160645
146,5272,68973,0,0,0,2750,160645
147,5408,68885,0,0,0,2978,160645
148,5808,68625,0,0,0,3153,160645
149,6444,68212,0,0,0,3263,160645
150,7272,67673,0,0,0,3300,160645
151,8237,67046,73050,52596,20454,3263,160645
152,9272,66373,141122,101608,39514,3153,160645
153,10307,65700,199577,143695,55881,2978,160645
154,11272,65073,244431,175990,68441,2750,160645
155,12101,64535,272627,196291,76336,2485,160645
156,12736,64121,282244,203216,79028,2200,160645
157,13136,63862,272627,196291,76336,1915,160645
158,13272,63773,244431,175990,68441,1650,160645
159,13136,63862,199577,143695,55881,1422,160645
160,12736,64121,141122,101608,39514,1247,160645
161,12101,64535,73050,52596,20454,1137,160645
162,11272,65073,0,0,0,1100,160645
163,10307,65700,0,0,0,1137,160645
164,9272,66373,0,0,0,1247,160645
165,8237,67046,0,0,0,1422,160645
166,7272,67673,0,0,0,1650,160645
167,6444,68212,0,0,0,1915,160645
168,5842,68603,0,0,0,2200,184100
169,5443,68862,0,0,0,2485,184100
170,5306,68951,0,0,0,2750,184100
171,5443,68862,0,0,0,2978,184100
172,5842,68603,0,0,0,3153,184100
173,6478,68189,0,0,0,3263,184100
174,7306,67651,0,0,0,3300,184100
175,8271,67024,73449,52883,20566,3263,184100
176,9306,66351,141893,102163,39730,3153,184100
177,10342,65678,200667,144480,56187,2978,184100
178,11306,65051,245766,176951,68814,2750,184100
179,12135,64512,274116,197364,76753,2485,184100
180,12770,64099,283786,204326,79460,2200,184100
181,13170,63839,274116,197364,76753,1915,184100
182,13306,63751,245766,176951,68814,1650,184100
183,13170,63839,200667,144480,56187,1422,184100
184,12770,64099,141893,102163,39730,1247,184100
185,12135,64512,73449,52883,20566,1137,184100
186,11306,65051,0,0,0,1100,184100
187,10342,65678,0,0,0,1137,184100
188,9306,66351,0,0,0,1247,184100
189,8271,67024,0,0,0,1422,184100
190,7306,67651,0,0,0,1650,184100
191,6478,68189,0,0,0,1915,184100
192,5879,68579,0,0,0,2200,207555
193,5479,68839,0,0,0,2485,207555
194,5343,68927,0,0,0,2750,207555
195,5479,68839,0,0,0,2978,207555
196,5879,68579,0,0,0,3153,207555
197,6514,68166,0,0,0,3263,207555
198,7343,67627,0,0,0,3300,207555
199,8307,67000,73871,53187,20684,3263,207555
200,9343,66327,142709,102750,39958,3153,207555
201,10378,65654,201820,145311,56510,2978,207555
202,11343,65027,247179,177969,69210,2750,207555
203,12171,64489,275692,198498,77194,2485,207555
204,12807,64076,285417,205500,79917,2200,207555
205,13206,63816,275692,198498,77194,1915,207555
206,13343,63727,247179,177969,69210,1650,207555
207,13206,63816,201820,145311,56510,1422,207555
208,12807,64076,142709,102750,39958,1247,207555
209,12171,64489,73871,53187,20684,1137,207555
210,11343,65027,0,0,0,1100,207555
211,10378,65654,0,0,0,1137,207555
212,9343,66327,0,0,0,1247,207555
213,8307,67000,0,0,0,1422,207555
214,7343,67627,0,0,0,1650,207555
215,6514,68166,0,0,0,1915,207555
216,5917,68554,0,0,0,2200,213348
217,5517,68814,0,0,0,2485,213348
218,5381,68902,0,0,0,2750,213348
219,5517,68814,0,0,0,2978,213348
220,5917,68554,0,0,0,3153,213348
221,6552,68141,0,0,0,3263,213348
222,7381,67602,0,0,0,3300,213348
223,8346,66975,74317,53508,20809,3263,213348
224,9381,66302,143569,103369,40199,3153,213348
225,10416,65630,203037,146186,56850,2978,213348
226,11381,65002,248668,179041,69627,2750,213348
227,12209,64464,277353,199694,77659,2485,213348
228,12845,64051,287137,206739,80398,2200,213348
229,13245,63791,277353,199694,77659,1915,213348
230,13381,63702,248668,179041,69627,1650,213348
231,13245,63791,203037,146186,56850,1422,213348
232,12845,64051,143569,103369,40199,1247,213348
233,12209,64464,74317,53508,20809,1137,213348
234,11381,65002,0,0,0,1100,213348
235,10416,65630,0,0,0,1137,213348
236,9381,66302,0,0,0,1247,213348
237,8346,66975,0,0,0,1422,213348
238,7381,67602,0,0,0,1650,213348
239,6552,68141,0,0,0,1915,213348
240,5957,68528,0,0,0,2200,197117
241,5557,68788,0,0,0,2485,197117
242,5421,68876,0,0,0,2750,197117
243,5557,68788,0,0,0,2978,197117
244,5957,68528,0,0,0,3153,197117
245,6593,68115,0,0,0,3263,197117
246,7421,67576,0,0,0,3300,197117
247,8386,66949,74785,53845,20940,3263,197117
248,9421,66276,144473,104020,40452,3153,197117
249,10456,65603,204315,147107,57208,2978,197117
250,11421,64976,250234,180168,70066,2750,197117
251,12249,64438,279100,200952,78148,2485,197117
252,12885,64025,288945,208041,80905,2200,197117
253,13285,63765,279100,200952,78148,1915,197117
254,13421,63676,250234,180168,70066,1650,197117
255,13285,63765,204315,147107,57208,1422,197117
256,12885,64025,144473,104020,40452,1247,197117
257,12249,64438,74785,53845,20940,1137,197117
258,11421,64976,0,0,0,1100,197117
259,10456,65603,0,0,0,1137,197117
260,9421,66276,0,0,0,1247,197117
261,8386,66949,0,0,0,1422,197117
262,7421,67576,0,0,0,1650,197117
263,6593,68115,0,0,0,1915,197117
264,5999,68501,0,0,0,2200,171083
265,5599,68760,0,0,0,2485,171083
266,5463,68849,0,0,0,2750,171083
267,5599,68760,0,0,0,2978,171083
268,5999,68501,0,0,0,3153,171083
269,6635,68087,0,0,0,3263,171083
270,7463,67549,0,0,0,3300,171083
271,8428,66922,75275,54198,21077,3263,171083
272,9463,66249,145421,104703,40718,3153,171083
273,10498,65576,205656,148072,57584,2978,171083
274,11463,64949,251876,181351,70525,2750,171083
275,12292,64410,280931,202270,78661,2485,171083
276,12927,63997,290841,209406,81436,2200,171083
277,13327,63738,280931,202270,78661,1915,171083
278,13463,63649,251876,181351,70525,1650,171083
279,13327,63738,205656,148072,57584,1422,171083
280,12927,63997,145421,104703,40718,1247,171083
281,12292,64410,75275,54198,21077,1137,171083
282,11463,64949,0,0,0,1100,171083
283,10498,65576,0,0,0,1137,171083
284,9463,66249,0,0,0,1247,171083
285,8428,66922,0,0,0,1422,171083
286,7463,67549,0,0,0,1650,171083
287,6635,68087,0,0,0,1915,171083
288,6043,68472,0,0,0,2200,154852
289,5644,68732,0,0,0,2485,154852
290,5507,68820,0,0,0,2750,154852
291,5644,68732,0,0,0,2978,154852
292,6043,68472,0,0,0,3153,154852
293,6679,68059,0,0,0,3263,154852
294,7507,67520,0,0,0,3300,154852
295,8472,66893,75789,54568,21221,3263,154852
296,9507,66220,146412,105417,40995,3153,154852
297,10542,65547,207058,149082,57976,2978,154852
298,11507,64920,253593,182587,71006,2750,154852
299,12336,64382,282847,203650,79197,2485,154852
300,12971,63969,292824,210834,81991,2200,154852
301,13371,63709,282847,203650,79197,1915,154852
302,13507,63620,253593,182587,71006,1650,154852
303,13371,63709,207058,149082,57976,1422,154852
304,12971,63969,146412,105417,40995,1247,154852
305,12336,64382,75789,54568,21221,1137,154852
306,11507,64920,0,0,0,1100,154852
307,10542,65547,0,0,0,1137,154852
308,9507,66220,0,0,0,1247,154852
309,8472,66893,0,0,0,1422,154852
310,7507,67520,0,0,0,1650,154852
311,6679,68059,0,0,0,1915,154852
312,6089,68442,0,0,0,2200,160645
313,5689,68702,0,0,0,2485,160645
314,5553,68790,0,0,0,2750,160645
315,5689,68702,0,0,0,2978,160645
316,6089,68442,0,0,0,3153,160645
317,6725,68029,0,0,0,3263,160645
318,7553,67490,0,0,0,3300,160645
319,8518,66863,76324,54953,21371,3263,160645
320,9553,66190,147447,106162,41285,3153,160645
321,10588,65517,208522,150136,58386,2978,160645
322,11553,64890,255386,183878,71508,2750,160645
323,12382,64352,284846,205089,79757,2485,160645
324,13017,63939,294894,212324,82570,2200,160645
325,13417,63679,284846,205089,79757,1915,160645
326,13553,63590,255386,183878,71508,1650,160645
327,13417,63679,208522,150136,58386,1422,160645
328,13017,63939,147447,106162,41285,1247,160645
329,12382,64352,76324,54953,21371,1137,160645
330,11553,64890,0,0,0,1100,160645
331,10588,65517,0,0,0,1137,160645
332,9553,66190,0,0,0,1247,160645
333,8518,66863,0,0,0,1422,160645
334,7553,67490,0,0,0,1650,160645
335,6725,68029,0,0,0,1915,160645
336,6137,68411,0,0,0,2200,184100
337,5737,68671,0,0,0,2485,184100
338,5601,68759,0,0,0,2750,184100
339,5737,68671,0,0,0,2978,184100
340,6137,68411,0,0,0,3153,184100
341,6773,67998,0,0,0,3263,184100
342,7601,67459,0,0,0,3300,184100
343,8566,66832,76882,55355,21527,3263,184100
344,9601,66159,148525,106938,41587,3153,184100
345,10636,65486,210046,151233,58813,2978,184100
346,11601,64859,257253,185222,72031,2750,184100
347,12430,64321,286928,206588,80340,2485,184100
348,13065,63908,297050,213876,83174,2200,184100
349,13465,63648,286928,206588,80340,1915,184100
350,13601,63559,257253,185222,72031,1650,184100
351,13465,63648,210046,151233,58813,1422,184100
352,13065,63908,148525,106938,41587,1247,184100
353,12430,64321,76882,55355,21527,1137,184100
354,11601,64859,0,0,0,1100,184100
355,10636,65486,0,0,0,1137,184100
356,9601,66159,0,0,0,1247,184100
357,8566,66832,0,0,0,1422,184100
358,7601,67459,0,0,0,1650,184100
359,6773,67998,0,0,0,1915,184100
360,6187,68379,0,0,0,2200,207555
361,5787,68638,0,0,0,2485,207555
362,5651,68727,0,0,0,2750,207555
363,5787,68638,0,0,0,2978,207555
364,6187,68379,0,0,0,3153,207555
365,6822,67965,0,0,0,3263,207555
366,7651,67427,0,0,0,3300,207555
367,8616,66800,77462,55773,21689,3263,207555
368,9651,66127,149645,107745,41901,3153,207555
369,10686,65454,211630,152374,59257,2978,207555
370,11651,64827,259193,186619,72574,2750,207555
371,12479,64288,289093,208147,80946,2485,207555
372,13115,63875,299291,215489,83801,2200,207555
373,13515,63616,289093,208147,80946,1915,207555
374,13651,63527,259193,186619,72574,1650,207555
375,13515,63616,211630,152374,59257,1422,207555
376,13115,63875,149645,107745,41901,1247,207555
377,12479,64288,77462,55773,21689,1137,207555
378,11651,64827,0,0,0,1100,207555
379,10686,65454,0,0,0,1137,207555
380,9651,66127,0,0,0,1247,207555
381,8616,66800,0,0,0,1422,207555
382,7651,67427,0,0,0,1650,207555
383,6822,67965,0,0,0,1915,207555
384,6238,68345,0,0,0,2200,213348
385,5839,68605,0,0,0,2485,213348
386,5703,68693,0,0,0,2750,213348
387,5839,68605,0,0,0,2978,213348
388,6238,68345,0,0,0,3153,213348
389,6874,67932,0,0,0,3263,213348
390,7703,67393,0,0,0,3300,213348
391,8667,66766,78064,56206,21858,3263,213348
392,9703,66093,150808,108582,42226,3153,213348
393,10738,65420,213275,153558,59717,2978,213348
394,11703,64793,261207,188069,73138,2750,213348
395,12531,64255,291339,209764,81575,2485,213348
396,13167,63842,301616,217164,84453,2200,213348
397,13566,63582,291339,209764,81575,1915,213348
398,13703,63493,261207,188069,73138,1650,213348
399,13566,63582,213275,153558,59717,1422,213348
400,13167,63842,150808,108582,42226,1247,213348
401,12531,64255,78064,56206,21858,1137,213348
402,11703,64793,0,0,0,1100,213348
403,10738,65420,0,0,0,1137,213348
404,9703,66093,0,0,0,1247,213348
405,8667,66766,0,0,0,1422,213348
406,7703,67393,0,0,0,1650,213348
407,6874,67932,0,0,0,1915,213348
408,6292,68310,0,0,0,2200,197117
409,5892,68570,0,0,0,2485,197117
410,5756,68659,0,0,0,2750,197117
411,5892,68570,0,0,0,2978,197117
412,6292,68310,0,0,0,3153,197117
413,6928,67897,0,0,0,3263,197117
414,7756,67359,0,0,0,3300,197117
415,8721,66731,78688,56655,22033,3263,197117
416,9756,66059,152013,109449,42564,3153,197117
417,10791,65386,214979,154785,60194,2978,197117
418,11756,64759,263294,189572,73722,2750,197117
419,12585,64220,293666,211440,82227,2485,197117
420,13220,63807,304026,218899,85127,2200,197117
421,13620,63547,293666,211440,82227,1915,197117
422,13756,63459,263294,189572,73722,1650,197117
423,13620,63547,214979,154785,60194,1422,197117
424,13220,63807,152013,109449,42564,1247,197117
425,12585,64220,78688,56655,22033,1137,197117
426,11756,64759,0,0,0,1100,197117
427,10791,65386,0,0,0,1137,197117
428,9756,66059,0,0,0,1247,197117
429,8721,66731,0,0,0,1422,197117
430,7756,67359,0,0,0,1650,197117
431,6928,67897,0,0,0,1915,197117
432,6347,68274,0,0,0,2200,171083
433,5948,68534,0,0,0,2485,171083
434,5812,68623,0,0,0,2750,171083
435,5948,68534,0,0,0,2978,171083
436,6347,68274,0,0,0,3153,171083
437,6983,67861,0,0,0,3263,171083
438,7812,67323,0,0,0,3300,171083
439,8776,66695,79333,57120,22213,3263,171083
440,9812,66023,153259,110347,42913,3153,171083
441,10847,65350,216741,156054,60688,2978,171083
442,11812,64723,265453,191126,74327,2750,171083
443,12640,64184,296074,213174,82901,2485,171083
444,13276,63771,306519,220693,85825,2200,171083
445,13675,63511,296074,213174,82901,1915,171083
446,13812,63423,265453,191126,74327,1650,171083
447,13675,63511,216741,156054,60688,1422,171083
448,13276,63771,153259,110347,42913,1247,171083
449,12640,64184,79333,57120,22213,1137,171083
450,11812,64723,0,0,0,1100,171083
451,10847,65350,0,0,0,1137,171083
452,9812,66023,0,0,0,1247,171083
453,8776,66695,0,0,0,1422,171083
454,7812,67323,0,0,0,1650,171083
455,6983,67861,0,0,0,1915,171083
456,6405,68237,0,0,0,2200,154852
457,6005,68497,0,0,0,2485,154852
458,5869,68585,0,0,0,2750,154852
459,6005,68497,0,0,0,2978,154852
460,6405,68237,0,0,0,3153,154852
461,7040,67824,0,0,0,3263,154852
462,7869,67285,0,0,0,3300,154852
463,8833,66658,79999,57600,22400,3263,154852
464,9869,65985,154547,111274,43273,3153,154852
465,10904,65312,218563,157365,61198,2978,154852
466,11869,64685,267683,192732,74951,2750,154852
467,12697,64147,298562,214965,83597,2485,154852
468,13333,63734,309094,222548,86546,2200,154852
469,13732,63474,298562,214965,83597,1915,154852
470,13869,63385,267683,192732,74951,1650,154852
471,13732,63474,218563,157365,61198,1422,154852
472,13333,63734,154547,111274,43273,1247,154852
473,12697,64147,79999,57600,22400,1137,154852
474,11869,64685,0,0,0,1100,154852
475,10904,65312,0,0,0,1137,154852
476,9869,65985,0,0,0,1247,154852
477,8833,66658,0,0,0,1422,154852
478,7869,67285,0,0,0,1650,154852
479,7040,67824,0,0,0,1915,154852
480,6464,68199,0,0,0,2200,160645
481,6064,68458,0,0,0,2485,160645
482,5928,68547,0,0,0,2750,160645
483,6064,68458,0,0,0,2978,160645
484,6464,68199,0,0,0,3153,160645
485,7099,67785,0,0,0,3263,160645
486,7928,67247,0,0,0,3300,160645
487,8893,66620,80687,58095,22592,3263,160645
488,9928,65947,155876,112230,43645,3153,160645
489,10963,65274,220441,158718,61724,2978,160645
490,11928,64647,269985,194389,75596,2750,160645
491,12756,64108,301129,216813,84316,2485,160645
492,13392,63695,311751,224461,87290,2200,160645
493,13792,63436,301129,216813,84316,1915,160645
494,13928,63347,269985,194389,75596,1650,160645
495,13792,63436,220441,158718,61724,1422,160645
496,13392,63695,155876,112230,43645,1247,160645
497,12756,64108,80687,58095,22592,1137,160645
498,11928,64647,0,0,0,1100,160645
499,10963,65274,0,0,0,1137,160645
500,9928,65947,0,0,0,1247,160645
501,8893,66620,0,0,0,1422,160645
502,7928,67247,0,0,0,1650,160645
503,7099,67785,0,0,0,1915,160645
504,6525,68159,0,0,0,2200,184100
505,6125,68419,0,0,0,2485,184100
506,5989,68507,0,0,0,2750,184100
507,6125,68419,0,0,0,2978,184100
508,6525,68159,0,0,0,3153,184100
509,7160,67746,0,0,0,3263,184100
510,7989,67207,0,0,0,3300,184100
511,8953,66580,81396,58605,22791,3263,184100
512,9989,65907,157245,113216,44029,3153,184100
513,11024,65234,222378,160112,62266,2978,184100
514,11989,64607,272356,196096,76260,2750,184100
515,12817,64069,303773,218717,85057,2485,184100
516,13453,63656,314489,226432,88057,2200,184100
517,13852,63396,303773,218717,85057,1915,184100
518,13989,63307,272356,196096,76260,1650,184100
519,13852,63396,222378,160112,62266,1422,184100
520,13453,63656,157245,113216,44029,1247,184100
521,12817,64069,81396,58605,22791,1137,184100
522,11989,64607,0,0,0,1100,184100
523,11024,65234,0,0,0,1137,184100
524,9989,65907,0,0,0,1247,184100
525,8953,66580,0,0,0,1422,184100
526,7989,67207,0,0,0,1650,184100
527,7160,67746,0,0,0,1915,184100
528,6587,68118,0,0,0,2200,207555
529,6188,68378,0,0,0,2485,207555
530,6051,68467,0,0,0,2750,207555
531,6188,68378,0,0,0,2978,207555
532,6587,68118,0,0,0,3153,207555
533,7223,67705,0,0,0,3263,207555
534,8051,67167,0,0,0,3300,207555
535,9016,66540,82125,59130,22995,3263,207555
536,10051,65867,158654,114231,44423,3153,207555
537,11087,65194,224370,161547,62824,2978,207555
538,12051,64567,274796,197853,76943,2750,207555
539,12880,64028,306496,220677,85819,2485,207555
540,13515,63615,317308,228461,88846,2200,207555
541,13915,63355,306496,220677,85819,1915,207555
542,14051,63267,274796,197853,76943,1650,207555
543,13915,63355,224370,161547,62824,1422,207555
544,13515,63615,158654,114231,44423,1247,207555
545,12880,64028,82125,59130,22995,1137,207555
546,12051,64567,0,0,0,1100,207555
547,11087,65194,0,0,0,1137,207555
548,10051,65867,0,0,0,1247,207555
549,9016,66540,0,0,0,1422,207555
550,8051,67167,0,0,0,1650,207555
551,7223,67705,0,0,0,1915,207555
552,6652,68076,0,0,0,2200,213348
553,6252,68336,0,0,0,2485,213348
554,6116,68425,0,0,0,2750,213348
555,6252,68336,0,0,0,2978,213348
556,6652,68076,0,0,0,3153,213348
557,7287,67663,0,0,0,3263,213348
558,8116,67125,0,0,0,3300,213348
559,9080,66498,82875,59670,23205,3263,213348
560,10116,65825,160103,115274,44829,3153,213348
561,11151,65152,226419,163022,63397,2978,213348
562,12116,64525,277306,199660,77646,2750,213348
563,12944,63986,309294,222692,86602,2485,213348
564,13580,63573,320205,230548,89657,2200,213348
565,13979,63313,309294,222692,86602,1915,213348
566,14116,63225,277306,199660,77646,1650,213348
567,13979,63313,226419,163022,63397,1422,213348
568,13580,63573,160103,115274,44829,1247,213348
569,12944,63986,82875,59670,23205,1137,213348
570,12116,64525,0,0,0,1100,213348
571,11151,65152,0,0,0,1137,213348
572,10116,65825,0,0,0,1247,213348
573,9080,66498,0,0,0,1422,213348
574,8116,67125,0,0,0,1650,213348
575,7287,67663,0,0,0,1915,213348
576,6718,68033,0,0,0,2200,197117
577,6318,68293,0,0,0,2485,197117
578,6182,68382,0,0,0,2750,197117
579,6318,68293,0,0,0,2978,197117
580,6718,68033,0,0,0,3153,197117
581,7353,67620,0,0,0,3263,197117
582,8182,67082,0,0,0,3300,197117
583,9147,66455,83645,60225,23421,3263,197117
584,10182,65782,161591,116345,45245,3153,197117
585,11217,65109,228524,164537,63987,2978,197117
586,12182,64482,279883,201516,78367,2750,197117
587,13010,63943,312169,224762,87407,2485,197117
588,13646,63530,323181,232691,90491,2200,197117
589,14046,63270,312169,224762,87407,1915,197117
590,14182,63182,279883,201516,78367,1650,197117
591,14046,63270,228524,164537,63987,1422,197117
592,13646,63530,161591,116345,45245,1247,197117
593,13010,63943,83645,60225,23421,1137,197117
594,12182,64482,0,0,0,1100,197117
595,11217,65109,0,0,0,1137,197117
596,10182,65782,0,0,0,1247,197117
597,9147,66455,0,0,0,1422,197117
598,8182,67082,0,0,0,1650,197117
599,7353,67620,0,0,0,1915,197117
600,6786,67989,0,0,0,2200,171083
601,6386,68249,0,0,0,2485,171083
602,6250,68338,0,0,0,2750,171083
603,6386,68249,0,0,0,2978,171083
604,6786,67989,0,0,0,3153,171083
605,7421,67576,0,0,0,3263,171083
606,8250,67038,0,0,0,3300,171083
607,9214,66411,84436,60794,23642,3263,171083
608,10250,65738,163117,117445,45673,3153,171083
609,11285,65065,230683,166092,64591,2978,171083
610,12250,64438,282528,203420,79108,2750,171083
611,13078,63899,315119,226885,88233,2485,171083
612,13714,63486,326235,234889,91346,2200,171083
613,14113,63226,315119,226885,88233,1915,171083
614,14250,63138,282528,203420,79108,1650,171083
615,14113,63226,230683,166092,64591,1422,171083
616,13714,63486,163117,117445,45673,1247,171083
617,13078,63899,84436,60794,23642,1137,171083
618,12250,64438,0,0,0,1100,171083
619,11285,65065,0,0,0,1137,171083
620,10250,65738,0,0,0,1247,171083
621,9214,66411,0,0,0,1422,171083
622,8250,67038,0,0,0,1650,171083
623,7421,67576,0,0,0,1915,171083
624,6855,67944,0,0,0,2200,154852
625,6456,68204,0,0,0,2485,154852
626,6319,68293,0,0,0,2750,154852
627,6456,68204,0,0,0,2978,154852
628,6855,67944,0,0,0,3153,154852
629,7491,67531,0,0,0,3263,154852
630,8319,66993,0,0,0,3300,154852
631,9284,66365,85246,61377,23869,3263,154852
632,10319,65693,164683,118571,46111,3153,154852
633,11355,65020,232896,167685,65211,2978,154852
634,12319,64393,285239,205372,79867,2750,154852
635,13148,63854,318142,229062,89080,2485,154852
636,13783,63441,329365,237143,92222,2200,154852
637,14183,63181,318142,229062,89080,1915,154852
638,14319,63093,285239,205372,79867,1650,154852
639,14183,63181,232896,167685,65211,1422,154852
640,13783,63441,164683,118571,46111,1247,154852
641,13148,63854,85246,61377,23869,1137,154852
642,12319,64393,0,0,0,1100,154852
643,11355,65020,0,0,0,1137,154852
644,10319,65693,0,0,0,1247,154852
645,9284,66365,0,0,0,1422,154852
646,8319,66993,0,0,0,1650,154852
647,7491,67531,0,0,0,1915,154852
648,6926,67898,0,0,0,2200,160645
649,6527,68158,0,0,0,2485,160645
650,6390,68246,0,0,0,2750,160645
651,6527,68158,0,0,0,2978,160645
652,6926,67898,0,0,0,3153,160645
653,7562,67485,0,0,0,3263,160645
654,8390,66946,0,0,0,3300,160645
655,9355,66319,86076,61975,24101,3263,160645
656,10390,65646,166286,119726,46560,3153,160645
657,11426,64973,235163,169318,65846,2978,160645
658,12390,64346,288015,207371,80644,2750,160645
659,13219,63808,321239,231292,89947,2485,160645
660,13855,63395,332571,239451,93120,2200,160645
661,14254,63135,321239,231292,89947,1915,160645
662,14390,63046,288015,207371,80644,1650,160645
663,14254,63135,235163,169318,65846,1422,160645
664,13855,63395,166286,119726,46560,1247,160645
665,13219,63808,86076,61975,24101,1137,160645
666,12390,64346,0,0,0,1100,160645
667,11426,64973,0,0,0,1137,160645
668,10390,65646,0,0,0,1247,160645
669,9355,66319,0,0,0,1422,160645
670,8390,66946,0,0,0,1650,160645
671,7562,67485,0,0,0,1915,160645
672,6999,67850,0,0,0,2200,184100
673,6600,68110,0,0,0,2485,184100
674,6463,68199,0,0,0,2750,184100
675,6600,68110,0,0,0,2978,184100
676,6999,67850,0,0,0,3153,184100
677,7635,67437,0,0,0,3263,184100
678,8463,66899,0,0,0,3300,184100
679,9428,66272,86925,62586,24339,3263,184100
680,10463,65599,167926,120907,47019,3153,184100
681,11499,64926,237483,170988,66495,2978,184100
682,12463,64299,290856,209417,81440,2750,184100
683,13292,63760,324408,233574,90834,2485,184100
684,13927,63347,335852,241814,94039,2200,184100
685,14327,63087,324408,233574,90834,1915,184100
686,14463,62999,290856,209417,81440,1650,184100
687,14327,63087,237483,170988,66495,1422,184100
688,13927,63347,167926,120907,47019,1247,184100
689,13292,63760,86925,62586,24339,1137,184100
690,12463,64299,0,0,0,1100,184100
691,11499,64926,0,0,0,1137,184100
692,10463,65599,0,0,0,1247,184100
693,9428,66272,0,0,0,1422,184100
694,8463,66899,0,0,0,1650,184100
695,7635,67437,0,0,0,1915,184100
696,7074,67802,0,0,0,2200,207555
697,6674,68062,0,0,0,2485,207555
698,6538,68150,0,0,0,2750,207555
699,6674,68062,0,0,0,2978,207555
700,7074,67802,0,0,0,3153,207555
701,7710,67389,0,0,0,3263,207555
702,8538,66850,0,0,0,3300,207555
703,9503,66223,87793,63211,24582,3263,207555
704,10538,65550,169603,122114,47489,3153,207555
705,11573,64877,239855,172696,67160,2978,207555
706,12538,64250,293762,211508,82253,2750,207555
707,13366,63712,327649,235907,91742,2485,207555
708,14002,63299,339207,244229,94978,2200,207555
709,14402,63039,327649,235907,91742,1915,207555
710,14538,62950,293762,211508,82253,1650,207555
711,14402,63039,239855,172696,67160,1422,207555
712,14002,63299,169603,122114,47489,1247,207555
713,13366,63712,87793,63211,24582,1137,207555
714,12538,64250,0,0,0,1100,207555
715,11573,64877,0,0,0,1137,207555
716,10538,65550,0,0,0,1247,207555
717,9503,66223,0,0,0,1422,207555
718,8538,66850,0,0,0,1650,207555
719,7710,67389,0,0,0,1915,207555
720,7150,67753,0,0,0,2200,213348
721,6750,68012,0,0,0,2485,213348
722,6614,68101,0,0,0,2750,213348
723,6750,68012,0,0,0,2978,213348
724,7150,67753,0,0,0,3153,213348
725,7786,67339,0,0,0,3263,213348
726,8614,66801,0,0,0,3300,213348
727,9579,66174,88680,63850,24830,3263,213348
728,10614,65501,171317,123348,47969,3153,213348
729,11649,64828,242279,174441,67838,2978,213348
730,12614,64201,296730,213646,83084,2750,213348
731,13443,63662,330959,238291,92669,2485,213348
732,14078,63249,342634,246697,95938,2200,213348
733,14478,62989,330959,238291,92669,1915,213348
734,14614,62901,296730,213646,83084,1650,213348
735,14478,62989,242279,174441,67838,1422,213348
736,14078,63249,171317,123348,47969,1247,213348
737,13443,63662,88680,63850,24830,1137,213348
738,12614,64201,0,0,0,1100,213348
739,11649,64828,0,0,0,1137,213348
740,10614,65501,0,0,0,1247,213348
741,9579,66174,0,0,0,1422,213348
742,8614,66801,0,0,0,1650,213348
743,7786,67339,0,0,0,1915,213348
744,7228,67702,0,0,0,2200,197117
745,6828,67962,0,0,0,2485,197117
746,6692,68050,0,0,0,2750,197117
747,6828,67962,0,0,0,2978,197117
748,7228,67702,0,0,0,3153,197117
749,7863,67289,0,0,0,3263,197117
750,8692,66750,0,0,0,3300,197117
751,9657,66123,89586,64502,25084,3263,197117
752,10692,65450,173067,124608,48459,3153,197117
753,11727,64777,244753,176222,68531,2978,197117
754,12692,64150,299761,215828,83933,2750,197117
755,13520,63612,334339,240724,93615,2485,197117
756,14156,63199,346134,249216,96917,2200,197117
757,14556,62939,334339,240724,93615,1915,197117
758,14692,62850,299761,215828,83933,1650,197117
759,14556,62939,244753,176222,68531,1422,197117
760,14156,63199,173067,124608,48459,1247,197117
761,13520,63612,89586,64502,25084,1137,197117
762,12692,64150,0,0,0,1100,197117
763,11727,64777,0,0,0,1137,197117
764,10692,65450,0,0,0,1247,197117
765,9657,66123,0,0,0,1422,197117
766,8692,66750,0,0,0,1650,197117
767,7863,67289,0,0,0,1915,197117
768,7307,67650,0,0,0,2200,171083
769,6907,67910,0,0,0,2485,171083
770,6771,67999,0,0,0,2750,171083
771,6907,67910,0,0,0,2978,171083
772,7307,67650,0,0,0,3153,171083
773,7943,67237,0,0,0,3263,171083
774,8771,66699,0,0,0,3300,171083
775,9736,66072,90510,65167,25343,3263,171083
776,10771,65399,174852,125893,48959,3153,171083
777,11806,64726,247278,178040,69238,2978,171083
778,12771,64099,302852,218054,84799,2750,171083
779,13600,63560,337788,243207,94581,2485,171083
780,14235,63147,349704,251787,97917,2200,171083
781,14635,62887,337788,243207,94581,1915,171083
782,14771,62799,302852,218054,84799,1650,171083
783,14635,62887,247278,178040,69238,1422,171083
784,14235,63147,174852,125893,48959,1247,171083
785,13600,63560,90510,65167,25343,1137,171083
786,12771,64099,0,0,0,1100,171083
787,11806,64726,0,0,0,1137,171083
788,10771,65399,0,0,0,1247,171083
789,9736,66072,0,0,0,1422,171083
790,8771,66699,0,0,0,1650,171083
791,7943,67237,0,0,0,1915,171083
792,7388,67598,0,0,0,2200,154852
793,6988,67858,0,0,0,2485,154852
794,6852,67946,0,0,0,2750,154852
795,6988,67858,0,0,0,2978,154852
796,7388,67598,0,0,0,3153,154852
797,8024,67185,0,0,0,3263,154852
798,8852,66646,0,0,0,3300,154852
799,9817,66019,91452,65845,25607,3263,154852
800,10852,65346,176672,127204,49468,3153,154852
801,11887,64673,249852,179893,69958,2978,154852
802,12852,64046,306005,220323,85681,2750,154852
803,13681,63508,341304,245739,95565,2485,154852
804,14316,63094,353344,254407,98936,2200,154852
805,14716,62835,341304,245739,95565,1915,154852
806,14852,62746,306005,220323,85681,1650,154852
807,14716,62835,249852,179893,69958,1422,154852
808,14316,63094,176672,127204,49468,1247,154852
809,13681,63508,91452,65845,25607,1137,154852
810,12852,64046,0,0,0,1100,154852
811,11887,64673,0,0,0,1137,154852
812,10852,65346,0,0,0,1247,154852
813,9817,66019,0,0,0,1422,154852
814,8852,66646,0,0,0,1650,154852
815,8024,67185,0,0,0,1915,154852
816,7470,67544,0,0,0,2200,160645
817,7071,67804,0,0,0,2485,160645
818,6934,67893,0,0,0,2750,160645
819,7071,67804,0,0,0,2978,160645
820,7470,67544,0,0,0,3153,160645
821,8106,67131,0,0,0,3263,160645
822,8934,66593,0,0,0,3300,160645
823,9899,65966,92412,66537,25875,3263,160645
824,10934,65293,178526,128539,49987,3153,160645
825,11970,64620,252474,181781,70693,2978,160645
826,12934,63993,309216,222636,86581,2750,160645
827,13763,63454,344886,248318,96568,2485,160645
828,14399,63041,357052,257078,99975,2200,160645
829,14798,62781,344886,248318,96568,1915,160645
830,14934,62693,309216,222636,86581,1650,160645
831,14798,62781,252474,181781,70693,1422,160645
832,14399,63041,178526,128539,49987,1247,160645
833,13763,63454,92412,66537,25875,1137,160645
834,12934,63993,0,0,0,1100,160645
835,11970,64620,0,0,0,1137,160645
836,10934,65293,0,0,0,1247,160645
837,9899,65966,0,0,0,1422,160645
838,8934,66593,0,0,0,1650,160645
839,8106,67131,0,0,0,1915,160645
840,7554,67490,0,0,0,2200,184100
841,7155,67749,0,0,0,2485,184100
842,7018,67838,0,0,0,2750,184100
843,7155,67749,0,0,0,2978,184100
844,7554,67490,0,0,0,3153,184100
845,8190,67077,0,0,0,3263,184100
846,9018,66538,0,0,0,3300,184100
847,9983,65911,93389,67240,26149,3263,184100
848,11018,65238,180414,129898,50516,3153,184100
849,12054,64565,255144,183704,71440,2978,184100
850,13018,63938,312486,224990,87496,2750,184100
851,13847,63400,348533,250944,97589,2485,184100
852,14483,62986,360828,259796,101032,2200,184100
853,14882,62727,348533,250944,97589,1915,184100
854,15018,62638,312486,224990,87496,1650,184100
855,14882,62727,255144,183704,71440,1422,184100
856,14483,62986,180414,129898,50516,1247,184100
857,13847,63400,93389,67240,26149,1137,184100
858,13018,63938,0,0,0,1100,184100
859,12054,64565,0,0,0,1137,184100
860,11018,65238,0,0,0,1247,184100
861,9983,65911,0,0,0,1422,184100
862,9018,66538,0,0,0,1650,184100
863,8190,67077,0,0,0,1915,184100
864,7640,67434,0,0,0,2200,207555
865,7240,67694,0,0,0,2485,207555
866,7104,67783,0,0,0,2750,207555
867,7240,67694,0,0,0,2978,207555
868,7640,67434,0,0,0,3153,207555
869,8275,67021,0,0,0,3263,207555
870,9104,66483,0,0,0,3300,207555
871,10069,65855,94384,67956,26427,3263,207555
872,11104,65183,182335,131281,51054,3153,207555
873,12139,64510,257861,185660,72201,2978,207555
874,13104,63883,315814,227386,88428,2750,207555
875,13932,63344,352245,253616,98629,2485,207555
876,14568,62931,364671,262563,102108,2200,207555
877,14967,62671,352245,253616,98629,1915,207555
878,15104,62583,315814,227386,88428,1650,207555
879,14967,62671,257861,185660,72201,1422,207555
880,14568,62931,182335,131281,51054,1247,207555
881,13932,63344,94384,67956,26427,1137,207555
882,13104,63883,0,0,0,1100,207555
883,12139,64510,0,0,0,1137,207555
884,11104,65183,0,0,0,1247,207555
885,10069,65855,0,0,0,1422,207555
886,9104,66483,0,0,0,1650,207555
887,8275,67021,0,0,0,1915,207555
888,7727,67378,0,0,0,2200,213348
889,7327,67637,0,0,0,2485,213348
890,7191,67726,0,0,0,2750,213348
891,7327,67637,0,0,0,2978,213348
892,7727,67378,0,0,0,3153,213348
893,8362,66965,0,0,0,3263,213348
894,9191,66426,0,0,0,3300,213348
895,10155,65799,95395,68684,26711,3263,213348
896,11191,65126,184289,132688,51601,3153,213348
897,12226,64453,260624,187649,72975,2978,213348
898,13191,63826,319198,229823,89376,2750,213348
899,14019,63288,356019,256334,99685,2485,213348
900,14655,62874,368578,265376,103202,2200,213348
901,15054,62615,356019,256334,99685,1915,213348
902,15191,62526,319198,229823,89376,1650,213348
903,15054,62615,260624,187649,72975,1422,213348
904,14655,62874,184289,132688,51601,1247,213348
905,14019,63288,95395,68684,26711,1137,213348
906,13191,63826,0,0,0,1100,213348
907,12226,64453,0,0,0,1137,213348
908,11191,65126,0,0,0,1247,213348
909,10155,65799,0,0,0,1422,213348
910,9191,66426,0,0,0,1650,213348
911,8362,66965,0,0,0,1915,213348
912,7815,67320,0,0,0,2200,197117
913,7415,67580,0,0,0,2485,197117
914,7279,67669,0,0,0,2750,197117
915,7415,67580,0,0,0,2978,197117
916,7815,67320,0,0,0,3153,197117
917,8450,66907,0,0,0,3263,197117
918,9279,66369,0,0,0,3300,197117
919,10244,65742,96423,69425,26998,3263,197117
920,11279,65069,186275,134118,52157,3153,197117
921,12314,64396,263433,189672,73761,2978,197117
922,13279,63769,322638,232299,90339,2750,197117
923,14107,63230,359856,259096,100760,2485,197117
924,14743,62817,372550,268236,104314,2200,197117
925,15143,62557,359856,259096,100760,1915,197117
926,15279,62469,322638,232299,90339,1650,197117
927,15143,62557,263433,189672,73761,1422,197117
928,14743,62817,186275,134118,52157,1247,197117
929,14107,63230,96423,69425,26998,1137,197117
930,13279,63769,0,0,0,1100,197117
931,12314,64396,0,0,0,1137,197117
932,11279,65069,0,0,0,1247,197117
933,10244,65742,0,0,0,1422,197117
934,9279,66369,0,0,0,1650,197117
935,8450,66907,0,0,0,1915,197117
936,7904,67262,0,0,0,2200,171083
937,7505,67522,0,0,0,2485,171083
938,7369,67610,0,0,0,2750,171083
939,7505,67522,0,0,0,2978,171083
940,7904,67262,0,0,0,3153,171083
941,8540,66849,0,0,0,3263,171083
942,9369,66310,0,0,0,3300,171083
943,10333,65683,97467,70177,27291,3263,171083
944,11369,65010,188293,135571,52722,3153,171083
945,12404,64338,266286,191726,74560,2978,171083
946,13369,63710,326132,234815,91317,2750,171083
947,14197,63172,363753,261902,101851,2485,171083
948,14833,62759,376585,271141,105444,2200,171083
949,15232,62499,363753,261902,101851,1915,171083
950,15369,62410,326132,234815,91317,1650,171083
951,15232,62499,266286,191726,74560,1422,171083
952,14833,62759,188293,135571,52722,1247,171083
953,14197,63172,97467,70177,27291,1137,171083
954,13369,63710,0,0,0,1100,171083
955,12404,64338,0,0,0,1137,171083
956,11369,65010,0,0,0,1247,171083
957,10333,65683,0,0,0,1422,171083
958,9369,66310,0,0,0,1650,171083
959,8540,66849,0,0,0,1915,171083
960,7995,67203,0,0,0,2200,154852
961,7596,67463,0,0,0,2485,154852
962,7460,67551,0,0,0,2750,154852
963,7596,67463,0,0,0,2978,154852
964,7995,67203,0,0,0,3153,154852
965,8631,66790,0,0,0,3263,154852
966,9460,66251,0,0,0,3300,154852
967,10424,65624,98528,70940,27588,3263,154852
968,11460,64951,190341,137045,53295,3153,154852
969,12495,64278,269183,193811,75371,2978,154852
970,13460,63651,329680,237370,92310,2750,154852
971,14288,63113,367710,264751,102959,2485,154852
972,14924,62700,380682,274091,106591,2200,154852
973,15323,62440,367710,264751,102959,1915,154852
974,15460,62351,329680,237370,92310,1650,154852
975,15323,62440,269183,193811,75371,1422,154852
976,14924,62700,190341,137045,53295,1247,154852
977,14288,63113,98528,70940,27588,1137,154852
978,13460,63651,0,0,0,1100,154852
979,12495,64278,0,0,0,1137,154852
980,11460,64951,0,0,0,1247,154852
981,10424,65624,0,0,0,1422,154852
982,9460,66251,0,0,0,1650,154852
983,8631,66790,0,0,0,1915,154852
984,8088,67143,0,0,0,2200,160645
985,7688,67403,0,0,0,2485,160645
986,7552,67491,0,0,0,2750,160645
987,7688,67403,0,0,0,2978,160645
988,8088,67143,0,0,0,3153,160645
989,8724,66730,0,0,0,3263,160645
990,9552,66191,0,0,0,3300,160645
991,10517,65564,99604,71715,27889,3263,160645
992,11552,64891,192419,138542,53877,3153,160645
993,12587,64218,272122,195928,76194,2978,160645
994,13552,63591,333280,239962,93318,2750,160645
995,14380,63053,371726,267643,104083,2485,160645
996,15016,62640,384839,277084,107755,2200,160645
997,15416,62380,371726,267643,104083,1915,160645
998,15552,62291,333280,239962,93318,1650,160645
999,15416,62380,272122,195928,76194,1422,160645
1000,15016,62640,192419,138542,53877,1247,160645
1001,14380,63053,99604,71715,27889,1137,160645
1002,13552,63591,0,0,0,1100,160645
1003,12587,64218,0,0,0,1137,160645
1004,11552,64891,0,0,0,1247,160645
1005,10517,65564,0,0,0,1422,160645
1006,9552,66191,0,0,0,1650,160645
1007,8724,66730,0,0,0,1915,160645
1008,8182,67082,0,0,0,2200,184100
1009,7782,67342,0,0,0,2485,184100
1010,7646,67430,0,0,0,2750,184100
1011,7782,67342,0,0,0,2978,184100
1012,8182,67082,0,0,0,3153,184100
1013,8817,66669,0,0,0,3263,184100
1014,9646,66130,0,0,0,3300,184100
1015,10610,65503,100695,72500,28195,3263,184100
1016,11646,64830,194528,140060,54468,3153,184100
1017,12681,64157,275104,198075,77029,2978,184100
1018,13646,63530,336932,242591,94341,2750,184100
1019,14474,62992,375799,270575,105224,2485,184100
1020,15110,62579,389055,280120,108935,2200,184100
1021,15509,62319,375799,270575,105224,1915,184100
1022,15646,62230,336932,242591,94341,1650,184100
1023,15509,62319,275104,198075,77029,1422,184100
1024,15110,62579,194528,140060,54468,1247,184100
1025,14474,62992,100695,72500,28195,1137,184100
1026,13646,63530,0,0,0,1100,184100
1027,12681,64157,0,0,0,1137,184100
1028,11646,64830,0,0,0,1247,184100
1029,10610,65503,0,0,0,1422,184100
1030,9646,66130,0,0,0,1650,184100
1031,8817,66669,0,0,0,1915,184100
1032,8277,67020,0,0,0,2200,207555
1033,7877,67280,0,0,0,2485,207555
1034,7741,67369,0,0,0,2750,207555
1035,7877,67280,0,0,0,2978,207555
1036,8277,67020,0,0,0,3153,207555
1037,8912,66607,0,0,0,3263,207555
1038,9741,66069,0,0,0,3300,207555
1039,10705,65441,101801,73297,28504,3263,207555
1040,11741,64769,196665,141599,55066,3153,207555
1041,12776,64096,278126,200251,77875,2978,207555
1042,13741,63469,340634,245256,95377,2750,207555
1043,14569,62930,379927,273548,106380,2485,207555
1044,15205,62517,393330,283197,110132,2200,207555
1045,15604,62257,379927,273548,106380,1915,207555
1046,15741,62169,340634,245256,95377,1650,207555
1047,15604,62257,278126,200251,77875,1422,207555
1048,15205,62517,196665,141599,55066,1247,207555
1049,14569,62930,101801,73297,28504,1137,207555
1050,13741,63469,0,0,0,1100,207555
1051,12776,64096,0,0,0,1137,207555
1052,11741,64769,0,0,0,1247,207555
1053,10705,65441,0,0,0,1422,207555
1054,9741,66069,0,0,0,1650,207555
1055,8912,66607,0,0,0,1915,207555
1056,8373,66958,0,0,0,2200,213348
1057,7973,67217,0,0,0,2485,213348
1058,7837,67306,0,0,0,2750,213348
1059,7973,67217,0,0,0,2978,213348
1060,8373,66958,0,0,0,3153,213348
1061,9008,66544,0,0,0,3263,213348
1062,9837,66006,0,0,0,3300,213348
1063,10802,65379,102922,74104,28818,3263,213348
1064,11837,64706,198831,143158,55673,3153,213348
1065,12872,64033,281189,202456,78733,2978,213348
1066,13837,63406,344385,247957,96428,2750,213348
1067,14665,62868,384111,276560,107551,2485,213348
1068,15301,62454,397661,286316,111345,2200,213348
1069,15701,62195,384111,276560,107551,1915,213348
1070,15837,62106,344385,247957,96428,1650,213348
1071,15701,62195,281189,202456,78733,1422,213348
1072,15301,62454,198831,143158,55673,1247,213348
1073,14665,62868,102922,74104,28818,1137,213348
1074,13837,63406,0,0,0,1100,213348
1075,12872,64033,0,0,0,1137,213348
1076,11837,64706,0,0,0,1247,213348
1077,10802,65379,0,0,0,1422,213348
1078,9837,66006,0,0,0,1650,213348
1079,9008,66544,0,0,0,1915,213348
1080,8470,66894,0,0,0,2200,197117
1081,8071,67154,0,0,0,2485,197117
1082,7934,67243,0,0,0,2750,197117
1083,8071,67154,0,0,0,2978,197117
1084,8470,66894,0,0,0,3153,197117
1085,9106,66481,0,0,0,3263,197117
1086,9934,65943,0,0,0,3300,197117
1087,10899,65316,104058,74922,29136,3263,197117
1088,11934,64643,201024,144737,56287,3153,197117
1089,12970,63970,284291,204689,79601,2978,197117
1090,13934,63343,348184,250692,97491,2750,197117
1091,14763,62804,388348,279611,108738,2485,197117
1092,15398,62391,402048,289474,112573,2200,197117
1093,15798,62131,388348,279611,108738,1915,197117
1094,15934,62043,348184,250692,97491,1650,197117
1095,15798,62131,284291,204689,79601,1422,197117
1096,15398,62391,201024,144737,56287,1247,197117
1097,14763,62804,104058,74922,29136,1137,197117
1098,13934,63343,0,0,0,1100,197117
1099,12970,63970,0,0,0,1137,197117
1100,11934,64643,0,0,0,1247,197117
1101,10899,65316,0,0,0,1422,197117
1102,9934,65943,0,0,0,1650,197117
1103,9106,66481,0,0,0,1915,197117
1104,8569,66830,0,0,0,2200,171083
1105,8169,67090,0,0,0,2485,171083
1106,8033,67178,0,0,0,2750,171083
1107,8169,67090,0,0,0,2978,171083
1108,8569,66830,0,0,0,3153,171083
1109,9205,66417,0,0,0,3263,171083
1110,10033,65878,0,0,0,3300,171083
1111,10998,65251,105207,75749,29458,3263,171083
1112,12033,64578,203244,146336,56908,3153,171083
1113,13068,63906,287431,206950,80481,2978,171083
1114,14033,63278,352030,253461,98568,2750,171083
1115,14862,62740,392638,282699,109939,2485,171083
1116,15497,62327,406489,292672,113817,2200,171083
1117,15897,62067,392638,282699,109939,1915,171083
1118,16033,61978,352030,253461,98568,1650,171083
1119,15897,62067,287431,206950,80481,1422,171083
1120,15497,62327,203244,146336,56908,1247,171083
1121,14862,62740,105207,75749,29458,1137,171083
1122,14033,63278,0,0,0,1100,171083
1123,13068,63906,0,0,0,1137,171083
1124,12033,64578,0,0,0,1247,171083
1125,10998,65251,0,0,0,1422,171083
1126,10033,65878,0,0,0,1650,171083
1127,9205,66417,0,0,0,1915,171083
1128,8669,66765,0,0,0,2200,154852
1129,8269,67025,0,0,0,2485,154852
1130,8133,67114,0,0,0,2750,154852
1131,8269,67025,0,0,0,2978,154852
1132,8669,66765,0,0,0,3153,154852
1133,9305,66352,0,0,0,3263,154852
1134,10133,65814,0,0,0,3300,154852
1135,11098,65187,106370,76587,29784,3263,154852
1136,12133,64514,205491,147954,57538,3153,154852
1137,13168,63841,290609,209238,81370,2978,154852
1138,14133,63214,355922,256264,99658,2750,154852
1139,14961,62675,396979,285825,111154,2485,154852
1140,15597,62262,410983,295908,115075,2200,154852
1141,15997,62002,396979,285825,111154,1915,154852
1142,16133,61914,355922,256264,99658,1650,154852
1143,15997,62002,290609,209238,81370,1422,154852
1144,15597,62262,205491,147954,57538,1247,154852
1145,14961,62675,106370,76587,29784,1137,154852
1146,14133,63214,0,0,0,1100,154852
1147,13168,63841,0,0,0,1137,154852
1148,12133,64514,0,0,0,1247,154852
1149,11098,65187,0,0,0,1422,154852
1150,10133,65814,0,0,0,1650,154852
1151,9305,66352,0,0,0,1915,154852
1152,8770,66700,0,0,0,2200,160645
1153,8370,66959,0,0,0,2485,160645
1154,8234,67048,0,0,0,2750,160645
1155,8370,66959,0,0,0,2978,160645
1156,8770,66700,0,0,0,3153,160645
1157,9406,66286,0,0,0,3263,160645
1158,10234,65748,0,0,0,3300,160645
1159,11199,65121,107547,77434,30113,3263,160645
1160,12234,64448,207764,149590,58174,3153,160645
1161,13269,63775,293823,211553,82270,2978,160645
1162,14234,63148,359858,259098,100760,2750,160645
1163,15062,62609,401370,288986,112383,2485,160645
1164,15698,62196,415528,299180,116348,2200,160645
1165,16098,61937,401370,288986,112383,1915,160645
1166,16234,61848,359858,259098,100760,1650,160645
1167,16098,61937,293823,211553,82270,1422,160645
1168,15698,62196,207764,149590,58174,1247,160645
1169,15062,62609,107547,77434,30113,1137,160645
1170,14234,63148,0,0,0,1100,160645
1171,13269,63775,0,0,0,1137,160645
1172,12234,64448,0,0,0,1247,160645
1173,11199,65121,0,0,0,1422,160645
1174,10234,65748,0,0,0,1650,160645
1175,9406,66286,0,0,0,1915,160645
1176,8872,66633,0,0,0,2200,184100
1177,8472,66893,0,0,0,2485,184100
1178,8336,66982,0,0,0,2750,184100
1179,8472,66893,0,0,0,2978,184100
1180,8872,66633,0,0,0,3153,184100
1181,9508,66220,0,0,0,3263,184100
1182,10336,65682,0,0,0,3300,184100
1183,11301,65054,108736,78290,30446,3263,184100
1184,12336,64382,210062,151245,58817,3153,184100
1185,13371,63709,297073,213892,83180,2978,184100
1186,14336,63082,363838,261963,101875,2750,184100
1187,15165,62543,405809,292182,113626,2485,184100
1188,15800,62130,420124,302489,117635,2200,184100
1189,16200,61870,405809,292182,113626,1915,184100
1190,16336,61782,363838,261963,101875,1650,184100
1191,16200,61870,297073,213892,83180,1422,184100
1192,15800,62130,210062,151245,58817,1247,184100
1193,15165,62543,108736,78290,30446,1137,184100
1194,14336,63082,0,0,0,1100,184100
1195,13371,63709,0,0,0,1137,184100
1196,12336,64382,0,0,0,1247,184100
1197,11301,65054,0,0,0,1422,184100
1198,10336,65682,0,0,0,1650,184100
1199,9508,66220,0,0,0,1915,184100
1200,8975,66566,0,0,0,2200,207555
1201,8576,66826,0,0,0,2485,207555
1202,8439,66914,0,0,0,2750,207555
1203,8576,66826,0,0,0,2978,207555
1204,8975,66566,0,0,0,3153,207555
1205,9611,66153,0,0,0,3263,207555
1206,10439,65614,0,0,0,3300,207555
1207,11404,64987,109938,79156,30783,3263,207555
1208,12439,64314,212384,152917,59468,3153,207555
1209,13475,63642,300357,216257,84100,2978,207555
1210,14439,63014,367860,264860,103001,2750,207555
1211,15268,62476,410295,295412,114883,2485,207555
1212,15903,62063,424769,305833,118935,2200,207555
1213,16303,61803,410295,295412,114883,1915,207555
1214,16439,61714,367860,264860,103001,1650,207555
1215,16303,61803,300357,216257,84100,1422,207555
1216,15903,62063,212384,152917,59468,1247,207555
1217,15268,62476,109938,79156,30783,1137,207555
1218,14439,63014,0,0,0,1100,207555
1219,13475,63642,0,0,0,1137,207555
1220,12439,64314,0,0,0,1247,207555
1221,11404,64987,0,0,0,1422,207555
1222,10439,65614,0,0,0,1650,207555
1223,9611,66153,0,0,0,1915,207555
1224,9079,66498,0,0,0,2200,213348
1225,8680,66758,0,0,0,2485,213348
1226,8544,66847,0,0,0,2750,213348
1227,8680,66758,0,0,0,2978,213348
1228,9079,66498,0,0,0,3153,213348
1229,9715,66085,0,0,0,3263,213348
1230,10544,65547,0,0,0,3300,213348
1231,11508,64920,111153,80030,31123,3263,213348
1232,12544,64247,214730,154606,60124,3153,213348
1233,13579,63574,303675,218646,85029,2978,213348
1234,14544,62947,371924,267785,104139,2750,213348
1235,15372,62408,414827,298676,116152,2485,213348
1236,16008,61995,429461,309212,120249,2200,213348
1237,16407,61735,414827,298676,116152,1915,213348
1238,16544,61647,371924,267785,104139,1650,213348
1239,16407,61735,303675,218646,85029,1422,213348
1240,16008,61995,214730,154606,60124,1247,213348
1241,15372,62408,111153,80030,31123,1137,213348
1242,14544,62947,0,0,0,1100,213348
1243,13579,63574,0,0,0,1137,213348
1244,12544,64247,0,0,0,1247,213348
1245,11508,64920,0,0,0,1422,213348
1246,10544,65547,0,0,0,1650,213348
1247,9715,66085,0,0,0,1915,213348
1248,9185,66430,0,0,0,2200,197117
1249,8785,66690,0,0,0,2485,197117
1250,8649,66778,0,0,0,2750,197117
1251,8785,66690,0,0,0,2978,197117
1252,9185,66430,0,0,0,3153,197117
1253,9820,66017,0,0,0,3263,197117
1254,10649,65478,0,0,0,3300,197117
1255,11614,64851,112379,80913,31466,3263,197117
1256,12649,64178,217099,156312,60788,3153,197117
1257,13684,63505,307025,221058,85967,2978,197117
1258,14649,62878,376027,270740,105288,2750,197117
1259,15477,62340,419404,301971,117433,2485,197117
1260,16113,61927,434199,312623,121576,2200,197117
1261,16513,61667,419404,301971,117433,1915,197117
1262,16649,61578,376027,270740,105288,1650,197117
1263,16513,61667,307025,221058,85967,1422,197117
1264,16113,61927,217099,156312,60788,1247,197117
1265,15477,62340,112379,80913,31466,1137,197117
1266,14649,62878,0,0,0,1100,197117
1267,13684,63505,0,0,0,1137,197117
1268,12649,64178,0,0,0,1247,197117
1269,11614,64851,0,0,0,1422,197117
1270,10649,65478,0,0,0,1650,197117
1271,9820,66017,0,0,0,1915,197117
1272,9291,66361,0,0,0,2200,171083
1273,8891,66621,0,0,0,2485,171083
1274,8755,66709,0,0,0,2750,171083
1275,8891,66621,0,0,0,2978,171083
1276,9291,66361,0,0,0,3153,171083
1277,9927,65948,0,0,0,3263,171083
1278,10755,65409,0,0,0,3300,171083
1279,11720,64782,113617,81804,31813,3263,171083
1280,12755,64109,219491,158033,61457,3153,171083
1281,13790,63436,310407,223493,86914,2978,171083
1282,14755,62809,380169,273722,106447,2750,171083
1283,15584,62271,424024,305297,118727,2485,171083
1284,16219,61857,438982,316067,122915,2200,171083
1285,16619,61598,424024,305297,118727,1915,171083
1286,16755,61509,380169,273722,106447,1650,171083
1287,16619,61598,310407,223493,86914,1422,171083
1288,16219,61857,219491,158033,61457,1247,171083
1289,15584,62271,113617,81804,31813,1137,171083
1290,14755,62809,0,0,0,1100,171083
1291,13790,63436,0,0,0,1137,171083
1292,12755,64109,0,0,0,1247,171083
1293,11720,64782,0,0,0,1422,171083
1294,10755,65409,0,0,0,1650,171083
1295,9927,65948,0,0,0,1915,171083
1296,9398,66291,0,0,0,2200,154852
1297,8999,66551,0,0,0,2485,154852
1298,8862,66639,0,0,0,2750,154852
1299,8999,66551,0,0,0,2978,154852
1300,9398,66291,0,0,0,3153,154852
1301,10034,65878,0,0,0,3263,154852
1302,10862,65339,0,0,0,3300,154852
1303,11827,64712,114866,82703,32162,3263,154852
1304,12862,64039,221904,159771,62133,3153,154852
1305,13898,63367,313819,225950,87869,2978,154852
1306,14862,62739,384349,276731,107618,2750,154852
1307,15691,62201,428685,308653,120032,2485,154852
1308,16326,61788,443808,319542,124266,2200,154852
1309,16726,61528,428685,308653,120032,1915,154852
1310,16862,61439,384349,276731,107618,1650,154852
1311,16726,61528,313819,225950,87869,1422,154852
1312,16326,61788,221904,159771,62133,1247,154852
1313,15691,62201,114866,82703,32162,1137,154852
1314,14862,62739,0,0,0,1100,154852
1315,13898,63367,0,0,0,1137,154852
1316,12862,64039,0,0,0,1247,154852
1317,11827,64712,0,0,0,1422,154852
1318,10862,65339,0,0,0,1650,154852
1319,10034,65878,0,0,0,1915,154852
1320,9506,66221,0,0,0,2200,160645
1321,9107,66481,0,0,0,2485,160645
1322,8971,66569,0,0,0,2750,160645
1323,9107,66481,0,0,0,2978,160645
1324,9506,66221,0,0,0,3153,160645
1325,10142,65808,0,0,0,3263,160645
1326,10971,65269,0,0,0,3300,160645
1327,11935,64642,116126,83611,32515,3263,160645
1328,12971,63969,224338,161523,62815,3153,160645
1329,14006,63296,317262,228428,88833,2978,160645
1330,14971,62669,388565,279766,108798,2750,160645
1331,15799,62131,433387,312039,121348,2485,160645
1332,16435,61717,448676,323046,125629,2200,160645
1333,16834,61458,433387,312039,121348,1915,160645
1334,16971,61369,388565,279766,108798,1650,160645
1335,16834,61458,317262,228428,88833,1422,160645
1336,16435,61717,224338,161523,62815,1247,160645
1337,15799,62131,116126,83611,32515,1137,160645
1338,14971,62669,0,0,0,1100,160645
1339,14006,63296,0,0,0,1137,160645
1340,12971,63969,0,0,0,1247,160645
1341,11935,64642,0,0,0,1422,160645
1342,10971,65269,0,0,0,1650,160645
1343,10142,65808,0,0,0,1915,160645
1344,9616,66150,0,0,0,2200,184100
1345,9216,66410,0,0,0,2485,184100
1346,9080,66498,0,0,0,2750,184100
1347,9216,66410,0,0,0,2978,184100
1348,9616,66150,0,0,0,3153,184100
1349,10251,65737,0,0,0,3263,184100
1350,11080,65198,0,0,0,3300,184100
1351,12044,64571,117396,84525,32871,3263,184100
1352,13080,63898,226792,163290,63502,3153,184100
1353,14115,63225,320732,230927,89805,2978,184100
1354,15080,62598,392815,282827,109988,2750,184100
1355,15908,62060,438129,315453,122676,2485,184100
1356,16544,61647,453584,326580,127004,2200,184100
1357,16943,61387,438129,315453,122676,1915,184100
1358,17080,61298,392815,282827,109988,1650,184100
1359,16943,61387,320732,230927,89805,1422,184100
1360,16544,61647,226792,163290,63502,1247,184100
1361,15908,62060,117396,84525,32871,1137,184100
1362,15080,62598,0,0,0,1100,184100
1363,14115,63225,0,0,0,1137,184100
1364,13080,63898,0,0,0,1247,184100
1365,12044,64571,0,0,0,1422,184100
1366,11080,65198,0,0,0,1650,184100
1367,10251,65737,0,0,0,1915,184100
1368,9725,66078,0,0,0,2200,207555
1369,9326,66338,0,0,0,2485,207555
1370,9190,66427,0,0,0,2750,207555
1371,9326,66338,0,0,0,2978,207555
1372,9725,66078,0,0,0,3153,207555
1373,10361,65665,0,0,0,3263,207555
1374,11190,65127,0,0,0,3300,207555
1375,12154,64500,118677,85447,33229,3263,207555
1376,13190,63827,229266,165071,64194,3153,207555
1377,14225,63154,324231,233446,90785,2978,207555
1378,15190,62527,397100,285912,111188,2750,207555
1379,16018,61988,442907,318893,124014,2485,207555
1380,16654,61575,458531,330143,128389,2200,207555
1381,17053,61315,442907,318893,124014,1915,207555
1382,17190,61227,397100,285912,111188,1650,207555
1383,17053,61315,324231,233446,90785,1422,207555
1384,16654,61575,229266,165071,64194,1247,207555
1385,16018,61988,118677,85447,33229,1137,207555
1386,15190,62527,0,0,0,1100,207555
1387,14225,63154,0,0,0,1137,207555
1388,13190,63827,0,0,0,1247,207555
1389,12154,64500,0,0,0,1422,207555
1390,11190,65127,0,0,0,1650,207555
1391,10361,65665,0,0,0,1915,207555
1392,9836,66006,0,0,0,2200,213348
1393,9437,66266,0,0,0,2485,213348
1394,9300,66355,0,0,0,2750,213348
1395,9437,66266,0,0,0,2978,213348
1396,9836,66006,0,0,0,3153,213348
1397,10472,65593,0,0,0,3263,213348
1398,11300,65055,0,0,0,3300,213348
1399,12265,64428,119967,86376,33591,3263,213348
1400,13300,63755,231758,166866,64892,3153,213348
1401,14336,63082,327755,235984,91771,2978,213348
1402,15300,62455,401417,289020,112397,2750,213348
1403,16129,61916,447722,322360,125362,2485,213348
1404,16764,61503,463516,333732,129784,2200,213348
1405,17164,61243,447722,322360,125362,1915,213348
1406,17300,61155,401417,289020,112397,1650,213348
1407,17164,61243,327755,235984,91771,1422,213348
1408,16764,61503,231758,166866,64892,1247,213348
1409,16129,61916,119967,86376,33591,1137,213348
1410,15300,62455,0,0,0,1100,213348
1411,14336,63082,0,0,0,1137,213348
1412,13300,63755,0,0,0,1247,213348
1413,12265,64428,0,0,0,1422,213348
1414,11300,65055,0,0,0,1650,213348
1415,10472,65593,0,0,0,1915,213348
1416,9948,65934,0,0,0,2200,197117
1417,9548,66194,0,0,0,2485,197117
1418,9412,66282,0,0,0,2750,197117
1419,9548,66194,0,0,0,2978,197117
1420,9948,65934,0,0,0,3153,197117
1421,10584,65521,0,0,0,3263,197117
1422,11412,64982,0,0,0,3300,197117
1423,12377,64355,121266,87312,33955,3263,197117
1424,13412,63682,234268,168673,65595,3153,197117
1425,14447,63009,331306,238540,92766,2978,197117
1426,15412,62382,405765,292151,113614,2750,197117
1427,16240,61844,452572,325852,126720,2485,197117
1428,16876,61431,468537,337346,131190,2200,197117
1429,17276,61171,452572,325852,126720,1915,197117
1430,17412,61082,405765,292151,113614,1650,197117
1431,17276,61171,331306,238540,92766,1422,197117
1432,16876,61431,234268,168673,65595,1247,197117
1433,16240,61844,121266,87312,33955,1137,197117
1434,15412,62382,0,0,0,1100,197117
1435,14447,63009,0,0,0,1137,197117
1436,13412,63682,0,0,0,1247,197117
1437,12377,64355,0,0,0,1422,197117
1438,11412,64982,0,0,0,1650,197117
1439,10584,65521,0,0,0,1915,197117
1440,10060,65861,0,0,0,2200,171083
1441,9661,66121,0,0,0,2485,171083
1442,9524,66209,0,0,0,2750,171083
1443,9661,66121,0,0,0,2978,171083
1444,10060,65861,0,0,0,3153,171083
1445,10696,65448,0,0,0,3263,171083
1446,11524,64909,0,0,0,3300,171083
1447,12489,64282,122575,88254,34321,3263,171083
1448,13524,63609,236796,170493,66303,3153,171083
1449,14560,62936,334880,241114,93766,2978,171083
1450,15524,62309,410143,295303,114840,2750,171083
1451,16353,61771,457455,329367,128087,2485,171083
1452,16988,61358,473592,340986,132606,2200,171083
1453,17388,61098,457455,329367,128087,1915,171083
1454,17524,61009,410143,295303,114840,1650,171083
1455,17388,61098,334880,241114,93766,1422,171083
1456,16988,61358,236796,170493,66303,1247,171083
1457,16353,61771,122575,88254,34321,1137,171083
1458,15524,62309,0,0,0,1100,171083
1459,14560,62936,0,0,0,1137,171083
1460,13524,63609,0,0,0,1247,171083
1461,12489,64282,0,0,0,1422,171083
1462,11524,64909,0,0,0,1650,171083
1463,10696,65448,0,0,0,1915,171083
1464,10173,65787,0,0,0,2200,154852
1465,9774,66047,0,0,0,2485,154852
1466,9637,66136,0,0,0,2750,154852
1467,9774,66047,0,0,0,2978,154852
1468,10173,65787,0,0,0,3153,154852
1469,10809,65374,0,0,0,3263,154852
1470,11637,64836,0,0,0,3300,154852
1471,12602,64209,123892,89202,34690,3263,154852
1472,13637,63536,239340,172325,67015,3153,154852
1473,14673,62863,338478,243704,94774,2978,154852
1474,15637,62236,414549,298475,116074,2750,154852
1475,16466,61697,462370,332906,129464,2485,154852
1476,17101,61284,478680,344650,134030,2200,154852
1477,17501,61024,462370,332906,129464,1915,154852
1478,17637,60936,414549,298475,116074,1650,154852
1479,17501,61024,338478,243704,94774,1422,154852
1480,17101,61284,239340,172325,67015,1247,154852
1481,16466,61697,123892,89202,34690,1137,154852
1482,15637,62236,0,0,0,1100,154852
1483,14673,62863,0,0,0,1137,154852
1484,13637,63536,0,0,0,1247,154852
1485,12602,64209,0,0,0,1422,154852
1486,11637,64836,0,0,0,1650,154852
1487,10809,65374,0,0,0,1915,154852
1488,10287,65713,0,0,0,2200,160645
1489,9887,65973,0,0,0,2485,160645
1490,9751,66062,0,0,0,2750,160645
1491,9887,65973,0,0,0,2978,160645
1492,10287,65713,0,0,0,3153,160645
1493,10923,65300,0,0,0,3263,160645
1494,11751,64762,0,0,0,3300,160645
1495,12716,64135,125217,90156,35061,3263,160645
1496,13751,63462,241900,174168,67732,3153,160645
1497,14786,62789,342098,246311,95788,2978,160645
1498,15751,62162,418983,301668,117315,2750,160645
1499,16580,61623,467315,336467,130848,2485,160645
1500,17215,61210,483800,348336,135464,2200,160645
1501,17615,60950,467315,336467,130848,1915,160645
1502,17751,60862,418983,301668,117315,1650,160645
1503,17615,60950,342098,246311,95788,1422,160645
1504,17215,61210,241900,174168,67732,1247,160645
1505,16580,61623,125217,90156,35061,1137,160645
1506,15751,62162,0,0,0,1100,160645
1507,14786,62789,0,0,0,1137,160645
1508,13751,63462,0,0,0,1247,160645
1509,12716,64135,0,0,0,1422,160645
1510,11751,64762,0,0,0,1650,160645
1511,10923,65300,0,0,0,1915,160645
1512,10401,65639,0,0,0,2200,184100
1513,10002,65899,0,0,0,2485,184100
1514,9866,65987,0,0,0,2750,184100
1515,10002,65899,0,0,0,2978,184100
1516,10401,65639,0,0,0,3153,184100
1517,11037,65226,0,0,0,3263,184100
1518,11866,64687,0,0,0,3300,184100
1519,12830,64060,126550,91116,35434,3263,184100
1520,13866,63387,244475,176022,68453,3153,184100
1521,14901,62714,345740,248933,96807,2978,184100
1522,15866,62087,423443,304879,118564,2750,184100
1523,16694,61549,472289,340048,132241,2485,184100
1524,17330,61136,488950,352044,136906,2200,184100
1525,17729,60876,472289,340048,132241,1915,184100
1526,17866,60787,423443,304879,118564,1650,184100
1527,17729,60876,345740,248933,96807,1422,184100
1528,17330,61136,244475,176022,68453,1247,184100
1529,16694,61549,126550,91116,35434,1137,184100
1530,15866,62087,0,0,0,1100,184100
1531,14901,62714,0,0,0,1137,184100
1532,13866,63387,0,0,0,1247,184100
1533,12830,64060,0,0,0,1422,184100
1534,11866,64687,0,0,0,1650,184100
1535,11037,65226,0,0,0,1915,184100
1536,10517,65564,0,0,0,2200,207555
1537,10117,65824,0,0,0,2485,207555
1538,9981,65913,0,0,0,2750,207555
1539,10117,65824,0,0,0,2978,207555
1540,10517,65564,0,0,0,3153,207555
1541,11152,65151,0,0,0,3263,207555
1542,11981,64613,0,0,0,3300,207555
1543,12945,63986,127890,92081,35809,3263,207555
1544,13981,63313,247064,177886,69178,3153,207555
1545,15016,62640,349401,251569,97832,2978,207555
1546,15981,62013,427927,308108,119820,2750,207555
1547,16809,61474,477291,343650,133641,2485,207555
1548,17445,61061,494128,355772,138356,2200,207555
1549,17844,60801,477291,343650,133641,1915,207555
1550,17981,60713,427927,308108,119820,1650,207555
1551,17844,60801,349401,251569,97832,1422,207555
1552,17445,61061,247064,177886,69178,1247,207555
1553,16809,61474,127890,92081,35809,1137,207555
1554,15981,62013,0,0,0,1100,207555
1555,15016,62640,0,0,0,1137,207555
1556,13981,63313,0,0,0,1247,207555
1557,12945,63986,0,0,0,1422,207555
1558,11981,64613,0,0,0,1650,207555
1559,11152,65151,0,0,0,1915,207555
1560,10632,65489,0,0,0,2200,213348
1561,10233,65749,0,0,0,2485,213348
1562,10096,65837,0,0,0,2750,213348
1563,10233,65749,0,0,0,2978,213348
1564,10632,65489,0,0,0,3153,213348
1565,11268,65076,0,0,0,3263,213348
1566,12096,64537,0,0,0,3300,213348
1567,13061,63910,129237,93051,36186,3263,213348
1568,14096,63237,249667,179760,69907,3153,213348
1569,15132,62564,353082,254219,98863,2978,213348
1570,16096,61937,432435,311353,121082,2750,213348
1571,16925,61399,482319,347270,135049,2485,213348
1572,17560,60986,499333,359520,139813,2200,213348
1573,17960,60726,482319,347270,135049,1915,213348
1574,18096,60637,432435,311353,121082,1650,213348
1575,17960,60726,353082,254219,98863,1422,213348
1576,17560,60986,249667,179760,69907,1247,213348
1577,16925,61399,129237,93051,36186,1137,213348
1578,16096,61937,0,0,0,1100,213348
1579,15132,62564,0,0,0,1137,213348
1580,14096,63237,0,0,0,1247,213348
1581,13061,63910,0,0,0,1422,213348
1582,12096,64537,0,0,0,1650,213348
1583,11268,65076,0,0,0,1915,213348
1584,10748,65414,0,0,0,2200,197117
1585,10349,65673,0,0,0,2485,197117
1586,10213,65762,0,0,0,2750,197117
1587,10349,65673,0,0,0,2978,197117
1588,10748,65414,0,0,0,3153,197117
1589,11384,65000,0,0,0,3263,197117
1590,12213,64462,0,0,0,3300,197117
1591,13177,63835,130591,94025,36565,3263,197117
1592,14213,63162,252282,181643,70639,3153,197117
1593,15248,62489,356780,256882,99899,2978,197117
1594,16213,61862,436965,314615,122350,2750,197117
1595,17041,61323,487371,350907,136464,2485,197117
1596,17677,60910,504564,363286,141278,2200,197117
1597,18076,60650,487371,350907,136464,1915,197117
1598,18213,60562,436965,314615,122350,1650,197117
1599,18076,60650,356780,256882,99899,1422,197117
1600,17677,60910,252282,181643,70639,1247,197117
1601,17041,61323,130591,94025,36565,1137,197117
1602,16213,61862,0,0,0,1100,197117
1603,15248,62489,0,0,0,1137,197117
1604,14213,63162,0,0,0,1247,197117
1605,13177,63835,0,0,0,1422,197117
1606,12213,64462,0,0,0,1650,197117
1607,11384,65000,0,0,0,1915,197117
1608,10865,65338,0,0,0,2200,171083
1609,10466,65597,0,0,0,2485,171083
1610,10329,65686,0,0,0,2750,171083
1611,10466,65597,0,0,0,2978,171083
1612,10865,65338,0,0,0,3153,171083
1613,11501,64924,0,0,0,3263,171083
1614,12329,64386,0,0,0,3300,171083
1615,13294,63759,131951,95004,36946,3263,171083
1616,14329,63086,254909,183535,71375,3153,171083
1617,15365,62413,360496,259557,100939,2978,171083
1618,16329,61786,441515,317891,123624,2750,171083
1619,17158,61247,492446,354561,137885,2485,171083
1620,17793,60834,509818,367069,142749,2200,171083
1621,18193,60575,492446,354561,137885,1915,171083
1622,18329,60486,441515,317891,123624,1650,171083
1623,18193,60575,360496,259557,100939,1422,171083
1624,17793,60834,254909,183535,71375,1247,171083
1625,17158,61247,131951,95004,36946,1137,171083
1626,16329,61786,0,0,0,1100,171083
1627,15365,62413,0,0,0,1137,171083
1628,14329,63086,0,0,0,1247,171083
1629,13294,63759,0,0,0,1422,171083
1630,12329,64386,0,0,0,1650,171083
1631,11501,64924,0,0,0,1915,171083
1632,10982,65261,0,0,0,2200,154852
1633,10583,65521,0,0,0,2485,154852
1634,10447,65610,0,0,0,2750,154852
1635,10583,65521,0,0,0,2978,154852
1636,10982,65261,0,0,0,3153,154852
1637,11618,64848,0,0,0,3263,154852
1638,12447,64310,0,0,0,3300,154852
1639,13411,63683,133316,95988,37329,3263,154852
1640,14447,63010,257547,185434,72113,3153,154852
1641,15482,62337,364227,262243,101984,2978,154852
1642,16447,61710,446085,321181,124904,2750,154852
1643,17275,61171,497543,358231,139312,2485,154852
1644,17911,60758,515095,370868,144227,2200,154852
1645,18310,60498,497543,358231,139312,1915,154852
1646,18447,60410,446085,321181,124904,1650,154852
1647,18310,60498,364227,262243,101984,1422,154852
1648,17911,60758,257547,185434,72113,1247,154852
1649,17275,61171,133316,95988,37329,1137,154852
1650,16447,61710,0,0,0,1100,154852
1651,15482,62337,0,0,0,1137,154852
1652,14447,63010,0,0,0,1247,154852
1653,13411,63683,0,0,0,1422,154852
1654,12447,64310,0,0,0,1650,154852
1655,11618,64848,0,0,0,1915,154852
1656,11100,65185,0,0,0,2200,160645
1657,10701,65445,0,0,0,2485,160645
1658,10564,65533,0,0,0,2750,160645
1659,10701,65445,0,0,0,2978,160645
1660,11100,65185,0,0,0,3153,160645
1661,11736,64772,0,0,0,3263,160645
1662,12564,64233,0,0,0,3300,160645
1663,13529,63606,134687,96975,37712,3263,160645
1664,14564,62933,260196,187341,72855,3153,160645
1665,15600,62260,367973,264940,103032,2978,160645
1666,16564,61633,450673,324484,126188,2750,160645
1667,17393,61095,502660,361915,140745,2485,160645
1668,18028,60682,520392,374682,145710,2200,160645
1669,18428,60422,502660,361915,140745,1915,160645
1670,18564,60333,450673,324484,126188,1650,160645
1671,18428,60422,367973,264940,103032,1422,160645
1672,18028,60682,260196,187341,72855,1247,160645
1673,17393,61095,134687,96975,37712,1137,160645
1674,16564,61633,0,0,0,1100,160645
1675,15600,62260,0,0,0,1137,160645
1676,14564,62933,0,0,0,1247,160645
1677,13529,63606,0,0,0,1422,160645
1678,12564,64233,0,0,0,1650,160645
1679,11736,64772,0,0,0,1915,160645
1680,11218,65108,0,0,0,2200,184100
1681,10819,65368,0,0,0,2485,184100
1682,10682,65456,0,0,0,2750,184100
1683,10819,65368,0,0,0,2978,184100
1684,11218,65108,0,0,0,3153,184100
1685,11854,64695,0,0,0,3263,184100
1686,12682,64156,0,0,0,3300,184100
1687,13647,63529,136063,97966,38098,3263,184100
1688,14682,62856,262854,189255,73599,3153,184100
1689,15718,62184,371732,267647,104085,2978,184100
1690,16682,61556,455277,327799,127478,2750,184100
1691,17511,61018,507796,365613,142183,2485,184100
1692,18147,60605,525709,378510,147198,2200,184100
1693,18546,60345,507796,365613,142183,1915,184100
1694,18682,60256,455277,327799,127478,1650,184100
1695,18546,60345,371732,267647,104085,1422,184100
1696,18147,60605,262854,189255,73599,1247,184100
1697,17511,61018,136063,97966,38098,1137,184100
1698,16682,61556,0,0,0,1100,184100
1699,15718,62184,0,0,0,1137,184100
1700,14682,62856,0,0,0,1247,184100
1701,13647,63529,0,0,0,1422,184100
1702,12682,64156,0,0,0,1650,184100
1703,11854,64695,0,0,0,1915,184100
1704,11337,65031,0,0,0,2200,207555
1705,10937,65291,0,0,0,2485,207555
1706,10801,65379,0,0,0,2750,207555
1707,10937,65291,0,0,0,2978,207555
1708,11337,65031,0,0,0,3153,207555
1709,11973,64618,0,0,0,3263,207555
1710,12801,64079,0,0,0,3300,207555
1711,13766,63452,137444,98960,38484,3263,207555
1712,14801,62779,265521,191175,74346,3153,207555
1713,15836,62106,375504,270363,105141,2978,207555
1714,16801,61479,459896,331125,128771,2750,207555
1715,17629,60941,512948,369322,143625,2485,207555
1716,18265,60528,531043,382351,148692,2200,207555
1717,18665,60268,512948,369322,143625,1915,207555
1718,18801,60179,459896,331125,128771,1650,207555
1719,18665,60268,375504,270363,105141,1422,207555
1720,18265,60528,265521,191175,74346,1247,207555
1721,17629,60941,137444,98960,38484,1137,207555
1722,16801,61479,0,0,0,1100,207555
1723,15836,62106,0,0,0,1137,207555
1724,14801,62779,0,0,0,1247,207555
1725,13766,63452,0,0,0,1422,207555
1726,12801,64079,0,0,0,1650,207555
1727,11973,64618,0,0,0,1915,207555
1728,11456,64954,0,0,0,2200,213348
1729,11056,65214,0,0,0,2485,213348
1730,10920,65302,0,0,0,2750,213348
1731,11056,65214,0,0,0,2978,213348
1732,11456,64954,0,0,0,3153,213348
1733,12091,64541,0,0,0,3263,213348
1734,12920,64002,0,0,0,3300,213348
1735,13885,63375,138829,99957,38872,3263,213348
1736,14920,62702,268196,193101,75095,3153,213348
1737,15955,62029,379287,273087,106200,2978,213348
1738,16920,61402,464530,334461,130068,2750,213348
1739,17748,60864,518116,373043,145072,2485,213348
1740,18384,60450,536393,386203,150190,2200,213348
1741,18784,60191,518116,373043,145072,1915,213348
1742,18920,60102,464530,334461,130068,1650,213348
1743,18784,60191,379287,273087,106200,1422,213348
1744,18384,60450,268196,193101,75095,1247,213348
1745,17748,60864,138829,99957,38872,1137,213348
1746,16920,61402,0,0,0,1100,213348
1747,15955,62029,0,0,0,1137,213348
1748,14920,62702,0,0,0,1247,213348
1749,13885,63375,0,0,0,1422,213348
1750,12920,64002,0,0,0,1650,213348
1751,12091,64541,0,0,0,1915,213348
1752,11575,64876,0,0,0,2200,197117
1753,11175,65136,0,0,0,2485,197117
1754,11039,65225,0,0,0,2750,197117
1755,11175,65136,0,0,0,2978,197117
1756,11575,64876,0,0,0,3153,197117
1757,12211,64463,0,0,0,3263,197117
1758,13039,63925,0,0,0,3300,197117
1759,14004,63298,140217,100956,39261,3263,197117
1760,15039,62625,270879,195033,75846,3153,197117
1761,16074,61952,383080,275818,107262,2978,197117
1762,17039,61325,469175,337806,131369,2750,197117
1763,17867,60786,523297,376774,146523,2485,197117
1764,18503,60373,541757,390065,151692,2200,197117
1765,18903,60113,523297,376774,146523,1915,197117
1766,19039,60025,469175,337806,131369,1650,197117
1767,18903,60113,383080,275818,107262,1422,197117
1768,18503,60373,270879,195033,75846,1247,197117
1769,17867,60786,140217,100956,39261,1137,197117
1770,17039,61325,0,0,0,1100,197117
1771,16074,61952,0,0,0,1137,197117
1772,15039,62625,0,0,0,1247,197117
1773,14004,63298,0,0,0,1422,197117
1774,13039,63925,0,0,0,1650,197117
1775,12211,64463,0,0,0,1915,197117
1776,11694,64799,0,0,0,2200,171083
1777,11295,65058,0,0,0,2485,171083
1778,11159,65147,0,0,0,2750,171083
1779,11295,65058,0,0,0,2978,171083
1780,11694,64799,0,0,0,3153,171083
1781,12330,64385,0,0,0,3263,171083
1782,13159,63847,0,0,0,3300,171083
1783,14123,63220,141609,101958,39650,3263,171083
1784,15159,62547,273567,196968,76599,3153,171083
1785,16194,61874,386882,278555,108327,2978,171083
1786,17159,61247,473832,341159,132673,2750,171083
1787,17987,60708,528491,380514,147978,2485,171083
1788,18623,60295,547134,393937,153198,2200,171083
1789,19022,60036,528491,380514,147978,1915,171083
1790,19159,59947,473832,341159,132673,1650,171083
1791,19022,60036,386882,278555,108327,1422,171083
1792,18623,60295,273567,196968,76599,1247,171083
1793,17987,60708,141609,101958,39650,1137,171083
1794,17159,61247,0,0,0,1100,171083
1795,16194,61874,0,0,0,1137,171083
1796,15159,62547,0,0,0,1247,171083
1797,14123,63220,0,0,0,1422,171083
1798,13159,63847,0,0,0,1650,171083
1799,12330,64385,0,0,0,1915,171083
1800,11814,64721,0,0,0,2200,154852
1801,11415,64981,0,0,0,2485,154852
1802,11278,65069,0,0,0,2750,154852
1803,11415,64981,0,0,0,2978,154852
1804,11814,64721,0,0,0,3153,154852
1805,12450,64308,0,0,0,3263,154852
1806,13278,63769,0,0,0,3300,154852
1807,14243,63142,143003,102962,40041,3263,154852
1808,15278,62469,276261,198908,77353,3153,154852
1809,16314,61796,390693,281299,109394,2978,154852
1810,17278,61169,478499,344519,133980,2750,154852
1811,18107,60631,533696,384261,149435,2485,154852
1812,18742,60217,552523,397817,154706,2200,154852
1813,19142,59958,533696,384261,149435,1915,154852
1814,19278,59869,478499,344519,133980,1650,154852
1815,19142,59958,390693,281299,109394,1422,154852
1816,18742,60217,276261,198908,77353,1247,154852
1817,18107,60631,143003,102962,40041,1137,154852
1818,17278,61169,0,0,0,1100,154852
1819,16314,61796,0,0,0,1137,154852
1820,15278,62469,0,0,0,1247,154852
1821,14243,63142,0,0,0,1422,154852
1822,13278,63769,0,0,0,1650,154852
1823,12450,64308,0,0,0,1915,154852
1824,11934,64643,0,0,0,2200,160645
1825,11535,64903,0,0,0,2485,160645
1826,11398,64991,0,0,0,2750,160645
1827,11535,64903,0,0,0,2978,160645
1828,11934,64643,0,0,0,3153,160645
1829,12570,64230,0,0,0,3263,160645
1830,13398,63691,0,0,0,3300,160645
1831,14363,63064,144401,103968,40432,3263,160645
1832,15398,62391,278961,200852,78109,3153,160645
1833,16434,61718,394510,284047,110463,2978,160645
1834,17398,61091,483174,347885,135289,2750,160645
1835,18227,60553,538910,388015,150895,2485,160645
1836,18862,60139,557921,401703,156218,2200,160645
1837,19262,59880,538910,388015,150895,1915,160645
1838,19398,59791,483174,347885,135289,1650,160645
1839,19262,59880,394510,284047,110463,1422,160645
1840,18862,60139,278961,200852,78109,1247,160645
1841,18227,60553,144401,103968,40432,1137,160645
1842,17398,61091,0,0,0,1100,160645
1843,16434,61718,0,0,0,1137,160645
1844,15398,62391,0,0,0,1247,160645
1845,14363,63064,0,0,0,1422,160645
1846,13398,63691,0,0,0,1650,160645
1847,12570,64230,0,0,0,1915,160645
1848,12054,64565,0,0,0,2200,184100
1849,11655,64824,0,0,0,2485,184100
1850,11518,64913,0,0,0,2750,184100
1851,11655,64824,0,0,0,2978,184100
1852,12054,64565,0,0,0,3153,184100
1853,12690,64152,0,0,0,3263,184100
1854,13518,63613,0,0,0,3300,184100
1855,14483,62986,145800,104976,40824,3263,184100
1856,15518,62313,281664,202798,78866,3153,184100
1857,16554,61640,398333,286799,111533,2978,184100
1858,17518,61013,487856,351256,136600,2750,184100
1859,18347,60475,544132,391775,152357,2485,184100
1860,18982,60061,563327,405596,157732,2200,184100
1861,19382,59802,544132,391775,152357,1915,184100
1862,19518,59713,487856,351256,136600,1650,184100
1863,19382,59802,398333,286799,111533,1422,184100
1864,18982,60061,281664,202798,78866,1247,184100
1865,18347,60475,145800,104976,40824,1137,184100
1866,17518,61013,0,0,0,1100,184100
1867,16554,61640,0,0,0,1137,184100
1868,15518,62313,0,0,0,1247,184100
1869,14483,62986,0,0,0,1422,184100
1870,13518,63613,0,0,0,1650,184100
1871,12690,64152,0,0,0,1915,184100
1872,12175,64487,0,0,0,2200,207555
1873,11775,64746,0,0,0,2485,207555
1874,11639,64835,0,0,0,2750,207555
1875,11775,64746,0,0,0,2978,207555
1876,12175,64487,0,0,0,3153,207555
1877,12810,64073,0,0,0,3263,207555
1878,13639,63535,0,0,0,3300,207555
1879,14603,62908,147201,105984,41216,3263,207555
1880,15639,62235,284370,204746,79624,3153,207555
1881,16674,61562,402160,289555,112605,2978,207555
1882,17639,60935,492543,354631,137912,2750,207555
1883,18467,60396,549360,395540,153821,2485,207555
1884,19103,59983,568740,409493,159247,2200,207555
1885,19502,59723,549360,395540,153821,1915,207555
1886,19639,59635,492543,354631,137912,1650,207555
1887,19502,59723,402160,289555,112605,1422,207555
1888,19103,59983,284370,204746,79624,1247,207555
1889,18467,60396,147201,105984,41216,1137,207555
1890,17639,60935,0,0,0,1100,207555
1891,16674,61562,0,0,0,1137,207555
1892,15639,62235,0,0,0,1247,207555
1893,14603,62908,0,0,0,1422,207555
1894,13639,63535,0,0,0,1650,207555
1895,12810,64073,0,0,0,1915,207555
1896,12295,64408,0,0,0,2200,213348
1897,11895,64668,0,0,0,2485,213348
1898,11759,64757,0,0,0,2750,213348
1899,11895,64668,0,0,0,2978,213348
1900,12295,64408,0,0,0,3153,213348
1901,12931,63995,0,0,0,3263,213348
1902,13759,63457,0,0,0,3300,213348
1903,14724,62830,148603,106994,41609,3263,213348
1904,15759,62157,287079,206697,80382,3153,213348
1905,16794,61484,405990,292313,113677,2978,213348
1906,17759,60857,497235,358009,139226,2750,213348
1907,18587,60318,554593,399307,155286,2485,213348
1908,19223,59905,574157,413393,160764,2200,213348
1909,19623,59645,554593,399307,155286,1915,213348
1910,19759,59557,497235,358009,139226,1650,213348
1911,19623,59645,405990,292313,113677,1422,213348
1912,19223,59905,287079,206697,80382,1247,213348
1913,18587,60318,148603,106994,41609,1137,213348
1914,17759,60857,0,0,0,1100,213348
1915,16794,61484,0,0,0,1137,213348
1916,15759,62157,0,0,0,1247,213348
1917,14724,62830,0,0,0,1422,213348
1918,13759,63457,0,0,0,1650,213348
1919,12931,63995,0,0,0,1915,213348
1920,12415,64330,0,0,0,2200,197117
1921,12016,64590,0,0,0,2485,197117
1922,11880,64678,0,0,0,2750,197117
1923,12016,64590,0,0,0,2978,197117
1924,12415,64330,0,0,0,3153,197117
1925,13051,63917,0,0,0,3263,197117
1926,13880,63378,0,0,0,3300,197117
1927,14844,62751,150006,108004,42002,3263,197117
1928,15880,62078,289789,208648,81141,3153,197117
1929,16915,61405,409823,295073,114751,2978,197117
1930,17880,60778,501929,361389,140540,2750,197117
1931,18708,60240,559829,403077,156752,2485,197117
1932,19344,59827,579578,417296,162282,2200,197117
1933,19743,59567,559829,403077,156752,1915,197117
1934,19880,59478,501929,361389,140540,1650,197117
1935,19743,59567,409823,295073,114751,1422,197117
1936,19344,59827,289789,208648,81141,1247,197117
1937,18708,60240,150006,108004,42002,1137,197117
1938,17880,60778,0,0,0,1100,197117
1939,16915,61405,0,0,0,1137,197117
1940,15880,62078,0,0,0,1247,197117
1941,14844,62751,0,0,0,1422,197117
1942,13880,63378,0,0,0,1650,197117
1943,13051,63917,0,0,0,1915,197117
1944,12536,64252,0,0,0,2200,171083
1945,12136,64511,0,0,0,2485,171083
1946,12000,64600,0,0,0,2750,171083
1947,12136,64511,0,0,0,2978,171083
1948,12536,64252,0,0,0,3153,171083
1949,13172,63838,0,0,0,3263,171083
1950,14000,63300,0,0,0,3300,171083
1951,14965,62673,151409,109015,42395,3263,171083
1952,16000,62000,292500,210600,81900,3153,171083
1953,17035,61327,413657,297833,115824,2978,171083
1954,18000,60700,506625,364770,141855,2750,171083
1955,18828,60162,565067,406848,158219,2485,171083
1956,19464,59748,585000,421200,163800,2200,171083
1957,19864,59489,565067,406848,158219,1915,171083
1958,20000,59400,506625,364770,141855,1650,171083
1959,19864,59489,413657,297833,115824,1422,171083
1960,19464,59748,292500,210600,81900,1247,171083
1961,18828,60162,151409,109015,42395,1137,171083
1962,18000,60700,0,0,0,1100,171083
1963,17035,61327,0,0,0,1137,171083
1964,16000,62000,0,0,0,1247,171083
1965,14965,62673,0,0,0,1422,171083
1966,14000,63300,0,0,0,1650,171083
1967,13172,63838,0,0,0,1915,171083
1968,12656,64173,0,0,0,2200,154852
1969,12257,64433,0,0,0,2485,154852
1970,12120,64522,0,0,0,2750,154852
1971,12257,64433,0,0,0,2978,154852
1972,12656,64173,0,0,0,3153,154852
1973,13292,63760,0,0,0,3263,154852
1974,14120,63222,0,0,0,3300,154852
1975,15085,62595,152813,110025,42788,3263,154852
1976,16120,61922,295211,212552,82659,3153,154852
1977,17156,61249,417492,300594,116898,2978,154852
1978,18120,60622,511321,368151,143170,2750,154852
1979,18949,60083,570304,410619,159685,2485,154852
1980,19585,59670,590422,425104,165318,2200,154852
1981,19984,59410,570304,410619,159685,1915,154852
1982,20120,59322,511321,368151,143170,1650,154852
1983,19984,59410,417492,300594,116898,1422,154852
1984,19585,59670,295211,212552,82659,1247,154852
1985,18949,60083,152813,110025,42788,1137,154852
1986,18120,60622,0,0,0,1100,154852
1987,17156,61249,0,0,0,1137,154852
1988,16120,61922,0,0,0,1247,154852
1989,15085,62595,0,0,0,1422,154852
1990,14120,63222,0,0,0,1650,154852
1991,13292,63760,0,0,0,1915,154852
1992,12777,64095,0,0,0,2200,160645
1993,12377,64355,0,0,0,2485,160645
1994,12241,64443,0,0,0,2750,160645
1995,12377,64355,0,0,0,2978,160645
1996,12777,64095,0,0,0,3153,160645
1997,13413,63682,0,0,0,3263,160645
1998,14241,63143,0,0,0,3300,160645
1999,15206,62516,154215,111035,43180,3263,160645
2000,16241,61843,297921,214503,83418,3153,160645
2001,17276,61170,421324,303354,117971,2978,160645
2002,18241,60543,516015,371531,144484,2750,160645
2003,19069,60005,575540,414389,161151,2485,160645
2004,19705,59592,595843,429007,166836,2200,160645
2005,20105,59332,575540,414389,161151,1915,160645
2006,20241,59243,516015,371531,144484,1650,160645
2007,20105,59332,421324,303354,117971,1422,160645
2008,19705,59592,297921,214503,83418,1247,160645
2009,19069,60005,154215,111035,43180,1137,160645
2010,18241,60543,0,0,0,1100,160645
2011,17276,61170,0,0,0,1137,160645
2012,16241,61843,0,0,0,1247,160645
2013,15206,62516,0,0,0,1422,160645
2014,14241,63143,0,0,0,1650,160645
2015,13413,63682,0,0,0,1915,160645
2016,12897,64017,0,0,0,2200,184100
2017,12498,64277,0,0,0,2485,184100
2018,12361,64365,0,0,0,2750,184100
2019,12498,64277,0,0,0,2978,184100
2020,12897,64017,0,0,0,3153,184100
2021,13533,63604,0,0,0,3263,184100
2022,14361,63065,0,0,0,3300,184100
2023,15326,62438,155618,112045,43573,3263,184100
2024,16361,61765,300630,216454,84176,3153,184100
2025,17397,61092,425155,306112,119043,2978,184100
2026,18361,60465,520707,374909,145798,2750,184100
2027,19190,59927,580773,418156,162616,2485,184100
2028,19825,59513,601260,432907,168353,2200,184100
2029,20225,59254,580773,418156,162616,1915,184100
2030,20361,59165,520707,374909,145798,1650,184100
2031,20225,59254,425155,306112,119043,1422,184100
2032,19825,59513,300630,216454,84176,1247,184100
2033,19190,59927,155618,112045,43573,1137,184100
2034,18361,60465,0,0,0,1100,184100
2035,17397,61092,0,0,0,1137,184100
2036,16361,61765,0,0,0,1247,184100
2037,15326,62438,0,0,0,1422,184100
2038,14361,63065,0,0,0,1650,184100
2039,13533,63604,0,0,0,1915,184100
2040,13018,63939,0,0,0,2200,207555
2041,12618,64198,0,0,0,2485,207555
2042,12482,64287,0,0,0,2750,207555
2043,12618,64198,0,0,0,2978,207555
2044,13018,63939,0,0,0,3153,207555
2045,13653,63525,0,0,0,3263,207555
2046,14482,62987,0,0,0,3300,207555
2047,15446,62360,157018,113053,43965,3263,207555
2048,16482,61687,303336,218402,84934,3153,207555
2049,17517,61014,428982,308867,120115,2978,207555
2050,18482,60387,525394,378284,147110,2750,207555
2051,19310,59848,586001,421921,164080,2485,207555
2052,19946,59435,606673,436804,169868,2200,207555
2053,20345,59176,586001,421921,164080,1915,207555
2054,20482,59087,525394,378284,147110,1650,207555
2055,20345,59176,428982,308867,120115,1422,207555
2056,19946,59435,303336,218402,84934,1247,207555
2057,19310,59848,157018,113053,43965,1137,207555
2058,18482,60387,0,0,0,1100,207555
2059,17517,61014,0,0,0,1137,207555
2060,16482,61687,0,0,0,1247,207555
2061,15446,62360,0,0,0,1422,207555
2062,14482,62987,0,0,0,1650,207555
2063,13653,63525,0,0,0,1915,207555
2064,13138,63861,0,0,0,2200,213348
2065,12738,64120,0,0,0,2485,213348
2066,12602,64209,0,0,0,2750,213348
2067,12738,64120,0,0,0,2978,213348
2068,13138,63861,0,0,0,3153,213348
2069,13773,63447,0,0,0,3263,213348
2070,14602,62909,0,0,0,3300,213348
2071,15566,62282,158418,114061,44357,3263,213348
2072,16602,61609,306039,220348,85691,3153,213348
2073,17637,60936,432805,311620,121185,2978,213348
2074,18602,60309,530076,381655,148421,2750,213348
2075,19430,59770,591223,425680,165542,2485,213348
2076,20066,59357,612079,440697,171382,2200,213348
2077,20465,59097,591223,425680,165542,1915,213348
2078,20602,59009,530076,381655,148421,1650,213348
2079,20465,59097,432805,311620,121185,1422,213348
2080,20066,59357,306039,220348,85691,1247,213348
2081,19430,59770,158418,114061,44357,1137,213348
2082,18602,60309,0,0,0,1100,213348
2083,17637,60936,0,0,0,1137,213348
2084,16602,61609,0,0,0,1247,213348
2085,15566,62282,0,0,0,1422,213348
2086,14602,62909,0,0,0,1650,213348
2087,13773,63447,0,0,0,1915,213348
2088,13258,63783,0,0,0,2200,197117
2089,12858,64042,0,0,0,2485,197117
2090,12722,64131,0,0,0,2750,197117
2091,12858,64042,0,0,0,2978,197117
2092,13258,63783,0,0,0,3153,197117
2093,13893,63369,0,0,0,3263,197117
2094,14722,62831,0,0,0,3300,197117
2095,15686,62204,159815,115067,44748,3263,197117
2096,16722,61531,308739,222292,86447,3153,197117
2097,17757,60858,436622,314368,122254,2978,197117
2098,18722,60231,534751,385021,149730,2750,197117
2099,19550,59692,596437,429435,167002,2485,197117
2100,20186,59279,617477,444583,172894,2200,197117
2101,20585,59019,596437,429435,167002,1915,197117
2102,20722,58931,534751,385021,149730,1650,197117
2103,20585,59019,436622,314368,122254,1422,197117
2104,20186,59279,308739,222292,86447,1247,197117
2105,19550,59692,159815,115067,44748,1137,197117
2106,18722,60231,0,0,0,1100,197117
2107,17757,60858,0,0,0,1137,197117
2108,16722,61531,0,0,0,1247,197117
2109,15686,62204,0,0,0,1422,197117
2110,14722,62831,0,0,0,1650,197117
2111,13893,63369,0,0,0,1915,197117
2112,13377,63705,0,0,0,2200,171083
2113,12978,63964,0,0,0,2485,171083
2114,12841,64053,0,0,0,2750,171083
2115,12978,63964,0,0,0,2978,171083
2116,13377,63705,0,0,0,3153,171083
2117,14013,63292,0,0,0,3263,171083
2118,14841,62753,0,0,0,3300,171083
2119,15806,62126,161209,116071,45139,3263,171083
2120,16841,61453,311433,224232,87201,3153,171083
2121,17877,60780,440432,317111,123321,2978,171083
2122,18841,60153,539417,388381,151037,2750,171083
2123,19670,59615,601642,433182,168460,2485,171083
2124,20306,59201,622866,448463,174402,2200,171083
2125,20705,58942,601642,433182,168460,1915,171083
2126,20841,58853,539417,388381,151037,1650,171083
2127,20705,58942,440432,317111,123321,1422,171083
2128,20306,59201,311433,224232,87201,1247,171083
2129,19670,59615,161209,116071,45139,1137,171083
2130,18841,60153,0,0,0,1100,171083
2131,17877,60780,0,0,0,1137,171083
2132,16841,61453,0,0,0,1247,171083
2133,15806,62126,0,0,0,1422,171083
2134,14841,62753,0,0,0,1650,171083
2135,14013,63292,0,0,0,1915,171083
2136,13497,63627,0,0,0,2200,154852
2137,13097,63887,0,0,0,2485,154852
2138,12961,63975,0,0,0,2750,154852
2139,13097,63887,0,0,0,2978,154852
2140,13497,63627,0,0,0,3153,154852
2141,14133,63214,0,0,0,3263,154852
2142,14961,62675,0,0,0,3300,154852
2143,15926,62048,162601,117073,45528,3263,154852
2144,16961,61375,314121,226167,87954,3153,154852
2145,17996,60702,444235,319849,124386,2978,154852
2146,18961,60075,544074,391733,152341,2750,154852
2147,19789,59537,606836,436922,169914,2485,154852
2148,20425,59124,628243,452335,175908,2200,154852
2149,20825,58864,606836,436922,169914,1915,154852
2150,20961,58775,544074,391733,152341,1650,154852
2151,20825,58864,444235,319849,124386,1422,154852
2152,20425,59124,314121,226167,87954,1247,154852
2153,19789,59537,162601,117073,45528,1137,154852
2154,18961,60075,0,0,0,1100,154852
2155,17996,60702,0,0,0,1137,154852
2156,16961,61375,0,0,0,1247,154852
2157,15926,62048,0,0,0,1422,154852
2158,14961,62675,0,0,0,1650,154852
2159,14133,63214,0,0,0,1915,154852
2160,13616,63550,0,0,0,2200,160645
2161,13216,63809,0,0,0,2485,160645
2162,13080,63898,0,0,0,2750,160645
2163,13216,63809,0,0,0,2978,160645
2164,13616,63550,0,0,0,3153,160645
2165,14252,63136,0,0,0,3263,160645
2166,15080,62598,0,0,0,3300,160645
2167,16045,61971,163990,118073,45917,3263,160645
2168,17080,61298,316804,228099,88705,3153,160645
2169,18115,60625,448028,322580,125448,2978,160645
2170,19080,59998,548720,395078,153642,2750,160645
2171,19909,59459,612018,440653,171365,2485,160645
2172,20544,59046,633607,456197,177410,2200,160645
2173,20944,58786,612018,440653,171365,1915,160645
2174,21080,58698,548720,395078,153642,1650,160645
2175,20944,58786,448028,322580,125448,1422,160645
2176,20544,59046,316804,228099,88705,1247,160645
2177,19909,59459,163990,118073,45917,1137,160645
2178,19080,59998,0,0,0,1100,160645
2179,18115,60625,0,0,0,1137,160645
2180,17080,61298,0,0,0,1247,160645
2181,16045,61971,0,0,0,1422,160645
2182,15080,62598,0,0,0,1650,160645
2183,14252,63136,0,0,0,1915,160645
2184,13735,63472,0,0,0,2200,184100
2185,13335,63732,0,0,0,2485,184100
2186,13199,63821,0,0,0,2750,184100
2187,13335,63732,0,0,0,2978,184100
2188,13735,63472,0,0,0,3153,184100
2189,14371,63059,0,0,0,3263,184100
2190,15199,62521,0,0,0,3300,184100
2191,16164,61894,165374,119070,46305,3263,184100
2192,17199,61221,319479,230025,89454,3153,184100
2193,18234,60548,451811,325304,126507,2978,184100
2194,19199,59921,553353,398414,154939,2750,184100
2195,20027,59382,617185,444373,172812,2485,184100
2196,20663,58969,638957,460049,178908,2200,184100
2197,21063,58709,617185,444373,172812,1915,184100
2198,21199,58621,553353,398414,154939,1650,184100
2199,21063,58709,451811,325304,126507,1422,184100
2200,20663,58969,319479,230025,89454,1247,184100
2201,20027,59382,165374,119070,46305,1137,184100
2202,19199,59921,0,0,0,1100,184100
2203,18234,60548,0,0,0,1137,184100
2204,17199,61221,0,0,0,1247,184100
2205,16164,61894,0,0,0,1422,184100
2206,15199,62521,0,0,0,1650,184100
2207,14371,63059,0,0,0,1915,184100
2208,13853,63395,0,0,0,2200,207555
2209,13454,63655,0,0,0,2485,207555
2210,13318,63744,0,0,0,2750,207555
2211,13454,63655,0,0,0,2978,207555
2212,13853,63395,0,0,0,3153,207555
2213,14489,62982,0,0,0,3263,207555
2214,15318,62444,0,0,0,3300,207555
2215,16282,61816,166755,120064,46691,3263,207555
2216,17318,61144,322146,231945,90201,3153,207555
2217,18353,60471,455583,328020,127563,2978,207555
2218,19318,59844,557973,401740,156232,2750,207555
2219,20146,59305,622338,448083,174255,2485,207555
2220,20782,58892,644291,463890,180402,2200,207555
2221,21181,58632,622338,448083,174255,1915,207555
2222,21318,58544,557973,401740,156232,1650,207555
2223,21181,58632,455583,328020,127563,1422,207555
2224,20782,58892,322146,231945,90201,1247,207555
2225,20146,59305,166755,120064,46691,1137,207555
2226,19318,59844,0,0,0,1100,207555
2227,18353,60471,0,0,0,1137,207555
2228,17318,61144,0,0,0,1247,207555
2229,16282,61816,0,0,0,1422,207555
2230,15318,62444,0,0,0,1650,207555
2231,14489,62982,0,0,0,1915,207555
2232,13972,63318,0,0,0,2200,213348
2233,13572,63578,0,0,0,2485,213348
2234,13436,63667,0,0,0,2750,213348
2235,13572,63578,0,0,0,2978,213348
2236,13972,63318,0,0,0,3153,213348
2237,14607,62905,0,0,0,3263,213348
2238,15436,62367,0,0,0,3300,213348
2239,16400,61740,168131,121054,47077,3263,213348
2240,17436,61067,324804,233859,90945,3153,213348
2241,18471,60394,459342,330726,128616,2978,213348
2242,19436,59767,562577,405055,157522,2750,213348
2243,20264,59228,627473,451781,175692,2485,213348
2244,20900,58815,649608,467718,181890,2200,213348
2245,21299,58555,627473,451781,175692,1915,213348
2246,21436,58467,562577,405055,157522,1650,213348
2247,21299,58555,459342,330726,128616,1422,213348
2248,20900,58815,324804,233859,90945,1247,213348
2249,20264,59228,168131,121054,47077,1137,213348
2250,19436,59767,0,0,0,1100,213348
2251,18471,60394,0,0,0,1137,213348
2252,17436,61067,0,0,0,1247,213348
2253,16400,61740,0,0,0,1422,213348
2254,15436,62367,0,0,0,1650,213348
2255,14607,62905,0,0,0,1915,213348
2256,14089,63242,0,0,0,2200,197117
2257,13690,63502,0,0,0,2485,197117
2258,13553,63590,0,0,0,2750,197117
2259,13690,63502,0,0,0,2978,197117
2260,14089,63242,0,0,0,3153,197117
2261,14725,62829,0,0,0,3263,197117
2262,15553,62290,0,0,0,3300,197117
2263,16518,61663,169502,122041,47461,3263,197117
2264,17553,60990,327453,235766,91687,3153,197117
2265,18589,60317,463088,333423,129665,2978,197117
2266,19553,59690,567165,408359,158806,2750,197117
2267,20382,59152,632590,455465,177125,2485,197117
2268,21018,58739,654905,471532,183373,2200,197117
2269,21417,58479,632590,455465,177125,1915,197117
2270,21553,58390,567165,408359,158806,1650,197117
2271,21417,58479,463088,333423,129665,1422,197117
2272,21018,58739,327453,235766,91687,1247,197117
2273,20382,59152,169502,122041,47461,1137,197117
2274,19553,59690,0,0,0,1100,197117
2275,18589,60317,0,0,0,1137,197117
2276,17553,60990,0,0,0,1247,197117
2277,16518,61663,0,0,0,1422,197117
2278,15553,62290,0,0,0,1650,197117
2279,14725,62829,0,0,0,1915,197117
2280,14207,63166,0,0,0,2200,171083
2281,13807,63425,0,0,0,2485,171083
2282,13671,63514,0,0,0,2750,171083
2283,13807,63425,0,0,0,2978,171083
2284,14207,63166,0,0,0,3153,171083
2285,14842,62753,0,0,0,3263,171083
2286,15671,62214,0,0,0,3300,171083
2287,16635,61587,170868,123025,47843,3263,171083
2288,17671,60914,330091,237665,92425,3153,171083
2289,18706,60241,466819,336110,130709,2978,171083
2290,19671,59614,571734,411649,160086,2750,171083
2291,20499,59076,637687,459134,178552,2485,171083
2292,21135,58662,660182,475331,184851,2200,171083
2293,21534,58403,637687,459134,178552,1915,171083
2294,21671,58314,571734,411649,160086,1650,171083
2295,21534,58403,466819,336110,130709,1422,171083
2296,21135,58662,330091,237665,92425,1247,171083
2297,20499,59076,170868,123025,47843,1137,171083
2298,19671,59614,0,0,0,1100,171083
2299,18706,60241,0,0,0,1137,171083
2300,17671,60914,0,0,0,1247,171083
2301,16635,61587,0,0,0,1422,171083
2302,15671,62214,0,0,0,1650,171083
2303,14842,62753,0,0,0,1915,171083
2304,14323,63090,0,0,0,2200,154852
2305,13924,63350,0,0,0,2485,154852
2306,13787,63438,0,0,0,2750,154852
2307,13924,63350,0,0,0,2978,154852
2308,14323,63090,0,0,0,3153,154852
2309,14959,62677,0,0,0,3263,154852
2310,15787,62138,0,0,0,3300,154852
2311,16752,61511,172228,124004,48224,3263,154852
2312,17787,60838,332718,239557,93161,3153,154852
2313,18823,60165,470535,338785,131750,2978,154852
2314,19787,59538,576285,414925,161360,2750,154852
2315,20616,59000,642762,462789,179973,2485,154852
2316,21252,58586,665436,479114,186322,2200,154852
2317,21651,58327,642762,462789,179973,1915,154852
2318,21787,58238,576285,414925,161360,1650,154852
2319,21651,58327,470535,338785,131750,1422,154852
2320,21252,58586,332718,239557,93161,1247,154852
2321,20616,59000,172228,124004,48224,1137,154852
2322,19787,59538,0,0,0,1100,154852
2323,18823,60165,0,0,0,1137,154852
2324,17787,60838,0,0,0,1247,154852
2325,16752,61511,0,0,0,1422,154852
2326,15787,62138,0,0,0,1650,154852
2327,14959,62677,0,0,0,1915,154852
2328,14440,63014,0,0,0,2200,160645
2329,14040,63274,0,0,0,2485,160645
2330,13904,63363,0,0,0,2750,160645
2331,14040,63274,0,0,0,2978,160645
2332,14440,63014,0,0,0,3153,160645
2333,15075,62601,0,0,0,3263,160645
2334,15904,62063,0,0,0,3300,160645
2335,16868,61436,173581,124979,48603,3263,160645
2336,17904,60763,335333,241440,93893,3153,160645
2337,18939,60090,474233,341448,132785,2978,160645
2338,19904,59463,580815,418186,162628,2750,160645
2339,20732,58924,647814,466426,181388,2485,160645
2340,21368,58511,670667,482880,187787,2200,160645
2341,21767,58251,647814,466426,181388,1915,160645
2342,21904,58163,580815,418186,162628,1650,160645
2343,21767,58251,474233,341448,132785,1422,160645
2344,21368,58511,335333,241440,93893,1247,160645
2345,20732,58924,173581,124979,48603,1137,160645
2346,19904,59463,0,0,0,1100,160645
2347,18939,60090,0,0,0,1137,160645
2348,17904,60763,0,0,0,1247,160645
2349,16868,61436,0,0,0,1422,160645
2350,15904,62063,0,0,0,1650,160645
2351,15075,62601,0,0,0,1915,160645
2352,14555,62939,0,0,0,2200,184100
2353,14156,63199,0,0,0,2485,184100
2354,14019,63287,0,0,0,2750,184100
2355,14156,63199,0,0,0,2978,184100
2356,14555,62939,0,0,0,3153,184100
2357,15191,62526,0,0,0,3263,184100
2358,16019,61987,0,0,0,3300,184100
2359,16984,61360,174929,125949,48980,3263,184100
2360,18019,60687,337936,243314,94622,3153,184100
2361,19055,60014,477914,344098,133816,2978,184100
2362,20019,59387,585322,421432,163890,2750,184100
2363,20848,58849,652842,470046,182796,2485,184100
2364,21483,58436,675872,486628,189244,2200,184100
2365,21883,58176,652842,470046,182796,1915,184100
2366,22019,58087,585322,421432,163890,1650,184100
2367,21883,58176,477914,344098,133816,1422,184100
2368,21483,58436,337936,243314,94622,1247,184100
2369,20848,58849,174929,125949,48980,1137,184100
2370,20019,59387,0,0,0,1100,184100
2371,19055,60014,0,0,0,1137,184100
2372,18019,60687,0,0,0,1247,184100
2373,16984,61360,0,0,0,1422,184100
2374,16019,61987,0,0,0,1650,184100
2375,15191,62526,0,0,0,1915,184100
2376,14670,62864,0,0,0,2200,207555
2377,14271,63124,0,0,0,2485,207555
2378,14134,63213,0,0,0,2750,207555
2379,14271,63124,0,0,0,2978,207555
2380,14670,62864,0,0,0,3153,207555
2381,15306,62451,0,0,0,3263,207555
2382,16134,61913,0,0,0,3300,207555
2383,17099,61286,176269,126914,49355,3263,207555
2384,18134,60613,340525,245178,95347,3153,207555
2385,19170,59940,481575,346734,134841,2978,207555
2386,20134,59313,589807,424661,165146,2750,207555
2387,20963,58774,657844,473648,184196,2485,207555
2388,21599,58361,681050,490356,190694,2200,207555
2389,21998,58101,657844,473648,184196,1915,207555
2390,22134,58013,589807,424661,165146,1650,207555
2391,21998,58101,481575,346734,134841,1422,207555
2392,21599,58361,340525,245178,95347,1247,207555
2393,20963,58774,176269,126914,49355,1137,207555
2394,20134,59313,0,0,0,1100,207555
2395,19170,59940,0,0,0,1137,207555
2396,18134,60613,0,0,0,1247,207555
2397,17099,61286,0,0,0,1422,207555
2398,16134,61913,0,0,0,1650,207555
2399,15306,62451,0,0,0,1915,207555
2400,14785,62790,0,0,0,2200,213348
2401,14385,63050,0,0,0,2485,213348
2402,14249,63138,0,0,0,2750,213348
2403,14385,63050,0,0,0,2978,213348
2404,14785,62790,0,0,0,3153,213348
2405,15420,62377,0,0,0,3263,213348
2406,16249,61838,0,0,0,3300,213348
2407,17214,61211,177602,127873,49728,3263,213348
2408,18249,60538,343100,247032,96068,3153,213348
2409,19284,59865,485217,349356,135861,2978,213348
2410,20249,59238,594267,427872,166395,2750,213348
2411,21077,58700,662818,477229,185589,2485,213348
2412,21713,58287,686200,494064,192136,2200,213348
2413,22113,58027,662818,477229,185589,1915,213348
2414,22249,57938,594267,427872,166395,1650,213348
2415,22113,58027,485217,349356,135861,1422,213348
2416,21713,58287,343100,247032,96068,1247,213348
2417,21077,58700,177602,127873,49728,1137,213348
2418,20249,59238,0,0,0,1100,213348
2419,19284,59865,0,0,0,1137,213348
2420,18249,60538,0,0,0,1247,213348
2421,17214,61211,0,0,0,1422,213348
2422,16249,61838,0,0,0,1650,213348
2423,15420,62377,0,0,0,1915,213348
2424,14899,62716,0,0,0,2200,197117
2425,14499,62976,0,0,0,2485,197117
2426,14363,63064,0,0,0,2750,197117
2427,14499,62976,0,0,0,2978,197117
2428,14899,62716,0,0,0,3153,197117
2429,15534,62303,0,0,0,3263,197117
2430,16363,61764,0,0,0,3300,197117
2431,17327,61137,178927,128827,50099,3263,197117
2432,18363,60464,345660,248875,96785,3153,197117
2433,19398,59791,488837,351963,136874,2978,197117
2434,20363,59164,598700,431064,167636,2750,197117
2435,21191,58626,667764,480790,186974,2485,197117
2436,21827,58213,691320,497750,193570,2200,197117
2437,22226,57953,667764,480790,186974,1915,197117
2438,22363,57864,598700,431064,167636,1650,197117
2439,22226,57953,488837,351963,136874,1422,197117
2440,21827,58213,345660,248875,96785,1247,197117
2441,21191,58626,178927,128827,50099,1137,197117
2442,20363,59164,0,0,0,1100,197117
2443,19398,59791,0,0,0,1137,197117
2444,18363,60464,0,0,0,1247,197117
2445,17327,61137,0,0,0,1422,197117
2446,16363,61764,0,0,0,1650,197117
2447,15534,62303,0,0,0,1915,197117
2448,15012,62642,0,0,0,2200,171083
2449,14612,62902,0,0,0,2485,171083
2450,14476,62991,0,0,0,2750,171083
2451,14612,62902,0,0,0,2978,171083
2452,15012,62642,0,0,0,3153,171083
2453,15647,62229,0,0,0,3263,171083
2454,16476,61691,0,0,0,3300,171083
2455,17440,61064,180244,129775,50468,3263,171083
2456,18476,60391,348204,250707,97497,3153,171083
2457,19511,59718,492435,354553,137882,2978,171083
2458,20476,59091,603107,434237,168870,2750,171083
2459,21304,58552,672678,484328,188350,2485,171083
2460,21940,58139,696408,501414,194994,2200,171083
2461,22339,57879,672678,484328,188350,1915,171083
2462,22476,57791,603107,434237,168870,1650,171083
2463,22339,57879,492435,354553,137882,1422,171083
2464,21940,58139,348204,250707,97497,1247,171083
2465,21304,58552,180244,129775,50468,1137,171083
2466,20476,59091,0,0,0,1100,171083
2467,19511,59718,0,0,0,1137,171083
2468,18476,60391,0,0,0,1247,171083
2469,17440,61064,0,0,0,1422,171083
2470,16476,61691,0,0,0,1650,171083
2471,15647,62229,0,0,0,1915,171083
2472,15124,62569,0,0,0,2200,154852
2473,14724,62829,0,0,0,2485,154852
2474,14588,62918,0,0,0,2750,154852
2475,14724,62829,0,0,0,2978,154852
2476,15124,62569,0,0,0,3153,154852
2477,15760,62156,0,0,0,3263,154852
2478,16588,61618,0,0,0,3300,154852
2479,17553,60991,181552,130717,50835,3263,154852
2480,18588,60318,350732,252527,98205,3153,154852
2481,19623,59645,496009,357127,138883,2978,154852
2482,20588,59018,607485,437389,170096,2750,154852
2483,21416,58479,677561,487844,189717,2485,154852
2484,22052,58066,701463,505054,196410,2200,154852
2485,22452,57806,677561,487844,189717,1915,154852
2486,22588,57718,607485,437389,170096,1650,154852
2487,22452,57806,496009,357127,138883,1422,154852
2488,22052,58066,350732,252527,98205,1247,154852
2489,21416,58479,181552,130717,50835,1137,154852
2490,20588,59018,0,0,0,1100,154852
2491,19623,59645,0,0,0,1137,154852
2492,18588,60318,0,0,0,1247,154852
2493,17553,60991,0,0,0,1422,154852
2494,16588,61618,0,0,0,1650,154852
2495,15760,62156,0,0,0,1915,154852
2496,15236,62497,0,0,0,2200,160645
2497,14836,62757,0,0,0,2485,160645
2498,14700,62845,0,0,0,2750,160645
2499,14836,62757,0,0,0,2978,160645
2500,15236,62497,0,0,0,3153,160645
2501,15871,62084,0,0,0,3263,160645
2502,16700,61545,0,0,0,3300,160645
2503,17664,60918,182852,131653,51198,3263,160645
2504,18700,60245,353242,254334,98908,3153,160645
2505,19735,59572,499560,359683,139877,2978,160645
2506,20700,58945,611833,440520,171313,2750,160645
2507,21528,58407,682411,491336,191075,2485,160645
2508,22164,57994,706484,508668,197816,2200,160645
2509,22563,57734,682411,491336,191075,1915,160645
2510,22700,57645,611833,440520,171313,1650,160645
2511,22563,57734,499560,359683,139877,1422,160645
2512,22164,57994,353242,254334,98908,1247,160645
2513,21528,58407,182852,131653,51198,1137,160645
2514,20700,58945,0,0,0,1100,160645
2515,19735,59572,0,0,0,1137,160645
2516,18700,60245,0,0,0,1247,160645
2517,17664,60918,0,0,0,1422,160645
2518,16700,61545,0,0,0,1650,160645
2519,15871,62084,0,0,0,1915,160645
2520,15346,62425,0,0,0,2200,184100
2521,14947,62685,0,0,0,2485,184100
2522,14810,62773,0,0,0,2750,184100
2523,14947,62685,0,0,0,2978,184100
2524,15346,62425,0,0,0,3153,184100
2525,15982,62012,0,0,0,3263,184100
2526,16810,61473,0,0,0,3300,184100
2527,17775,60846,184142,132582,51560,3263,184100
2528,18810,60173,355734,256129,99606,3153,184100
2529,19846,59500,503084,362221,140864,2978,184100
2530,20810,58873,616150,443628,172522,2750,184100
2531,21639,58335,687226,494803,192423,2485,184100
2532,22275,57922,711469,512257,199211,2200,184100
2533,22674,57662,687226,494803,192423,1915,184100
2534,22810,57573,616150,443628,172522,1650,184100
2535,22674,57662,503084,362221,140864,1422,184100
2536,22275,57922,355734,256129,99606,1247,184100
2537,21639,58335,184142,132582,51560,1137,184100
2538,20810,58873,0,0,0,1100,184100
2539,19846,59500,0,0,0,1137,184100
2540,18810,60173,0,0,0,1247,184100
2541,17775,60846,0,0,0,1422,184100
2542,16810,61473,0,0,0,1650,184100
2543,15982,62012,0,0,0,1915,184100
2544,15456,62353,0,0,0,2200,207555
2545,15057,62613,0,0,0,2485,207555
2546,14920,62702,0,0,0,2750,207555
2547,15057,62613,0,0,0,2978,207555
2548,15456,62353,0,0,0,3153,207555
2549,16092,61940,0,0,0,3263,207555
2550,16920,61402,0,0,0,3300,207555
2551,17885,60775,185422,133504,51918,3263,207555
2552,18920,60102,358208,257910,100298,3153,207555
2553,19956,59429,506583,364739,141843,2978,207555
2554,20920,58802,620434,446713,173722,2750,207555
2555,21749,58263,692005,498243,193761,2485,207555
2556,22384,57850,716416,515820,200596,2200,207555
2557,22784,57590,692005,498243,193761,1915,207555
2558,22920,57502,620434,446713,173722,1650,207555
2559,22784,57590,506583,364739,141843,1422,207555
2560,22384,57850,358208,257910,100298,1247,207555
2561,21749,58263,185422,133504,51918,1137,207555
2562,20920,58802,0,0,0,1100,207555
2563,19956,59429,0,0,0,1137,207555
2564,18920,60102,0,0,0,1247,207555
2565,17885,60775,0,0,0,1422,207555
2566,16920,61402,0,0,0,1650,207555
2567,16092,61940,0,0,0,1915,207555
2568,15565,62283,0,0,0,2200,213348
2569,15166,62542,0,0,0,2485,213348
2570,15029,62631,0,0,0,2750,213348
2571,15166,62542,0,0,0,2978,213348
2572,15565,62283,0,0,0,3153,213348
2573,16201,61869,0,0,0,3263,213348
2574,17029,61331,0,0,0,3300,213348
2575,17994,60704,186692,134419,52274,3263,213348
2576,19029,60031,360662,259677,100985,3153,213348
2577,20065,59358,510053,367238,142815,2978,213348
2578,21029,58731,624685,449773,174912,2750,213348
2579,21858,58192,696746,501657,195089,2485,213348
2580,22494,57779,721324,519354,201971,2200,213348
2581,22893,57519,696746,501657,195089,1915,213348
2582,23029,57431,624685,449773,174912,1650,213348
2583,22893,57519,510053,367238,142815,1422,213348
2584,22494,57779,360662,259677,100985,1247,213348
2585,21858,58192,186692,134419,52274,1137,213348
2586,21029,58731,0,0,0,1100,213348
2587,20065,59358,0,0,0,1137,213348
2588,19029,60031,0,0,0,1247,213348
2589,17994,60704,0,0,0,1422,213348
2590,17029,61331,0,0,0,1650,213348
2591,16201,61869,0,0,0,1915,213348
2592,15674,62212,0,0,0,2200,197117
2593,15274,62472,0,0,0,2485,197117
2594,15138,62561,0,0,0,2750,197117
2595,15274,62472,0,0,0,2978,197117
2596,15674,62212,0,0,0,3153,197117
2597,16309,61799,0,0,0,3263,197117
2598,17138,61261,0,0,0,3300,197117
2599,18102,60633,187952,135326,52627,3263,197117
2600,19138,59961,363096,261429,101667,3153,197117
2601,20173,59288,513495,369717,143779,2978,197117
2602,21138,58661,628901,452809,176092,2750,197117
2603,21966,58122,701448,505042,196405,2485,197117
2604,22602,57709,726192,522858,203334,2200,197117
2605,23001,57449,701448,505042,196405,1915,197117
2606,23138,57361,628901,452809,176092,1650,197117
2607,23001,57449,513495,369717,143779,1422,197117
2608,22602,57709,363096,261429,101667,1247,197117
2609,21966,58122,187952,135326,52627,1137,197117
2610,21138,58661,0,0,0,1100,197117
2611,20173,59288,0,0,0,1137,197117
2612,19138,59961,0,0,0,1247,197117
2613,18102,60633,0,0,0,1422,197117
2614,17138,61261,0,0,0,1650,197117
2615,16309,61799,0,0,0,1915,197117
2616,15781,62143,0,0,0,2200,171083
2617,15381,62402,0,0,0,2485,171083
2618,15245,62491,0,0,0,2750,171083
2619,15381,62402,0,0,0,2978,171083
2620,15781,62143,0,0,0,3153,171083
2621,16416,61729,0,0,0,3263,171083
2622,17245,61191,0,0,0,3300,171083
2623,18210,60564,189201,136225,52976,3263,171083
2624,19245,59891,365509,263167,102343,3153,171083
2625,20280,59218,516908,372174,144734,2978,171083
2626,21245,58591,633080,455818,177263,2750,171083
2627,22073,58052,706109,508399,197711,2485,171083
2628,22709,57639,731018,526333,204685,2200,171083
2629,23109,57379,706109,508399,197711,1915,171083
2630,23245,57291,633080,455818,177263,1650,171083
2631,23109,57379,516908,372174,144734,1422,171083
2632,22709,57639,365509,263167,102343,1247,171083
2633,22073,58052,189201,136225,52976,1137,171083
2634,21245,58591,0,0,0,1100,171083
2635,20280,59218,0,0,0,1137,171083
2636,19245,59891,0,0,0,1247,171083
2637,18210,60564,0,0,0,1422,171083
2638,17245,61191,0,0,0,1650,171083
2639,16416,61729,0,0,0,1915,171083
2640,15887,62073,0,0,0,2200,154852
2641,15487,62333,0,0,0,2485,154852
2642,15351,62422,0,0,0,2750,154852
2643,15487,62333,0,0,0,2978,154852
2644,15887,62073,0,0,0,3153,154852
2645,16523,61660,0,0,0,3263,154852
2646,17351,61122,0,0,0,3300,154852
2647,18316,60495,190439,137116,53323,3263,154852
2648,19351,59822,367901,264888,103012,3153,154852
2649,20386,59149,520290,374609,145681,2978,154852
2650,21351,58522,637222,458800,178422,2750,154852
2651,22180,57983,710729,511725,199004,2485,154852
2652,22815,57570,735801,529777,206024,2200,154852
2653,23215,57310,710729,511725,199004,1915,154852
2654,23351,57222,637222,458800,178422,1650,154852
2655,23215,57310,520290,374609,145681,1422,154852
2656,22815,57570,367901,264888,103012,1247,154852
2657,22180,57983,190439,137116,53323,1137,154852
2658,21351,58522,0,0,0,1100,154852
2659,20386,59149,0,0,0,1137,154852
2660,19351,59822,0,0,0,1247,154852
2661,18316,60495,0,0,0,1422,154852
2662,17351,61122,0,0,0,1650,154852
2663,16523,61660,0,0,0,1915,154852
2664,15992,62005,0,0,0,2200,160645
2665,15593,62265,0,0,0,2485,160645
2666,15456,62353,0,0,0,2750,160645
2667,15593,62265,0,0,0,2978,160645
2668,15992,62005,0,0,0,3153,160645
2669,16628,61592,0,0,0,3263,160645
2670,17456,61053,0,0,0,3300,160645
2671,18421,60426,191666,137999,53666,3263,160645
2672,19456,59753,370270,266594,103676,3153,160645
2673,20492,59080,523640,377021,146619,2978,160645
2674,21456,58453,641326,461755,179571,2750,160645
2675,22285,57915,715306,515020,200286,2485,160645
2676,22921,57502,740539,533188,207351,2200,160645
2677,23320,57242,715306,515020,200286,1915,160645
2678,23456,57153,641326,461755,179571,1650,160645
2679,23320,57242,523640,377021,146619,1422,160645
2680,22921,57502,370270,266594,103676,1247,160645
2681,22285,57915,191666,137999,53666,1137,160645
2682,21456,58453,0,0,0,1100,160645
2683,20492,59080,0,0,0,1137,160645
2684,19456,59753,0,0,0,1247,160645
2685,18421,60426,0,0,0,1422,160645
2686,17456,61053,0,0,0,1650,160645
2687,16628,61592,0,0,0,1915,160645
2688,16097,61937,0,0,0,2200,184100
2689,15697,62197,0,0,0,2485,184100
2690,15561,62286,0,0,0,2750,184100
2691,15697,62197,0,0,0,2978,184100
2692,16097,61937,0,0,0,3153,184100
2693,16732,61524,0,0,0,3263,184100
2694,17561,60986,0,0,0,3300,184100
2695,18525,60358,192880,138874,54006,3263,184100
2696,19561,59686,372616,268283,104332,3153,184100
2697,20596,59013,526958,379410,147548,2978,184100
2698,21561,58386,645389,464680,180709,2750,184100
2699,22389,57847,719838,518284,201555,2485,184100
2700,23025,57434,745231,536567,208665,2200,184100
2701,23424,57174,719838,518284,201555,1915,184100
2702,23561,57086,645389,464680,180709,1650,184100
2703,23424,57174,526958,379410,147548,1422,184100
2704,23025,57434,372616,268283,104332,1247,184100
2705,22389,57847,192880,138874,54006,1137,184100
2706,21561,58386,0,0,0,1100,184100
2707,20596,59013,0,0,0,1137,184100
2708,19561,59686,0,0,0,1247,184100
2709,18525,60358,0,0,0,1422,184100
2710,17561,60986,0,0,0,1650,184100
2711,16732,61524,0,0,0,1915,184100
2712,16200,61870,0,0,0,2200,207555
2713,15800,62130,0,0,0,2485,207555
2714,15664,62218,0,0,0,2750,207555
2715,15800,62130,0,0,0,2978,207555
2716,16200,61870,0,0,0,3153,207555
2717,16835,61457,0,0,0,3263,207555
2718,17664,60918,0,0,0,3300,207555
2719,18629,60291,194082,139739,54343,3263,207555
2720,19664,59618,374938,269955,104983,3153,207555
2721,20699,58946,530242,381774,148468,2978,207555
2722,21664,58318,649412,467576,181835,2750,207555
2723,22492,57780,724325,521514,202811,2485,207555
2724,23128,57367,749876,539911,209965,2200,207555
2725,23528,57107,724325,521514,202811,1915,207555
2726,23664,57018,649412,467576,181835,1650,207555
2727,23528,57107,530242,381774,148468,1422,207555
2728,23128,57367,374938,269955,104983,1247,207555
2729,22492,57780,194082,139739,54343,1137,207555
2730,21664,58318,0,0,0,1100,207555
2731,20699,58946,0,0,0,1137,207555
2732,19664,59618,0,0,0,1247,207555
2733,18629,60291,0,0,0,1422,207555
2734,17664,60918,0,0,0,1650,207555
2735,16835,61457,0,0,0,1915,207555
2736,16302,61804,0,0,0,2200,213348
2737,15902,62063,0,0,0,2485,213348
2738,15766,62152,0,0,0,2750,213348
2739,15902,62063,0,0,0,2978,213348
2740,16302,61804,0,0,0,3153,213348
2741,16938,61391,0,0,0,3263,213348
2742,17766,60852,0,0,0,3300,213348
2743,18731,60225,195272,140596,54676,3263,213348
2744,19766,59552,377236,271610,105626,3153,213348
2745,20801,58879,533492,384114,149378,2978,213348
2746,21766,58252,653392,470442,182950,2750,213348
2747,22594,57714,728764,524710,204054,2485,213348
2748,23230,57300,754472,543220,211252,2200,213348
2749,23630,57041,728764,524710,204054,1915,213348
2750,23766,56952,653392,470442,182950,1650,213348
2751,23630,57041,533492,384114,149378,1422,213348
2752,23230,57300,377236,271610,105626,1247,213348
2753,22594,57714,195272,140596,54676,1137,213348
2754,21766,58252,0,0,0,1100,213348
2755,20801,58879,0,0,0,1137,213348
2756,19766,59552,0,0,0,1247,213348
2757,18731,60225,0,0,0,1422,213348
2758,17766,60852,0,0,0,1650,213348
2759,16938,61391,0,0,0,1915,213348
2760,16403,61738,0,0,0,2200,197117
2761,16003,61998,0,0,0,2485,197117
2762,15867,62086,0,0,0,2750,197117
2763,16003,61998,0,0,0,2978,197117
2764,16403,61738,0,0,0,3153,197117
2765,17039,61325,0,0,0,3263,197117
2766,17867,60786,0,0,0,3300,197117
2767,18832,60159,196448,141443,55005,3263,197117
2768,19867,59486,379509,273246,106262,3153,197117
2769,20902,58813,536706,386428,150278,2978,197117
2770,21867,58186,657328,473276,184052,2750,197117
2771,22695,57648,733154,527871,205283,2485,197117
2772,23331,57235,759017,546492,212525,2200,197117
2773,23731,56975,733154,527871,205283,1915,197117
2774,23867,56886,657328,473276,184052,1650,197117
2775,23731,56975,536706,386428,150278,1422,197117
2776,23331,57235,379509,273246,106262,1247,197117
2777,22695,57648,196448,141443,55005,1137,197117
2778,21867,58186,0,0,0,1100,197117
2779,20902,58813,0,0,0,1137,197117
2780,19867,59486,0,0,0,1247,197117
2781,18832,60159,0,0,0,1422,197117
2782,17867,60786,0,0,0,1650,197117
2783,17039,61325,0,0,0,1915,197117
2784,16503,61673,0,0,0,2200,171083
2785,16103,61933,0,0,0,2485,171083
2786,15967,62022,0,0,0,2750,171083
2787,16103,61933,0,0,0,2978,171083
2788,16503,61673,0,0,0,3153,171083
2789,17138,61260,0,0,0,3263,171083
2790,17967,60722,0,0,0,3300,171083
2791,18932,60094,197611,142280,55331,3263,171083
2792,19967,59422,381756,274864,106892,3153,171083
2793,21002,58749,539884,388716,151167,2978,171083
2794,21967,58122,661220,476078,185142,2750,171083
2795,22795,57583,737495,530996,206499,2485,171083
2796,23431,57170,763511,549728,213783,2200,171083
2797,23831,56910,737495,530996,206499,1915,171083
2798,23967,56822,661220,476078,185142,1650,171083
2799,23831,56910,539884,388716,151167,1422,171083
2800,23431,57170,381756,274864,106892,1247,171083
2801,22795,57583,197611,142280,55331,1137,171083
2802,21967,58122,0,0,0,1100,171083
2803,21002,58749,0,0,0,1137,171083
2804,19967,59422,0,0,0,1247,171083
2805,18932,60094,0,0,0,1422,171083
2806,17967,60722,0,0,0,1650,171083
2807,17138,61260,0,0,0,1915,171083
2808,16602,61609,0,0,0,2200,154852
2809,16202,61869,0,0,0,2485,154852
2810,16066,61957,0,0,0,2750,154852
2811,16202,61869,0,0,0,2978,154852
2812,16602,61609,0,0,0,3153,154852
2813,17237,61196,0,0,0,3263,154852
2814,18066,60657,0,0,0,3300,154852
2815,19030,60030,198761,143108,55653,3263,154852
2816,20066,59357,383976,276463,107513,3153,154852
2817,21101,58684,543024,390977,152047,2978,154852
2818,22066,58057,665066,478848,186218,2750,154852
2819,22894,57519,741785,534085,207700,2485,154852
2820,23530,57106,767952,552926,215027,2200,154852
2821,23929,56846,741785,534085,207700,1915,154852
2822,24066,56757,665066,478848,186218,1650,154852
2823,23929,56846,543024,390977,152047,1422,154852
2824,23530,57106,383976,276463,107513,1247,154852
2825,22894,57519,198761,143108,55653,1137,154852
2826,22066,58057,0,0,0,1100,154852
2827,21101,58684,0,0,0,1137,154852
2828,20066,59357,0,0,0,1247,154852
2829,19030,60030,0,0,0,1422,154852
2830,18066,60657,0,0,0,1650,154852
2831,17237,61196,0,0,0,1915,154852
2832,16699,61546,0,0,0,2200,160645
2833,16299,61805,0,0,0,2485,160645
2834,16163,61894,0,0,0,2750,160645
2835,16299,61805,0,0,0,2978,160645
2836,16699,61546,0,0,0,3153,160645
2837,17335,61132,0,0,0,3263,160645
2838,18163,60594,0,0,0,3300,160645
2839,19128,59967,199896,143925,55971,3263,160645
2840,20163,59294,386169,278042,108127,3153,160645
2841,21198,58621,546126,393211,152915,2978,160645
2842,22163,57994,668865,481583,187282,2750,160645
2843,22992,57456,746022,537136,208886,2485,160645
2844,23627,57042,772339,556084,216255,2200,160645
2845,24027,56783,746022,537136,208886,1915,160645
2846,24163,56694,668865,481583,187282,1650,160645
2847,24027,56783,546126,393211,152915,1422,160645
2848,23627,57042,386169,278042,108127,1247,160645
2849,22992,57456,199896,143925,55971,1137,160645
2850,22163,57994,0,0,0,1100,160645
2851,21198,58621,0,0,0,1137,160645
2852,20163,59294,0,0,0,1247,160645
2853,19128,59967,0,0,0,1422,160645
2854,18163,60594,0,0,0,1650,160645
2855,17335,61132,0,0,0,1915,160645
2856,16795,61483,0,0,0,2200,184100
2857,16396,61743,0,0,0,2485,184100
2858,16259,61831,0,0,0,2750,184100
2859,16396,61743,0,0,0,2978,184100
2860,16795,61483,0,0,0,3153,184100
2861,17431,61070,0,0,0,3263,184100
2862,18259,60531,0,0,0,3300,184100
2863,19224,59904,201017,144732,56285,3263,184100
2864,20259,59231,388335,279601,108734,3153,184100
2865,21295,58559,549189,395416,153773,2978,184100
2866,22259,57931,672616,484284,188333,2750,184100
2867,23088,57393,750206,540148,210058,2485,184100
2868,23723,56980,776670,559203,217468,2200,184100
2869,24123,56720,750206,540148,210058,1915,184100
2870,24259,56631,672616,484284,188333,1650,184100
2871,24123,56720,549189,395416,153773,1422,184100
2872,23723,56980,388335,279601,108734,1247,184100
2873,23088,57393,201017,144732,56285,1137,184100
2874,22259,57931,0,0,0,1100,184100
2875,21295,58559,0,0,0,1137,184100
2876,20259,59231,0,0,0,1247,184100
2877,19224,59904,0,0,0,1422,184100
2878,18259,60531,0,0,0,1650,184100
2879,17431,61070,0,0,0,1915,184100
2880,16890,61421,0,0,0,2200,207555
2881,16491,61681,0,0,0,2485,207555
2882,16354,61770,0,0,0,2750,207555
2883,16491,61681,0,0,0,2978,207555
2884,16890,61421,0,0,0,3153,207555
2885,17526,61008,0,0,0,3263,207555
2886,18354,60470,0,0,0,3300,207555
2887,19319,59843,202123,145529,56595,3263,207555
2888,20354,59170,390472,281140,109332,3153,207555
2889,21390,58497,552211,397592,154619,2978,207555
2890,22354,57870,676318,486949,189369,2750,207555
2891,23183,57331,754335,543121,211214,2485,207555
2892,23818,56918,780945,562280,218665,2200,207555
2893,24218,56658,754335,543121,211214,1915,207555
2894,24354,56570,676318,486949,189369,1650,207555
2895,24218,56658,552211,397592,154619,1422,207555
2896,23818,56918,390472,281140,109332,1247,207555
2897,23183,57331,202123,145529,56595,1137,207555
2898,22354,57870,0,0,0,1100,207555
2899,21390,58497,0,0,0,1137,207555
2900,20354,59170,0,0,0,1247,207555
2901,19319,59843,0,0,0,1422,207555
2902,18354,60470,0,0,0,1650,207555
2903,17526,61008,0,0,0,1915,207555
2904,16984,61360,0,0,0,2200,213348
2905,16584,61620,0,0,0,2485,213348
2906,16448,61709,0,0,0,2750,213348
2907,16584,61620,0,0,0,2978,213348
2908,16984,61360,0,0,0,3153,213348
2909,17620,60947,0,0,0,3263,213348
2910,18448,60409,0,0,0,3300,213348
2911,19413,59782,203215,146315,56900,3263,213348
2912,20448,59109,392581,282658,109923,3153,213348
2913,21483,58436,555193,399739,155454,2978,213348
2914,22448,57809,679970,489578,190391,2750,213348
2915,23276,57270,758407,546053,212354,2485,213348
2916,23912,56857,785161,565316,219845,2200,213348
2917,24312,56597,758407,546053,212354,1915,213348
2918,24448,56509,679970,489578,190391,1650,213348
2919,24312,56597,555193,399739,155454,1422,213348
2920,23912,56857,392581,282658,109923,1247,213348
2921,23276,57270,203215,146315,56900,1137,213348
2922,22448,57809,0,0,0,1100,213348
2923,21483,58436,0,0,0,1137,213348
2924,20448,59109,0,0,0,1247,213348
2925,19413,59782,0,0,0,1422,213348
2926,18448,60409,0,0,0,1650,213348
2927,17620,60947,0,0,0,1915,213348
2928,17076,61300,0,0,0,2200,197117
2929,16677,61560,0,0,0,2485,197117
2930,16540,61649,0,0,0,2750,197117
2931,16677,61560,0,0,0,2978,197117
2932,17076,61300,0,0,0,3153,197117
2933,17712,60887,0,0,0,3263,197117
2934,18540,60349,0,0,0,3300,197117
2935,19505,59722,204291,147089,57201,3263,197117
2936,20540,59049,394659,284155,110505,3153,197117
2937,21576,58376,558132,401855,156277,2978,197117
2938,22540,57749,683570,492170,191400,2750,197117
2939,23369,57210,762423,548945,213478,2485,197117
2940,24005,56797,789318,568309,221009,2200,197117
2941,24404,56537,762423,548945,213478,1915,197117
2942,24540,56449,683570,492170,191400,1650,197117
2943,24404,56537,558132,401855,156277,1422,197117
2944,24005,56797,394659,284155,110505,1247,197117
2945,23369,57210,204291,147089,57201,1137,197117
2946,22540,57749,0,0,0,1100,197117
2947,21576,58376,0,0,0,1137,197117
2948,20540,59049,0,0,0,1247,197117
2949,19505,59722,0,0,0,1422,197117
2950,18540,60349,0,0,0,1650,197117
2951,17712,60887,0,0,0,1915,197117
2952,17167,61241,0,0,0,2200,171083
2953,16768,61501,0,0,0,2485,171083
2954,16631,61590,0,0,0,2750,171083
2955,16768,61501,0,0,0,2978,171083
2956,17167,61241,0,0,0,3153,171083
2957,17803,60828,0,0,0,3263,171083
2958,18631,60290,0,0,0,3300,171083
2959,19596,59662,205351,147853,57498,3263,171083
2960,20631,58990,396707,285629,111078,3153,171083
2961,21667,58317,561029,403941,157088,2978,171083
2962,22631,57690,687117,494725,192393,2750,171083
2963,23460,57151,766380,551794,214586,2485,171083
2964,24096,56738,793415,571259,222156,2200,171083
2965,24495,56478,766380,551794,214586,1915,171083
2966,24631,56390,687117,494725,192393,1650,171083
2967,24495,56478,561029,403941,157088,1422,171083
2968,24096,56738,396707,285629,111078,1247,171083
2969,23460,57151,205351,147853,57498,1137,171083
2970,22631,57690,0,0,0,1100,171083
2971,21667,58317,0,0,0,1137,171083
2972,20631,58990,0,0,0,1247,171083
2973,19596,59662,0,0,0,1422,171083
2974,18631,60290,0,0,0,1650,171083
2975,17803,60828,0,0,0,1915,171083
2976,17257,61183,0,0,0,2200,154852
2977,16857,61443,0,0,0,2485,154852
2978,16721,61531,0,0,0,2750,154852
2979,16857,61443,0,0,0,2978,154852
2980,17257,61183,0,0,0,3153,154852
2981,17893,60770,0,0,0,3263,154852
2982,18721,60231,0,0,0,3300,154852
2983,19686,59604,206395,148605,57791,3263,154852
2984,20721,58931,398725,287082,111643,3153,154852
2985,21756,58258,563882,405995,157887,2978,154852
2986,22721,57631,690612,497240,193371,2750,154852
2987,23550,57093,770277,554600,215678,2485,154852
2988,24185,56680,797450,574164,223286,2200,154852
2989,24585,56420,770277,554600,215678,1915,154852
2990,24721,56331,690612,497240,193371,1650,154852
2991,24585,56420,563882,405995,157887,1422,154852
2992,24185,56680,398725,287082,111643,1247,154852
2993,23550,57093,206395,148605,57791,1137,154852
2994,22721,57631,0,0,0,1100,154852
2995,21756,58258,0,0,0,1137,154852
2996,20721,58931,0,0,0,1247,154852
2997,19686,59604,0,0,0,1422,154852
2998,18721,60231,0,0,0,1650,154852
2999,17893,60770,0,0,0,1915,154852
3000,17345,61126,0,0,0,2200,160645
3001,16946,61385,0,0,0,2485,160645
3002,16809,61474,0,0,0,2750,160645
3003,16946,61385,0,0,0,2978,160645
3004,17345,61126,0,0,0,3153,160645
3005,17981,60712,0,0,0,3263,160645
3006,18809,60174,0,0,0,3300,160645
3007,19774,59547,207423,149345,58078,3263,160645
3008,20809,58874,400711,288512,112199,3153,160645
3009,21845,58201,566691,408017,158673,2978,160645
3010,22809,57574,694051,499717,194334,2750,160645
3011,23638,57035,774114,557362,216752,2485,160645
3012,24273,56622,801422,577024,224398,2200,160645
3013,24673,56363,774114,557362,216752,1915,160645
3014,24809,56274,694051,499717,194334,1650,160645
3015,24673,56363,566691,408017,158673,1422,160645
3016,24273,56622,400711,288512,112199,1247,160645
3017,23638,57035,207423,149345,58078,1137,160645
3018,22809,57574,0,0,0,1100,160645
3019,21845,58201,0,0,0,1137,160645
3020,20809,58874,0,0,0,1247,160645
3021,19774,59547,0,0,0,1422,160645
3022,18809,60174,0,0,0,1650,160645
3023,17981,60712,0,0,0,1915,160645
3024,17432,61069,0,0,0,2200,184100
3025,17033,61329,0,0,0,2485,184100
3026,16896,61417,0,0,0,2750,184100
3027,17033,61329,0,0,0,2978,184100
3028,17432,61069,0,0,0,3153,184100
3029,18068,60656,0,0,0,3263,184100
3030,18896,60117,0,0,0,3300,184100
3031,19861,59490,208435,150073,58362,3263,184100
3032,20896,58817,402665,289919,112746,3153,184100
3033,21931,58145,569454,410007,159447,2978,184100
3034,22896,57517,697436,502154,195282,2750,184100
3035,23725,56979,777888,560080,217809,2485,184100
3036,24360,56566,805329,579837,225492,2200,184100
3037,24760,56306,777888,560080,217809,1915,184100
3038,24896,56217,697436,502154,195282,1650,184100
3039,24760,56306,569454,410007,159447,1422,184100
3040,24360,56566,402665,289919,112746,1247,184100
3041,23725,56979,208435,150073,58362,1137,184100
3042,22896,57517,0,0,0,1100,184100
3043,21931,58145,0,0,0,1137,184100
3044,20896,58817,0,0,0,1247,184100
3045,19861,59490,0,0,0,1422,184100
3046,18896,60117,0,0,0,1650,184100
3047,18068,60656,0,0,0,1915,184100
3048,17517,61014,0,0,0,2200,207555
3049,17118,61273,0,0,0,2485,207555
3050,16982,61362,0,0,0,2750,207555
3051,17118,61273,0,0,0,2978,207555
3052,17517,61014,0,0,0,3153,207555
3053,18153,60600,0,0,0,3263,207555
3054,18982,60062,0,0,0,3300,207555
3055,19946,59435,209429,150789,58640,3263,207555
3056,20982,58762,404586,291302,113284,3153,207555
3057,22017,58089,572171,411963,160208,2978,207555
3058,22982,57462,700763,504550,196214,2750,207555
3059,23810,56923,781600,562752,218848,2485,207555
3060,24446,56510,809172,582604,226568,2200,207555
3061,24845,56251,781600,562752,218848,1915,207555
3062,24982,56162,700763,504550,196214,1650,207555
3063,24845,56251,572171,411963,160208,1422,207555
3064,24446,56510,404586,291302,113284,1247,207555
3065,23810,56923,209429,150789,58640,1137,207555
3066,22982,57462,0,0,0,1100,207555
3067,22017,58089,0,0,0,1137,207555
3068,20982,58762,0,0,0,1247,207555
3069,19946,59435,0,0,0,1422,207555
3070,18982,60062,0,0,0,1650,207555
3071,18153,60600,0,0,0,1915,207555
3072,17601,60959,0,0,0,2200,213348
3073,17202,61219,0,0,0,2485,213348
3074,17066,61307,0,0,0,2750,213348
3075,17202,61219,0,0,0,2978,213348
3076,17601,60959,0,0,0,3153,213348
3077,18237,60546,0,0,0,3263,213348
3078,19066,60007,0,0,0,3300,213348
3079,20030,59380,210406,151493,58914,3263,213348
3080,21066,58707,406474,292661,113813,3153,213348
3081,22101,58034,574841,413885,160955,2978,213348
3082,23066,57407,704034,506904,197129,2750,213348
3083,23894,56869,785247,565378,219869,2485,213348
3084,24530,56456,812948,585322,227625,2200,213348
3085,24929,56196,785247,565378,219869,1915,213348
3086,25066,56107,704034,506904,197129,1650,213348
3087,24929,56196,574841,413885,160955,1422,213348
3088,24530,56456,406474,292661,113813,1247,213348
3089,23894,56869,210406,151493,58914,1137,213348
3090,23066,57407,0,0,0,1100,213348
3091,22101,58034,0,0,0,1137,213348
3092,21066,58707,0,0,0,1247,213348
3093,20030,59380,0,0,0,1422,213348
3094,19066,60007,0,0,0,1650,213348
3095,18237,60546,0,0,0,1915,213348
3096,17684,60906,0,0,0,2200,197117
3097,17284,61165,0,0,0,2485,197117
3098,17148,61254,0,0,0,2750,197117
3099,17284,61165,0,0,0,2978,197117
3100,17684,60906,0,0,0,3153,197117
3101,18319,60492,0,0,0,3263,197117
3102,19148,59954,0,0,0,3300,197117
3103,20113,59327,211366,152184,59183,3263,197117
3104,21148,58654,408328,293996,114332,3153,197117
3105,22183,57981,577463,415774,161690,2978,197117
3106,23148,57354,707245,509217,198029,2750,197117
3107,23976,56815,788829,567957,220872,2485,197117
3108,24612,56402,816656,587993,228664,2200,197117
3109,25012,56142,788829,567957,220872,1915,197117
3110,25148,56054,707245,509217,198029,1650,197117
3111,25012,56142,577463,415774,161690,1422,197117
3112,24612,56402,408328,293996,114332,1247,197117
3113,23976,56815,211366,152184,59183,1137,197117
3114,23148,57354,0,0,0,1100,197117
3115,22183,57981,0,0,0,1137,197117
3116,21148,58654,0,0,0,1247,197117
3117,20113,59327,0,0,0,1422,197117
3118,19148,59954,0,0,0,1650,197117
3119,18319,60492,0,0,0,1915,197117
3120,17765,60853,0,0,0,2200,171083
3121,17365,61113,0,0,0,2485,171083
3122,17229,61201,0,0,0,2750,171083
3123,17365,61113,0,0,0,2978,171083
3124,17765,60853,0,0,0,3153,171083
3125,18400,60440,0,0,0,3263,171083
3126,19229,59901,0,0,0,3300,171083
3127,20194,59274,212308,152862,59446,3263,171083
3128,21229,58601,410148,295307,114841,3153,171083
3129,22264,57928,580037,417627,162410,2978,171083
3130,23229,57301,710397,511486,198911,2750,171083
3131,24057,56763,792345,570489,221857,2485,171083
3132,24693,56350,820296,590613,229683,2200,171083
3133,25093,56090,792345,570489,221857,1915,171083
3134,25229,56001,710397,511486,198911,1650,171083
3135,25093,56090,580037,417627,162410,1422,171083
3136,24693,56350,410148,295307,114841,1247,171083
3137,24057,56763,212308,152862,59446,1137,171083
3138,23229,57301,0,0,0,1100,171083
3139,22264,57928,0,0,0,1137,171083
3140,21229,58601,0,0,0,1247,171083
3141,20194,59274,0,0,0,1422,171083
3142,19229,59901,0,0,0,1650,171083
3143,18400,60440,0,0,0,1915,171083
3144,17844,60801,0,0,0,2200,154852
3145,17444,61061,0,0,0,2485,154852
3146,17308,61150,0,0,0,2750,154852
3147,17444,61061,0,0,0,2978,154852
3148,17844,60801,0,0,0,3153,154852
3149,18480,60388,0,0,0,3263,154852
3150,19308,59850,0,0,0,3300,154852
3151,20273,59223,213232,153527,59705,3263,154852
3152,21308,58550,411933,296592,115341,3153,154852
3153,22343,57877,582561,419444,163117,2978,154852
3154,23308,57250,713489,513712,199777,2750,154852
3155,24137,56711,795794,572972,222822,2485,154852
3156,24772,56298,823866,593184,230683,2200,154852
3157,25172,56038,795794,572972,222822,1915,154852
3158,25308,55950,713489,513712,199777,1650,154852
3159,25172,56038,582561,419444,163117,1422,154852
3160,24772,56298,411933,296592,115341,1247,154852
3161,24137,56711,213232,153527,59705,1137,154852
3162,23308,57250,0,0,0,1100,154852
3163,22343,57877,0,0,0,1137,154852
3164,21308,58550,0,0,0,1247,154852
3165,20273,59223,0,0,0,1422,154852
3166,19308,59850,0,0,0,1650,154852
3167,18480,60388,0,0,0,1915,154852
3168,17922,60751,0,0,0,2200,160645
3169,17522,61011,0,0,0,2485,160645
3170,17386,61099,0,0,0,2750,160645
3171,17522,61011,0,0,0,2978,160645
3172,17922,60751,0,0,0,3153,160645
3173,18557,60338,0,0,0,3263,160645
3174,19386,59799,0,0,0,3300,160645
3175,20351,59172,214138,154179,59959,3263,160645
3176,21386,58499,413683,297852,115831,3153,160645
3177,22421,57826,585036,421226,163810,2978,160645
3178,23386,57199,716520,515894,200626,2750,160645
3179,24214,56661,799174,575405,223769,2485,160645
3180,24850,56247,827366,595703,231662,2200,160645
3181,25250,55988,799174,575405,223769,1915,160645
3182,25386,55899,716520,515894,200626,1650,160645
3183,25250,55988,585036,421226,163810,1422,160645
3184,24850,56247,413683,297852,115831,1247,160645
3185,24214,56661,214138,154179,59959,1137,160645
3186,23386,57199,0,0,0,1100,160645
3187,22421,57826,0,0,0,1137,160645
3188,21386,58499,0,0,0,1247,160645
3189,20351,59172,0,0,0,1422,160645
3190,19386,59799,0,0,0,1650,160645
3191,18557,60338,0,0,0,1915,160645
3192,17998,60701,0,0,0,2200,184100
3193,17598,60961,0,0,0,2485,184100
3194,17462,61050,0,0,0,2750,184100
3195,17598,60961,0,0,0,2978,184100
3196,17998,60701,0,0,0,3153,184100
3197,18634,60288,0,0,0,3263,184100
3198,19462,59750,0,0,0,3300,184100
3199,20427,59123,215025,154818,60207,3263,184100
3200,21462,58450,415397,299086,116311,3153,184100
3201,22497,57777,587460,422971,164489,2978,184100
3202,23462,57150,719488,518031,201457,2750,184100
3203,24290,56611,802485,577789,224696,2485,184100
3204,24926,56198,830793,598171,232622,2200,184100
3205,25326,55938,802485,577789,224696,1915,184100
3206,25462,55850,719488,518031,201457,1650,184100
3207,25326,55938,587460,422971,164489,1422,184100
3208,24926,56198,415397,299086,116311,1247,184100
3209,24290,56611,215025,154818,60207,1137,184100
3210,23462,57150,0,0,0,1100,184100
3211,22497,57777,0,0,0,1137,184100
3212,21462,58450,0,0,0,1247,184100
3213,20427,59123,0,0,0,1422,184100
3214,19462,59750,0,0,0,1650,184100
3215,18634,60288,0,0,0,1915,184100
3216,18073,60653,0,0,0,2200,207555
3217,17673,60913,0,0,0,2485,207555
3218,17537,61001,0,0,0,2750,207555
3219,17673,60913,0,0,0,2978,207555
3220,18073,60653,0,0,0,3153,207555
3221,18708,60240,0,0,0,3263,207555
3222,19537,59701,0,0,0,3300,207555
3223,20501,59074,215893,155443,60450,3263,207555
3224,21537,58401,417074,300293,116781,3153,207555
3225,22572,57728,589832,424679,165153,2978,207555
3226,23537,57101,722393,520123,202270,2750,207555
3227,24365,56563,805725,580122,225603,2485,207555
3228,25001,56150,834148,600586,233561,2200,207555
3229,25400,55890,805725,580122,225603,1915,207555
3230,25537,55801,722393,520123,202270,1650,207555
3231,25400,55890,589832,424679,165153,1422,207555
3232,25001,56150,417074,300293,116781,1247,207555
3233,24365,56563,215893,155443,60450,1137,207555
3234,23537,57101,0,0,0,1100,207555
3235,22572,57728,0,0,0,1137,207555
3236,21537,58401,0,0,0,1247,207555
3237,20501,59074,0,0,0,1422,207555
3238,19537,59701,0,0,0,1650,207555
3239,18708,60240,0,0,0,1915,207555
3240,18145,60605,0,0,0,2200,213348
3241,17746,60865,0,0,0,2485,213348
3242,17610,60954,0,0,0,2750,213348
3243,17746,60865,0,0,0,2978,213348
3244,18145,60605,0,0,0,3153,213348
3245,18781,60192,0,0,0,3263,213348
3246,19610,59654,0,0,0,3300,213348
3247,20574,59027,216743,156055,60688,3263,213348
3248,21610,58354,418714,301474,117240,3153,213348
3249,22645,57681,592152,426349,165802,2978,213348
3250,23610,57054,725235,522169,203066,2750,213348
3251,24438,56515,808894,582404,226490,2485,213348
3252,25074,56102,837429,602949,234480,2200,213348
3253,25473,55842,808894,582404,226490,1915,213348
3254,25610,55754,725235,522169,203066,1650,213348
3255,25473,55842,592152,426349,165802,1422,213348
3256,25074,56102,418714,301474,117240,1247,213348
3257,24438,56515,216743,156055,60688,1137,213348
3258,23610,57054,0,0,0,1100,213348
3259,22645,57681,0,0,0,1137,213348
3260,21610,58354,0,0,0,1247,213348
3261,20574,59027,0,0,0,1422,213348
3262,19610,59654,0,0,0,1650,213348
3263,18781,60192,0,0,0,1915,213348
3264,18217,60559,0,0,0,2200,197117
3265,17817,60819,0,0,0,2485,197117
3266,17681,60907,0,0,0,2750,197117
3267,17817,60819,0,0,0,2978,197117
3268,18217,60559,0,0,0,3153,197117
3269,18852,60146,0,0,0,3263,197117
3270,19681,59607,0,0,0,3300,197117
3271,20645,58980,217572,156652,60920,3263,197117
3272,21681,58307,420317,302629,117689,3153,197117
3273,22716,57635,594419,427981,166437,2978,197117
3274,23681,57007,728011,524168,203843,2750,197117
3275,24509,56469,811991,584633,227357,2485,197117
3276,25145,56056,840635,605257,235378,2200,197117
3277,25544,55796,811991,584633,227357,1915,197117
3278,25681,55707,728011,524168,203843,1650,197117
3279,25544,55796,594419,427981,166437,1422,197117
3280,25145,56056,420317,302629,117689,1247,197117
3281,24509,56469,217572,156652,60920,1137,197117
3282,23681,57007,0,0,0,1100,197117
3283,22716,57635,0,0,0,1137,197117
3284,21681,58307,0,0,0,1247,197117
3285,20645,58980,0,0,0,1422,197117
3286,19681,59607,0,0,0,1650,197117
3287,18852,60146,0,0,0,1915,197117
3288,18286,60514,0,0,0,2200,171083
3289,17887,60774,0,0,0,2485,171083
3290,17750,60862,0,0,0,2750,171083
3291,17887,60774,0,0,0,2978,171083
3292,18286,60514,0,0,0,3153,171083
3293,18922,60101,0,0,0,3263,171083
3294,19750,59562,0,0,0,3300,171083
3295,20715,58935,218382,157235,61147,3263,171083
3296,21750,58262,421883,303755,118127,3153,171083
3297,22786,57589,596632,429575,167057,2978,171083
3298,23750,56962,730722,526120,204602,2750,171083
3299,24579,56424,815015,586810,228204,2485,171083
3300,25214,56011,843765,607511,236254,2200,171083
3301,25614,55751,815015,586810,228204,1915,171083
3302,25750,55662,730722,526120,204602,1650,171083
3303,25614,55751,596632,429575,167057,1422,171083
3304,25214,56011,421883,303755,118127,1247,171083
3305,24579,56424,218382,157235,61147,1137,171083
3306,23750,56962,0,0,0,1100,171083
3307,22786,57589,0,0,0,1137,171083
3308,21750,58262,0,0,0,1247,171083
3309,20715,58935,0,0,0,1422,171083
3310,19750,59562,0,0,0,1650,171083
3311,18922,60101,0,0,0,1915,171083
3312,18354,60470,0,0,0,2200,154852
3313,17954,60730,0,0,0,2485,154852
3314,17818,60818,0,0,0,2750,154852
3315,17954,60730,0,0,0,2978,154852
3316,18354,60470,0,0,0,3153,154852
3317,18990,60057,0,0,0,3263,154852
3318,19818,59518,0,0,0,3300,154852
3319,20783,58891,219173,157804,61368,3263,154852
3320,21818,58218,423409,304855,118555,3153,154852
3321,22853,57545,598791,431130,167662,2978,154852
3322,23818,56918,733367,528024,205343,2750,154852
3323,24647,56380,817964,588934,229030,2485,154852
3324,25282,55967,846819,609709,237109,2200,154852
3325,25682,55707,817964,588934,229030,1915,154852
3326,25818,55618,733367,528024,205343,1650,154852
3327,25682,55707,598791,431130,167662,1422,154852
3328,25282,55967,423409,304855,118555,1247,154852
3329,24647,56380,219173,157804,61368,1137,154852
3330,23818,56918,0,0,0,1100,154852
3331,22853,57545,0,0,0,1137,154852
3332,21818,58218,0,0,0,1247,154852
3333,20783,58891,0,0,0,1422,154852
3334,19818,59518,0,0,0,1650,154852
3335,18990,60057,0,0,0,1915,154852
3336,18420,60427,0,0,0,2200,160645
3337,18021,60687,0,0,0,2485,160645
3338,17884,60775,0,0,0,2750,160645
3339,18021,60687,0,0,0,2978,160645
3340,18420,60427,0,0,0,3153,160645
3341,19056,60014,0,0,0,3263,160645
3342,19884,59475,0,0,0,3300,160645
3343,20849,58848,219943,158359,61584,3263,160645
3344,21884,58175,424897,305926,118971,3153,160645
3345,22920,57502,600896,432645,168251,2978,160645
3346,23884,56875,735944,529880,206064,2750,160645
3347,24713,56337,820839,591004,229835,2485,160645
3348,25348,55924,849795,611852,237943,2200,160645
3349,25748,55664,820839,591004,229835,1915,160645
3350,25884,55575,735944,529880,206064,1650,160645
3351,25748,55664,600896,432645,168251,1422,160645
3352,25348,55924,424897,305926,118971,1247,160645
3353,24713,56337,219943,158359,61584,1137,160645
3354,23884,56875,0,0,0,1100,160645
3355,22920,57502,0,0,0,1137,160645
3356,21884,58175,0,0,0,1247,160645
3357,20849,58848,0,0,0,1422,160645
3358,19884,59475,0,0,0,1650,160645
3359,19056,60014,0,0,0,1915,160645
3360,18485,60385,0,0,0,2200,184100
3361,18085,60645,0,0,0,2485,184100
3362,17949,60733,0,0,0,2750,184100
3363,18085,60645,0,0,0,2978,184100
3364,18485,60385,0,0,0,3153,184100
3365,19120,59972,0,0,0,3263,184100
3366,19949,59433,0,0,0,3300,184100
3367,20913,58806,220693,158899,61794,3263,184100
3368,21949,58133,426346,306969,119377,3153,184100
3369,22984,57460,602945,434120,168824,2978,184100
3370,23949,56833,738453,531686,206767,2750,184100
3371,24777,56295,823638,593019,230619,2485,184100
3372,25413,55882,852692,613939,238754,2200,184100
3373,25812,55622,823638,593019,230619,1915,184100
3374,25949,55533,738453,531686,206767,1650,184100
3375,25812,55622,602945,434120,168824,1422,184100
3376,25413,55882,426346,306969,119377,1247,184100
3377,24777,56295,220693,158899,61794,1137,184100
3378,23949,56833,0,0,0,1100,184100
3379,22984,57460,0,0,0,1137,184100
3380,21949,58133,0,0,0,1247,184100
3381,20913,58806,0,0,0,1422,184100
3382,19949,59433,0,0,0,1650,184100
3383,19120,59972,0,0,0,1915,184100
3384,18547,60344,0,0,0,2200,207555
3385,18148,60604,0,0,0,2485,207555
3386,18011,60693,0,0,0,2750,207555
3387,18148,60604,0,0,0,2978,207555
3388,18547,60344,0,0,0,3153,207555
3389,19183,59931,0,0,0,3263,207555
3390,20011,59393,0,0,0,3300,207555
3391,20976,58766,221422,159424,61998,3263,207555
3392,22011,58093,427755,307984,119771,3153,207555
3393,23047,57420,604937,435555,169382,2978,207555
3394,24011,56793,740894,533444,207450,2750,207555
3395,24840,56254,826360,594979,231381,2485,207555
3396,25475,55841,855511,615968,239543,2200,207555
3397,25875,55581,826360,594979,231381,1915,207555
3398,26011,55493,740894,533444,207450,1650,207555
3399,25875,55581,604937,435555,169382,1422,207555
3400,25475,55841,427755,307984,119771,1247,207555
3401,24840,56254,221422,159424,61998,1137,207555
3402,24011,56793,0,0,0,1100,207555
3403,23047,57420,0,0,0,1137,207555
3404,22011,58093,0,0,0,1247,207555
3405,20976,58766,0,0,0,1422,207555
3406,20011,59393,0,0,0,1650,207555
3407,19183,59931,0,0,0,1915,207555
3408,18608,60305,0,0,0,2200,213348
3409,18208,60564,0,0,0,2485,213348
3410,18072,60653,0,0,0,2750,213348
3411,18208,60564,0,0,0,2978,213348
3412,18608,60305,0,0,0,3153,213348
3413,19244,59892,0,0,0,3263,213348
3414,20072,59353,0,0,0,3300,213348
3415,21037,58726,222131,159934,62197,3263,213348
3416,22072,58053,429124,308970,120155,3153,213348
3417,23107,57380,606874,436949,169925,2978,213348
3418,24072,56753,743265,535151,208114,2750,213348
3419,24901,56215,829005,596883,232121,2485,213348
3420,25536,55801,858249,617939,240310,2200,213348
3421,25936,55542,829005,596883,232121,1915,213348
3422,26072,55453,743265,535151,208114,1650,213348
3423,25936,55542,606874,436949,169925,1422,213348
3424,25536,55801,429124,308970,120155,1247,213348
3425,24901,56215,222131,159934,62197,1137,213348
3426,24072,56753,0,0,0,1100,213348
3427,23107,57380,0,0,0,1137,213348
3428,22072,58053,0,0,0,1247,213348
3429,21037,58726,0,0,0,1422,213348
3430,20072,59353,0,0,0,1650,213348
3431,19244,59892,0,0,0,1915,213348
3432,18667,60266,0,0,0,2200,197117
3433,18268,60526,0,0,0,2485,197117
3434,18131,60615,0,0,0,2750,197117
3435,18268,60526,0,0,0,2978,197117
3436,18667,60266,0,0,0,3153,197117
3437,19303,59853,0,0,0,3263,197117
3438,20131,59315,0,0,0,3300,197117
3439,21096,58688,222819,160430,62389,3263,197117
3440,22131,58015,430453,309926,120527,3153,197117
3441,23167,57342,608752,438302,170451,2978,197117
3442,24131,56715,745566,536808,208759,2750,197117
3443,24960,56176,831571,598731,232840,2485,197117
3444,25595,55763,860906,619852,241054,2200,197117
3445,25995,55503,831571,598731,232840,1915,197117
3446,26131,55415,745566,536808,208759,1650,197117
3447,25995,55503,608752,438302,170451,1422,197117
3448,25595,55763,430453,309926,120527,1247,197117
3449,24960,56176,222819,160430,62389,1137,197117
3450,24131,56715,0,0,0,1100,197117
3451,23167,57342,0,0,0,1137,197117
3452,22131,58015,0,0,0,1247,197117
3453,21096,58688,0,0,0,1422,197117
3454,20131,59315,0,0,0,1650,197117
3455,19303,59853,0,0,0,1915,197117
3456,18724,60229,0,0,0,2200,171083
3457,18325,60489,0,0,0,2485,171083
3458,18188,60577,0,0,0,2750,171083
3459,18325,60489,0,0,0,2978,171083
3460,18724,60229,0,0,0,3153,171083
3461,19360,59816,0,0,0,3263,171083
3462,20188,59277,0,0,0,3300,171083
3463,21153,58650,223485,160909,62576,3263,171083
3464,22188,57977,431741,310853,120887,3153,171083
3465,23224,57305,610573,439613,170961,2978,171083
3466,24188,56677,747797,538414,209383,2750,171083
3467,25017,56139,834059,600522,233536,2485,171083
3468,25653,55726,863481,621707,241775,2200,171083
3469,26052,55466,834059,600522,233536,1915,171083
3470,26188,55377,747797,538414,209383,1650,171083
3471,26052,55466,610573,439613,170961,1422,171083
3472,25653,55726,431741,310853,120887,1247,171083
3473,25017,56139,223485,160909,62576,1137,171083
3474,24188,56677,0,0,0,1100,171083
3475,23224,57305,0,0,0,1137,171083
3476,22188,57977,0,0,0,1247,171083
3477,21153,58650,0,0,0,1422,171083
3478,20188,59277,0,0,0,1650,171083
3479,19360,59816,0,0,0,1915,171083
3480,18780,60193,0,0,0,2200,154852
3481,18380,60453,0,0,0,2485,154852
3482,18244,60541,0,0,0,2750,154852
3483,18380,60453,0,0,0,2978,154852
3484,18780,60193,0,0,0,3153,154852
3485,19415,59780,0,0,0,3263,154852
3486,20244,59241,0,0,0,3300,154852
3487,21209,58614,224131,161374,62757,3263,154852
3488,22244,57941,432987,311751,121236,3153,154852
3489,23279,57269,612336,440882,171454,2978,154852
3490,24244,56641,749956,539968,209988,2750,154852
3491,25072,56103,836467,602256,234211,2485,154852
3492,25708,55690,865974,623501,242473,2200,154852
3493,26108,55430,836467,602256,234211,1915,154852
3494,26244,55341,749956,539968,209988,1650,154852
3495,26108,55430,612336,440882,171454,1422,154852
3496,25708,55690,432987,311751,121236,1247,154852
3497,25072,56103,224131,161374,62757,1137,154852
3498,24244,56641,0,0,0,1100,154852
3499,23279,57269,0,0,0,1137,154852
3500,22244,57941,0,0,0,1247,154852
3501,21209,58614,0,0,0,1422,154852
3502,20244,59241,0,0,0,1650,154852
3503,19415,59780,0,0,0,1915,154852
3504,18833,60158,0,0,0,2200,160645
3505,18434,60418,0,0,0,2485,160645
3506,18297,60507,0,0,0,2750,160645
3507,18434,60418,0,0,0,2978,160645
3508,18833,60158,0,0,0,3153,160645
3509,19469,59745,0,0,0,3263,160645
3510,20297,59207,0,0,0,3300,160645
3511,21262,58580,224754,161823,62931,3263,160645
3512,22297,57907,434192,312618,121574,3153,160645
3513,23333,57234,614040,442109,171931,2978,160645
3514,24297,56607,752042,541471,210572,2750,160645
3515,25126,56068,838794,603932,234862,2485,160645
3516,25762,55655,868384,625236,243147,2200,160645
3517,26161,55395,838794,603932,234862,1915,160645
3518,26297,55307,752042,541471,210572,1650,160645
3519,26161,55395,614040,442109,171931,1422,160645
3520,25762,55655,434192,312618,121574,1247,160645
3521,25126,56068,224754,161823,62931,1137,160645
3522,24297,56607,0,0,0,1100,160645
3523,23333,57234,0,0,0,1137,160645
3524,22297,57907,0,0,0,1247,160645
3525,21262,58580,0,0,0,1422,160645
3526,20297,59207,0,0,0,1650,160645
3527,19469,59745,0,0,0,1915,160645
3528,18885,60125,0,0,0,2200,184100
3529,18485,60384,0,0,0,2485,184100
3530,18349,60473,0,0,0,2750,184100
3531,18485,60384,0,0,0,2978,184100
3532,18885,60125,0,0,0,3153,184100
3533,19521,59712,0,0,0,3263,184100
3534,20349,59173,0,0,0,3300,184100
3535,21314,58546,225356,162256,63100,3263,184100
3536,22349,57873,435355,313455,121899,3153,184100
3537,23384,57200,615684,443293,172392,2978,184100
3538,24349,56573,754056,542921,211136,2750,184100
3539,25178,56035,841041,605549,235491,2485,184100
3540,25813,55621,870709,626911,243799,2200,184100
3541,26213,55362,841041,605549,235491,1915,184100
3542,26349,55273,754056,542921,211136,1650,184100
3543,26213,55362,615684,443293,172392,1422,184100
3544,25813,55621,435355,313455,121899,1247,184100
3545,25178,56035,225356,162256,63100,1137,184100
3546,24349,56573,0,0,0,1100,184100
3547,23384,57200,0,0,0,1137,184100
3548,22349,57873,0,0,0,1247,184100
3549,21314,58546,0,0,0,1422,184100
3550,20349,59173,0,0,0,1650,184100
3551,19521,59712,0,0,0,1915,184100
3552,18935,60092,0,0,0,2200,207555
3553,18535,60352,0,0,0,2485,207555
3554,18399,60441,0,0,0,2750,207555
3555,18535,60352,0,0,0,2978,207555
3556,18935,60092,0,0,0,3153,207555
3557,19570,59679,0,0,0,3263,207555
3558,20399,59141,0,0,0,3300,207555
3559,21364,58514,225936,162674,63262,3263,207555
3560,22399,57841,436475,314262,122213,3153,207555
3561,23434,57168,617269,444434,172835,2978,207555
3562,24399,56541,755997,544318,211679,2750,207555
3563,25227,56002,843205,607108,236097,2485,207555
3564,25863,55589,872950,628524,244426,2200,207555
3565,26263,55329,843205,607108,236097,1915,207555
3566,26399,55241,755997,544318,211679,1650,207555
3567,26263,55329,617269,444434,172835,1422,207555
3568,25863,55589,436475,314262,122213,1247,207555
3569,25227,56002,225936,162674,63262,1137,207555
3570,24399,56541,0,0,0,1100,207555
3571,23434,57168,0,0,0,1137,207555
3572,22399,57841,0,0,0,1247,207555
3573,21364,58514,0,0,0,1422,207555
3574,20399,59141,0,0,0,1650,207555
3575,19570,59679,0,0,0,1915,207555
3576,18983,60061,0,0,0,2200,213348
3577,18583,60321,0,0,0,2485,213348
3578,18447,60410,0,0,0,2750,213348
3579,18583,60321,0,0,0,2978,213348
3580,18983,60061,0,0,0,3153,213348
3581,19618,59648,0,0,0,3263,213348
3582,20447,59110,0,0,0,3300,213348
3583,21412,58483,226494,163076,63418,3263,213348
3584,22447,57810,437553,315038,122515,3153,213348
3585,23482,57137,618793,445531,173262,2978,213348
3586,24447,56510,757864,545662,212202,2750,213348
3587,25275,55971,845287,608607,236680,2485,213348
3588,25911,55558,875106,630076,245030,2200,213348
3589,26311,55298,845287,608607,236680,1915,213348
3590,26447,55210,757864,545662,212202,1650,213348
3591,26311,55298,618793,445531,173262,1422,213348
3592,25911,55558,437553,315038,122515,1247,213348
3593,25275,55971,226494,163076,63418,1137,213348
3594,24447,56510,0,0,0,1100,213348
3595,23482,57137,0,0,0,1137,213348
3596,22447,57810,0,0,0,1247,213348
3597,21412,58483,0,0,0,1422,213348
3598,20447,59110,0,0,0,1650,213348
3599,19618,59648,0,0,0,1915,213348
3600,19029,60031,0,0,0,2200,197117
3601,18629,60291,0,0,0,2485,197117
3602,18493,60380,0,0,0,2750,197117
3603,18629,60291,0,0,0,2978,197117
3604,19029,60031,0,0,0,3153,197117
3605,19664,59618,0,0,0,3263,197117
3606,20493,59080,0,0,0,3300,197117
3607,21458,58453,227030,163461,63568,3263,197117
3608,22493,57780,438588,315783,122805,3153,197117
3609,23528,57107,620257,446585,173672,2978,197117
3610,24493,56480,759656,546953,212704,2750,197117
3611,25321,55941,847287,610046,237240,2485,197117
3612,25957,55528,877176,631566,245609,2200,197117
3613,26356,55268,847287,610046,237240,1915,197117
3614,26493,55180,759656,546953,212704,1650,197117
3615,26356,55268,620257,446585,173672,1422,197117
3616,25957,55528,438588,315783,122805,1247,197117
3617,25321,55941,227030,163461,63568,1137,197117
3618,24493,56480,0,0,0,1100,197117
3619,23528,57107,0,0,0,1137,197117
3620,22493,57780,0,0,0,1247,197117
3621,21458,58453,0,0,0,1422,197117
3622,20493,59080,0,0,0,1650,197117
3623,19664,59618,0,0,0,1915,197117
3624,19073,60003,0,0,0,2200,171083
3625,18673,60262,0,0,0,2485,171083
3626,18537,60351,0,0,0,2750,171083
3627,18673,60262,0,0,0,2978,171083
3628,19073,60003,0,0,0,3153,171083
3629,19708,59590,0,0,0,3263,171083
3630,20537,59051,0,0,0,3300,171083
3631,21502,58424,227543,163831,63712,3263,171083
3632,22537,57751,439579,316497,123082,3153,171083
3633,23572,57078,621659,447595,174065,2978,171083
3634,24537,56451,761374,548189,213185,2750,171083
3635,25365,55913,849202,611426,237777,2485,171083
3636,26001,55499,879159,632994,246164,2200,171083
3637,26401,55240,849202,611426,237777,1915,171083
3638,26537,55151,761374,548189,213185,1650,171083
3639,26401,55240,621659,447595,174065,1422,171083
3640,26001,55499,439579,316497,123082,1247,171083
3641,25365,55913,227543,163831,63712,1137,171083
3642,24537,56451,0,0,0,1100,171083
3643,23572,57078,0,0,0,1137,171083
3644,22537,57751,0,0,0,1247,171083
3645,21502,58424,0,0,0,1422,171083
3646,20537,59051,0,0,0,1650,171083
3647,19708,59590,0,0,0,1915,171083
3648,19115,59975,0,0,0,2200,154852
3649,18715,60235,0,0,0,2485,154852
3650,18579,60324,0,0,0,2750,154852
3651,18715,60235,0,0,0,2978,154852
3652,19115,59975,0,0,0,3153,154852
3653,19751,59562,0,0,0,3263,154852
3654,20579,59024,0,0,0,3300,154852
3655,21544,58397,228034,164184,63849,3263,154852
3656,22579,57724,440527,317180,123348,3153,154852
3657,23614,57051,623000,448560,174440,2978,154852
3658,24579,56424,763016,549371,213644,2750,154852
3659,25407,55885,851033,612744,238289,2485,154852
3660,26043,55472,881055,634359,246695,2200,154852
3661,26443,55212,851033,612744,238289,1915,154852
3662,26579,55124,763016,549371,213644,1650,154852
3663,26443,55212,623000,448560,174440,1422,154852
3664,26043,55472,440527,317180,123348,1247,154852
3665,25407,55885,228034,164184,63849,1137,154852
3666,24579,56424,0,0,0,1100,154852
3667,23614,57051,0,0,0,1137,154852
3668,22579,57724,0,0,0,1247,154852
3669,21544,58397,0,0,0,1422,154852
3670,20579,59024,0,0,0,1650,154852
3671,19751,59562,0,0,0,1915,154852
3672,19155,59949,0,0,0,2200,160645
3673,18755,60209,0,0,0,2485,160645
3674,18619,60298,0,0,0,2750,160645
3675,18755,60209,0,0,0,2978,160645
3676,19155,59949,0,0,0,3153,160645
3677,19791,59536,0,0,0,3263,160645
3678,20619,58998,0,0,0,3300,160645
3679,21584,58370,228502,164521,63980,3263,160645
3680,22619,57698,441431,317831,123601,3153,160645
3681,23654,57025,624278,449480,174798,2978,160645
3682,24619,56398,764582,550499,214083,2750,160645
3683,25448,55859,852780,614002,238778,2485,160645
3684,26083,55446,882863,635661,247202,2200,160645
3685,26483,55186,852780,614002,238778,1915,160645
3686,26619,55098,764582,550499,214083,1650,160645
3687,26483,55186,624278,449480,174798,1422,160645
3688,26083,55446,441431,317831,123601,1247,160645
3689,25448,55859,228502,164521,63980,1137,160645
3690,24619,56398,0,0,0,1100,160645
3691,23654,57025,0,0,0,1137,160645
3692,22619,57698,0,0,0,1247,160645
3693,21584,58370,0,0,0,1422,160645
3694,20619,58998,0,0,0,1650,160645
3695,19791,59536,0,0,0,1915,160645
3696,19193,59924,0,0,0,2200,184100
3697,18794,60184,0,0,0,2485,184100
3698,18657,60273,0,0,0,2750,184100
3699,18794,60184,0,0,0,2978,184100
3700,19193,59924,0,0,0,3153,184100
3701,19829,59511,0,0,0,3263,184100
3702,20657,58973,0,0,0,3300,184100
3703,21622,58346,228947,164842,64105,3263,184100
3704,22657,57673,442291,318450,123842,3153,184100
3705,23693,57000,625494,450356,175138,2978,184100
3706,24657,56373,766071,551571,214500,2750,184100
3707,25486,55834,854441,615198,239244,2485,184100
3708,26121,55421,884583,636900,247683,2200,184100
3709,26521,55161,854441,615198,239244,1915,184100
3710,26657,55073,766071,551571,214500,1650,184100
3711,26521,55161,625494,450356,175138,1422,184100
3712,26121,55421,442291,318450,123842,1247,184100
3713,25486,55834,228947,164842,64105,1137,184100
3714,24657,56373,0,0,0,1100,184100
3715,23693,57000,0,0,0,1137,184100
3716,22657,57673,0,0,0,1247,184100
3717,21622,58346,0,0,0,1422,184100
3718,20657,58973,0,0,0,1650,184100
3719,19829,59511,0,0,0,1915,184100
3720,19230,59901,0,0,0,2200,207555
3721,18830,60161,0,0,0,2485,207555
3722,18694,60249,0,0,0,2750,207555
3723,18830,60161,0,0,0,2978,207555
3724,19230,59901,0,0,0,3153,207555
3725,19865,59488,0,0,0,3263,207555
3726,20694,58949,0,0,0,3300,207555
3727,21658,58322,229369,165146,64223,3263,207555
3728,22694,57649,443107,319037,124070,3153,207555
3729,23729,56976,626648,451186,175461,2978,207555
3730,24694,56349,767484,552588,214895,2750,207555
3731,25522,55811,856017,616332,239685,2485,207555
3732,26158,55397,886214,638074,248140,2200,207555
3733,26557,55138,856017,616332,239685,1915,207555
3734,26694,55049,767484,552588,214895,1650,207555
3735,26557,55138,626648,451186,175461,1422,207555
3736,26158,55397,443107,319037,124070,1247,207555
3737,25522,55811,229369,165146,64223,1137,207555
3738,24694,56349,0,0,0,1100,207555
3739,23729,56976,0,0,0,1137,207555
3740,22694,57649,0,0,0,1247,207555
3741,21658,58322,0,0,0,1422,207555
3742,20694,58949,0,0,0,1650,207555
3743,19865,59488,0,0,0,1915,207555
3744,19264,59879,0,0,0,2200,213348
3745,18864,60138,0,0,0,2485,213348
3746,18728,60227,0,0,0,2750,213348
3747,18864,60138,0,0,0,2978,213348
3748,19264,59879,0,0,0,3153,213348
3749,19899,59465,0,0,0,3263,213348
3750,20728,58927,0,0,0,3300,213348
3751,21693,58300,229768,165433,64335,3263,213348
3752,22728,57627,443878,319592,124286,3153,213348
3753,23763,56954,627738,451972,175767,2978,213348
3754,24728,56327,768819,553550,215269,2750,213348
3755,25556,55788,857506,617405,240102,2485,213348
3756,26192,55375,887756,639184,248572,2200,213348
3757,26592,55115,857506,617405,240102,1915,213348
3758,26728,55027,768819,553550,215269,1650,213348
3759,26592,55115,627738,451972,175767,1422,213348
3760,26192,55375,443878,319592,124286,1247,213348
3761,25556,55788,229768,165433,64335,1137,213348
3762,24728,56327,0,0,0,1100,213348
3763,23763,56954,0,0,0,1137,213348
3764,22728,57627,0,0,0,1247,213348
3765,21693,58300,0,0,0,1422,213348
3766,20728,58927,0,0,0,1650,213348
3767,19899,59465,0,0,0,1915,213348
3768,19296,59858,0,0,0,2200,197117
3769,18896,60117,0,0,0,2485,197117
3770,18760,60206,0,0,0,2750,197117
3771,18896,60117,0,0,0,2978,197117
3772,19296,59858,0,0,0,3153,197117
3773,19932,59444,0,0,0,3263,197117
3774,20760,58906,0,0,0,3300,197117
3775,21725,58279,230144,165704,64440,3263,197117
3776,22760,57606,444604,320115,124489,3153,197117
3777,23795,56933,628765,452711,176054,2978,197117
3778,24760,56306,770077,554455,215622,2750,197117
3779,25589,55767,858909,618415,240495,2485,197117
3780,26224,55354,889208,640230,248978,2200,197117
3781,26624,55094,858909,618415,240495,1915,197117
3782,26760,55006,770077,554455,215622,1650,197117
3783,26624,55094,628765,452711,176054,1422,197117
3784,26224,55354,444604,320115,124489,1247,197117
3785,25589,55767,230144,165704,64440,1137,197117
3786,24760,56306,0,0,0,1100,197117
3787,23795,56933,0,0,0,1137,197117
3788,22760,57606,0,0,0,1247,197117
3789,21725,58279,0,0,0,1422,197117
3790,20760,58906,0,0,0,1650,197117
3791,19932,59444,0,0,0,1915,197117
3792,19326,59838,0,0,0,2200,171083
3793,18927,60098,0,0,0,2485,171083
3794,18790,60186,0,0,0,2750,171083
3795,18927,60098,0,0,0,2978,171083
3796,19326,59838,0,0,0,3153,171083
3797,19962,59425,0,0,0,3263,171083
3798,20790,58886,0,0,0,3300,171083
3799,21755,58259,230497,165957,64539,3263,171083
3800,22790,57586,445285,320605,124680,3153,171083
3801,23826,56913,629728,453404,176324,2978,171083
3802,24790,56286,771256,555305,215952,2750,171083
3803,25619,55748,860225,619362,240863,2485,171083
3804,26255,55335,890570,641210,249360,2200,171083
3805,26654,55075,860225,619362,240863,1915,171083
3806,26790,54986,771256,555305,215952,1650,171083
3807,26654,55075,629728,453404,176324,1422,171083
3808,26255,55335,445285,320605,124680,1247,171083
3809,25619,55748,230497,165957,64539,1137,171083
3810,24790,56286,0,0,0,1100,171083
3811,23826,56913,0,0,0,1137,171083
3812,22790,57586,0,0,0,1247,171083
3813,21755,58259,0,0,0,1422,171083
3814,20790,58886,0,0,0,1650,171083
3815,19962,59425,0,0,0,1915,171083
3816,19355,59820,0,0,0,2200,154852
3817,18955,60079,0,0,0,2485,154852
3818,18819,60168,0,0,0,2750,154852
3819,18955,60079,0,0,0,2978,154852
3820,19355,59820,0,0,0,3153,154852
3821,19990,59406,0,0,0,3263,154852
3822,20819,58868,0,0,0,3300,154852
3823,21783,58241,230826,166194,64631,3263,154852
3824,22819,57568,445921,321063,124858,3153,154852
3825,23854,56895,630627,454052,176576,2978,154852
3826,24819,56268,772358,556097,216260,2750,154852
3827,25647,55729,861453,620246,241207,2485,154852
3828,26283,55316,891842,642126,249716,2200,154852
3829,26682,55056,861453,620246,241207,1915,154852
3830,26819,54968,772358,556097,216260,1650,154852
3831,26682,55056,630627,454052,176576,1422,154852
3832,26283,55316,445921,321063,124858,1247,154852
3833,25647,55729,230826,166194,64631,1137,154852
3834,24819,56268,0,0,0,1100,154852
3835,23854,56895,0,0,0,1137,154852
3836,22819,57568,0,0,0,1247,154852
3837,21783,58241,0,0,0,1422,154852
3838,20819,58868,0,0,0,1650,154852
3839,19990,59406,0,0,0,1915,154852
3840,19381,59802,0,0,0,2200,160645
3841,18981,60062,0,0,0,2485,160645
3842,18845,60151,0,0,0,2750,160645
3843,18981,60062,0,0,0,2978,160645
3844,19381,59802,0,0,0,3153,160645
3845,20017,59389,0,0,0,3263,160645
3846,20845,58851,0,0,0,3300,160645
3847,21810,58224,231131,166414,64717,3263,160645
3848,22845,57551,446511,321488,125023,3153,160645
3849,23880,56878,631462,454653,176809,2978,160645
3850,24845,56251,773380,556834,216546,2750,160645
3851,25673,55712,862593,621067,241526,2485,160645
3852,26309,55299,893022,642976,250046,2200,160645
3853,26709,55039,862593,621067,241526,1915,160645
3854,26845,54951,773380,556834,216546,1650,160645
3855,26709,55039,631462,454653,176809,1422,160645
3856,26309,55299,446511,321488,125023,1247,160645
3857,25673,55712,231131,166414,64717,1137,160645
3858,24845,56251,0,0,0,1100,160645
3859,23880,56878,0,0,0,1137,160645
3860,22845,57551,0,0,0,1247,160645
3861,21810,58224,0,0,0,1422,160645
3862,20845,58851,0,0,0,1650,160645
3863,20017,59389,0,0,0,1915,160645
3864,19405,59787,0,0,0,2200,184100
3865,19005,60046,0,0,0,2485,184100
3866,18869,60135,0,0,0,2750,184100
3867,19005,60046,0,0,0,2978,184100
3868,19405,59787,0,0,0,3153,184100
3869,20041,59374,0,0,0,3263,184100
3870,20869,58835,0,0,0,3300,184100
3871,21834,58208,231413,166617,64796,3263,184100
3872,22869,57535,447056,321880,125176,3153,184100
3873,23904,56862,632232,455207,177025,2978,184100
3874,24869,56235,774323,557513,216811,2750,184100
3875,25698,55697,863645,621825,241821,2485,184100
3876,26333,55283,894112,643760,250351,2200,184100
3877,26733,55024,863645,621825,241821,1915,184100
3878,26869,54935,774323,557513,216811,1650,184100
3879,26733,55024,632232,455207,177025,1422,184100
3880,26333,55283,447056,321880,125176,1247,184100
3881,25698,55697,231413,166617,64796,1137,184100
3882,24869,56235,0,0,0,1100,184100
3883,23904,56862,0,0,0,1137,184100
3884,22869,57535,0,0,0,1247,184100
3885,21834,58208,0,0,0,1422,184100
3886,20869,58835,0,0,0,1650,184100
3887,20041,59374,0,0,0,1915,184100
3888,19427,59772,0,0,0,2200,207555
3889,19028,60032,0,0,0,2485,207555
3890,18891,60121,0,0,0,2750,207555
3891,19028,60032,0,0,0,2978,207555
3892,19427,59772,0,0,0,3153,207555
3893,20063,59359,0,0,0,3263,207555
3894,20891,58821,0,0,0,3300,207555
3895,21856,58194,231671,166803,64868,3263,207555
3896,22891,57521,447555,322239,125315,3153,207555
3897,23927,56848,632938,455715,177223,2978,207555
3898,24891,56221,775187,558135,217052,2750,207555
3899,25720,55682,864609,622519,242091,2485,207555
3900,26355,55269,895109,644479,250631,2200,207555
3901,26755,55009,864609,622519,242091,1915,207555
3902,26891,54921,775187,558135,217052,1650,207555
3903,26755,55009,632938,455715,177223,1422,207555
3904,26355,55269,447555,322239,125315,1247,207555
3905,25720,55682,231671,166803,64868,1137,207555
3906,24891,56221,0,0,0,1100,207555
3907,23927,56848,0,0,0,1137,207555
3908,22891,57521,0,0,0,1247,207555
3909,21856,58194,0,0,0,1422,207555
3910,20891,58821,0,0,0,1650,207555
3911,20063,59359,0,0,0,1915,207555
3912,19447,59759,0,0,0,2200,213348
3913,19048,60019,0,0,0,2485,213348
3914,18911,60108,0,0,0,2750,213348
3915,19048,60019,0,0,0,2978,213348
3916,19447,59759,0,0,0,3153,213348
3917,20083,59346,0,0,0,3263,213348
3918,20911,58808,0,0,0,3300,213348
3919,21876,58180,231906,166972,64934,3263,213348
3920,22911,57508,448008,322565,125442,3153,213348
3921,23947,56835,633578,456176,177402,2978,213348
3922,24911,56208,775972,558700,217272,2750,213348
3923,25740,55669,865484,623149,242336,2485,213348
3924,26376,55256,896015,645131,250884,2200,213348
3925,26775,54996,865484,623149,242336,1915,213348
3926,26911,54908,775972,558700,217272,1650,213348
3927,26775,54996,633578,456176,177402,1422,213348
3928,26376,55256,448008,322565,125442,1247,213348
3929,25740,55669,231906,166972,64934,1137,213348
3930,24911,56208,0,0,0,1100,213348
3931,23947,56835,0,0,0,1137,213348
3932,22911,57508,0,0,0,1247,213348
3933,21876,58180,0,0,0,1422,213348
3934,20911,58808,0,0,0,1650,213348
3935,20083,59346,0,0,0,1915,213348
3936,19465,59747,0,0,0,2200,197117
3937,19066,60007,0,0,0,2485,197117
3938,18930,60096,0,0,0,2750,197117
3939,19066,60007,0,0,0,2978,197117
3940,19465,59747,0,0,0,3153,197117
3941,20101,59334,0,0,0,3263,197117
3942,20930,58796,0,0,0,3300,197117
3943,21894,58169,232116,167124,64993,3263,197117
3944,22930,57496,448414,322858,125556,3153,197117
3945,23965,56823,634154,456591,177563,2978,197117
3946,24930,56196,776676,559207,217469,2750,197117
3947,25758,55657,866270,623714,242556,2485,197117
3948,26394,55244,896829,645717,251112,2200,197117
3949,26793,54984,866270,623714,242556,1915,197117
3950,26930,54896,776676,559207,217469,1650,197117
3951,26793,54984,634154,456591,177563,1422,197117
3952,26394,55244,448414,322858,125556,1247,197117
3953,25758,55657,232116,167124,64993,1137,197117
3954,24930,56196,0,0,0,1100,197117
3955,23965,56823,0,0,0,1137,197117
3956,22930,57496,0,0,0,1247,197117
3957,21894,58169,0,0,0,1422,197117
3958,20930,58796,0,0,0,1650,197117
3959,20101,59334,0,0,0,1915,197117
3960,19481,59737,0,0,0,2200,171083
3961,19082,59997,0,0,0,2485,171083
3962,18946,60085,0,0,0,2750,171083
3963,19082,59997,0,0,0,2978,171083
3964,19481,59737,0,0,0,3153,171083
3965,20117,59324,0,0,0,3263,171083
3966,20946,58785,0,0,0,3300,171083
3967,21910,58158,232303,167258,65045,3263,171083
3968,22946,57485,448775,323118,125657,3153,171083
3969,23981,56812,634664,456958,177706,2978,171083
3970,24946,56185,777301,559657,217644,2750,171083
3971,25774,55647,866967,624216,242751,2485,171083
3972,26410,55234,897550,646236,251314,2200,171083
3973,26809,54974,866967,624216,242751,1915,171083
3974,26946,54885,777301,559657,217644,1650,171083
3975,26809,54974,634664,456958,177706,1422,171083
3976,26410,55234,448775,323118,125657,1247,171083
3977,25774,55647,232303,167258,65045,1137,171083
3978,24946,56185,0,0,0,1100,171083
3979,23981,56812,0,0,0,1137,171083
3980,22946,57485,0,0,0,1247,171083
3981,21910,58158,0,0,0,1422,171083
3982,20946,58785,0,0,0,1650,171083
3983,20117,59324,0,0,0,1915,171083
3984,19495,59728,0,0,0,2200,154852
3985,19096,59988,0,0,0,2485,154852
3986,18960,60076,0,0,0,2750,154852
3987,19096,59988,0,0,0,2978,154852
3988,19495,59728,0,0,0,3153,154852
3989,20131,59315,0,0,0,3263,154852
3990,20960,58776,0,0,0,3300,154852
3991,21924,58149,232466,167375,65090,3263,154852
3992,22960,57476,449089,323344,125745,3153,154852
3993,23995,56803,635108,457278,177830,2978,154852
3994,24960,56176,777846,560049,217797,2750,154852
3995,25788,55638,867574,624653,242921,2485,154852
3996,26424,55225,898179,646689,251490,2200,154852
3997,26823,54965,867574,624653,242921,1915,154852
3998,26960,54876,777846,560049,217797,1650,154852
3999,26823,54965,635108,457278,177830,1422,154852
4000,26424,55225,449089,323344,125745,1247,154852
4001,25788,55638,232466,167375,65090,1137,154852
4002,24960,56176,0,0,0,1100,154852
4003,23995,56803,0,0,0,1137,154852
4004,22960,57476,0,0,0,1247,154852
4005,21924,58149,0,0,0,1422,154852
4006,20960,58776,0,0,0,1650,154852
4007,20131,59315,0,0,0,1915,154852
4008,19507,59720,0,0,0,2200,160645
4009,19108,59980,0,0,0,2485,160645
4010,18971,60069,0,0,0,2750,160645
4011,19108,59980,0,0,0,2978,160645
4012,19507,59720,0,0,0,3153,160645
4013,20143,59307,0,0,0,3263,160645
4014,20971,58769,0,0,0,3300,160645
4015,21936,58141,232604,167475,65129,3263,160645
4016,22971,57469,449357,323537,125820,3153,160645
4017,24007,56796,635487,457551,177936,2978,160645
4018,24971,56169,778310,560383,217927,2750,160645
4019,25800,55630,868092,625026,243066,2485,160645
4020,26436,55217,898714,647074,251640,2200,160645
4021,26835,54957,868092,625026,243066,1915,160645
4022,26971,54869,778310,560383,217927,1650,160645
4023,26835,54957,635487,457551,177936,1422,160645
4024,26436,55217,449357,323537,125820,1247,160645
4025,25800,55630,232604,167475,65129,1137,160645
4026,24971,56169,0,0,0,1100,160645
4027,24007,56796,0,0,0,1137,160645
4028,22971,57469,0,0,0,1247,160645
4029,21936,58141,0,0,0,1422,160645
4030,20971,58769,0,0,0,1650,160645
4031,20143,59307,0,0,0,1915,160645
4032,19517,59714,0,0,0,2200,184100
4033,19118,59974,0,0,0,2485,184100
4034,18981,60062,0,0,0,2750,184100
4035,19118,59974,0,0,0,2978,184100
4036,19517,59714,0,0,0,3153,184100
4037,20153,59301,0,0,0,3263,184100
4038,20981,58762,0,0,0,3300,184100
4039,21946,58135,232719,167558,65161,3263,184100
4040,22981,57462,449579,323697,125882,3153,184100
4041,24017,56789,635800,457776,178024,2978,184100
4042,24981,56162,778693,560659,218034,2750,184100
4043,25810,55624,868519,625334,243185,2485,184100
4044,26445,55211,899157,647393,251764,2200,184100
4045,26845,54951,868519,625334,243185,1915,184100
4046,26981,54862,778693,560659,218034,1650,184100
4047,26845,54951,635800,457776,178024,1422,184100
4048,26445,55211,449579,323697,125882,1247,184100
4049,25810,55624,232719,167558,65161,1137,184100
4050,24981,56162,0,0,0,1100,184100
4051,24017,56789,0,0,0,1137,184100
4052,22981,57462,0,0,0,1247,184100
4053,21946,58135,0,0,0,1422,184100
4054,20981,58762,0,0,0,1650,184100
4055,20153,59301,0,0,0,1915,184100
4056,19525,59709,0,0,0,2200,207555
4057,19125,59969,0,0,0,2485,207555
4058,18989,60057,0,0,0,2750,207555
4059,19125,59969,0,0,0,2978,207555
4060,19525,59709,0,0,0,3153,207555
4061,20161,59296,0,0,0,3263,207555
4062,20989,58757,0,0,0,3300,207555
4063,21954,58130,232810,167623,65187,3263,207555
4064,22989,57457,449754,323823,125931,3153,207555
4065,24024,56784,636048,457954,178093,2978,207555
4066,24989,56157,778996,560877,218119,2750,207555
4067,25817,55619,868857,625577,243280,2485,207555
4068,26453,55205,899507,647645,251862,2200,207555
4069,26853,54946,868857,625577,243280,1915,207555
4070,26989,54857,778996,560877,218119,1650,207555
4071,26853,54946,636048,457954,178093,1422,207555
4072,26453,55205,449754,323823,125931,1247,207555
4073,25817,55619,232810,167623,65187,1137,207555
4074,24989,56157,0,0,0,1100,207555
4075,24024,56784,0,0,0,1137,207555
4076,22989,57457,0,0,0,1247,207555
4077,21954,58130,0,0,0,1422,207555
4078,20989,58757,0,0,0,1650,207555
4079,20161,59296,0,0,0,1915,207555
4080,19531,59705,0,0,0,2200,213348
4081,19131,59965,0,0,0,2485,213348
4082,18995,60053,0,0,0,2750,213348
4083,19131,59965,0,0,0,2978,213348
4084,19531,59705,0,0,0,3153,213348
4085,20166,59292,0,0,0,3263,213348
4086,20995,58753,0,0,0,3300,213348
4087,21959,58126,232876,167671,65205,3263,213348
4088,22995,57453,449882,323915,125967,3153,213348
4089,24030,56780,636229,458085,178144,2978,213348
4090,24995,56153,779218,561037,218181,2750,213348
4091,25823,55615,869105,625756,243349,2485,213348
4092,26459,55202,899764,647830,251934,2200,213348
4093,26858,54942,869105,625756,243349,1915,213348
4094,26995,54853,779218,561037,218181,1650,213348
4095,26858,54942,636229,458085,178144,1422,213348
4096,26459,55202,449882,323915,125967,1247,213348
4097,25823,55615,232876,167671,65205,1137,213348
4098,24995,56153,0,0,0,1100,213348
4099,24030,56780,0,0,0,1137,213348
4100,22995,57453,0,0,0,1247,213348
4101,21959,58126,0,0,0,1422,213348
4102,20995,58753,0,0,0,1650,213348
4103,20166,59292,0,0,0,1915,213348
4104,19534,59703,0,0,0,2200,197117
4105,19135,59962,0,0,0,2485,197117
4106,18998,60051,0,0,0,2750,197117
4107,19135,59962,0,0,0,2978,197117
4108,19534,59703,0,0,0,3153,197117
4109,20170,59290,0,0,0,3263,197117
4110,20998,58751,0,0,0,3300,197117
4111,21963,58124,232918,167701,65217,3263,197117
4112,22998,57451,449964,323974,125990,3153,197117
4113,24034,56778,636345,458168,178176,2978,197117
4114,24998,56151,779360,561139,218221,2750,197117
4115,25827,55613,869263,625869,243394,2485,197117
4116,26462,55199,899927,647947,251980,2200,197117
4117,26862,54940,869263,625869,243394,1915,197117
4118,26998,54851,779360,561139,218221,1650,197117
4119,26862,54940,636345,458168,178176,1422,197117
4120,26462,55199,449964,323974,125990,1247,197117
4121,25827,55613,232918,167701,65217,1137,197117
4122,24998,56151,0,0,0,1100,197117
4123,24034,56778,0,0,0,1137,197117
4124,22998,57451,0,0,0,1247,197117
4125,21963,58124,0,0,0,1422,197117
4126,20998,58751,0,0,0,1650,197117
4127,20170,59290,0,0,0,1915,197117
4128,19536,59702,0,0,0,2200,171083
4129,19136,59961,0,0,0,2485,171083
4130,19000,60050,0,0,0,2750,171083
4131,19136,59961,0,0,0,2978,171083
4132,19536,59702,0,0,0,3153,171083
4133,20172,59289,0,0,0,3263,171083
4134,21000,58750,0,0,0,3300,171083
4135,21965,58123,232936,167714,65222,3263,171083
4136,23000,57450,449999,323999,126000,3153,171083
4137,24035,56777,636394,458204,178190,2978,171083
4138,25000,56150,779420,561183,218238,2750,171083
4139,25828,55612,869330,625918,243413,2485,171083
4140,26464,55198,899997,647998,251999,2200,171083
4141,26864,54939,869330,625918,243413,1915,171083
4142,27000,54850,779420,561183,218238,1650,171083
4143,26864,54939,636394,458204,178190,1422,171083
4144,26464,55198,449999,323999,126000,1247,171083
4145,25828,55612,232936,167714,65222,1137,171083
4146,25000,56150,0,0,0,1100,171083
4147,24035,56777,0,0,0,1137,171083
4148,23000,57450,0,0,0,1247,171083
4149,21965,58123,0,0,0,1422,171083
4150,21000,58750,0,0,0,1650,171083
4151,20172,59289,0,0,0,1915,171083
4152,19535,59702,0,0,0,2200,154852
4153,19136,59962,0,0,0,2485,154852
4154,18999,60050,0,0,0,2750,154852
4155,19136,59962,0,0,0,2978,154852
4156,19535,59702,0,0,0,3153,154852
4157,20171,59289,0,0,0,3263,154852
4158,20999,58750,0,0,0,3300,154852
4159,21964,58123,232930,167710,65220,3263,154852
4160,22999,57450,449987,323991,125996,3153,154852
4161,24035,56777,636378,458192,178186,2978,154852
4162,24999,56150,779400,561168,218232,2750,154852
4163,25828,55612,869308,625902,243406,2485,154852
4164,26464,55199,899974,647981,251993,2200,154852
4165,26863,54939,869308,625902,243406,1915,154852
4166,26999,54850,779400,561168,218232,1650,154852
4167,26863,54939,636378,458192,178186,1422,154852
4168,26464,55199,449987,323991,125996,1247,154852
4169,25828,55612,232930,167710,65220,1137,154852
4170,24999,56150,0,0,0,1100,154852
4171,24035,56777,0,0,0,1137,154852
4172,22999,57450,0,0,0,1247,154852
4173,21964,58123,0,0,0,1422,154852
4174,20999,58750,0,0,0,1650,154852
4175,20171,59289,0,0,0,1915,154852
4176,19533,59704,0,0,0,2200,160645
4177,19133,59963,0,0,0,2485,160645
4178,18997,60052,0,0,0,2750,160645
4179,19133,59963,0,0,0,2978,160645
4180,19533,59704,0,0,0,3153,160645
4181,20168,59291,0,0,0,3263,160645
4182,20997,58752,0,0,0,3300,160645
4183,21962,58125,232900,167688,65212,3263,160645
4184,22997,57452,449929,323949,125980,3153,160645
4185,24032,56779,636295,458132,178163,2978,160645
4186,24997,56152,779299,561095,218204,2750,160645
4187,25825,55614,869195,625821,243375,2485,160645
4188,26461,55200,899857,647897,251960,2200,160645
4189,26861,54941,869195,625821,243375,1915,160645
4190,26997,54852,779299,561095,218204,1650,160645
4191,26861,54941,636295,458132,178163,1422,160645
4192,26461,55200,449929,323949,125980,1247,160645
4193,25825,55614,232900,167688,65212,1137,160645
4194,24997,56152,0,0,0,1100,160645
4195,24032,56779,0,0,0,1137,160645
4196,22997,57452,0,0,0,1247,160645
4197,21962,58125,0,0,0,1422,160645
4198,20997,58752,0,0,0,1650,160645
4199,20168,59291,0,0,0,1915,160645
4200,19528,59707,0,0,0,2200,184100
4201,19128,59967,0,0,0,2485,184100
4202,18992,60055,0,0,0,2750,184100
4203,19128,59967,0,0,0,2978,184100
4204,19528,59707,0,0,0,3153,184100
4205,20164,59294,0,0,0,3263,184100
4206,20992,58755,0,0,0,3300,184100
4207,21957,58128,232846,167649,65197,3263,184100
4208,22992,57455,449824,323873,125951,3153,184100
4209,24027,56782,636147,458026,178121,2978,184100
4210,24992,56155,779117,560964,218153,2750,184100
4211,25821,55617,868992,625675,243318,2485,184100
4212,26456,55203,899647,647746,251901,2200,184100
4213,26856,54944,868992,625675,243318,1915,184100
4214,26992,54855,779117,560964,218153,1650,184100
4215,26856,54944,636147,458026,178121,1422,184100
4216,26456,55203,449824,323873,125951,1247,184100
4217,25821,55617,232846,167649,65197,1137,184100
4218,24992,56155,0,0,0,1100,184100
4219,24027,56782,0,0,0,1137,184100
4220,22992,57455,0,0,0,1247,184100
4221,21957,58128,0,0,0,1422,184100
4222,20992,58755,0,0,0,1650,184100
4223,20164,59294,0,0,0,1915,184100
4224,19521,59711,0,0,0,2200,207555
4225,19122,59971,0,0,0,2485,207555
4226,18985,60059,0,0,0,2750,207555
4227,19122,59971,0,0,0,2978,207555
4228,19521,59711,0,0,0,3153,207555
4229,20157,59298,0,0,0,3263,207555
4230,20985,58759,0,0,0,3300,207555
4231,21950,58132,232767,167592,65175,3263,207555
4232,22985,57459,449672,323764,125908,3153,207555
4233,24021,56787,635932,457871,178061,2978,207555
4234,24985,56159,778855,560775,218079,2750,207555
4235,25814,55621,868700,625464,243236,2485,207555
4236,26450,55208,899344,647528,251816,2200,207555
4237,26849,54948,868700,625464,243236,1915,207555
4238,26985,54859,778855,560775,218079,1650,207555
4239,26849,54948,635932,457871,178061,1422,207555
4240,26450,55208,449672,323764,125908,1247,207555
4241,25814,55621,232767,167592,65175,1137,207555
4242,24985,56159,0,0,0,1100,207555
4243,24021,56787,0,0,0,1137,207555
4244,22985,57459,0,0,0,1247,207555
4245,21950,58132,0,0,0,1422,207555
4246,20985,58759,0,0,0,1650,207555
4247,20157,59298,0,0,0,1915,207555
4248,19513,59717,0,0,0,2200,213348
4249,19113,59977,0,0,0,2485,213348
4250,18977,60065,0,0,0,2750,213348
4251,19113,59977,0,0,0,2978,213348
4252,19513,59717,0,0,0,3153,213348
4253,20148,59304,0,0,0,3263,213348
4254,20977,58765,0,0,0,3300,213348
4255,21941,58138,232665,167519,65146,3263,213348
4256,22977,57465,449474,323621,125853,3153,213348
4257,24012,56792,635652,457669,177983,2978,213348
4258,24977,56165,778511,560528,217983,2750,213348
4259,25805,55627,868317,625188,243129,2485,213348
4260,26441,55214,898948,647242,251705,2200,213348
4261,26840,54954,868317,625188,243129,1915,213348
4262,26977,54865,778511,560528,217983,1650,213348
4263,26840,54954,635652,457669,177983,1422,213348
4264,26441,55214,449474,323621,125853,1247,213348
4265,25805,55627,232665,167519,65146,1137,213348
4266,24977,56165,0,0,0,1100,213348
4267,24012,56792,0,0,0,1137,213348
4268,22977,57465,0,0,0,1247,213348
4269,21941,58138,0,0,0,1422,213348
4270,20977,58765,0,0,0,1650,213348
4271,20148,59304,0,0,0,1915,213348
4272,19502,59724,0,0,0,2200,197117
4273,19102,59984,0,0,0,2485,197117
4274,18966,60072,0,0,0,2750,197117
4275,19102,59984,0,0,0,2978,197117
4276,19502,59724,0,0,0,3153,197117
4277,20137,59311,0,0,0,3263,197117
4278,20966,58772,0,0,0,3300,197117
4279,21930,58145,232538,167427,65111,3263,197117
4280,22966,57472,449229,323445,125784,3153,197117
4281,24001,56799,635306,457420,177886,2978,197117
4282,24966,56172,778088,560223,217865,2750,197117
4283,25794,55634,867844,624848,242996,2485,197117
4284,26430,55221,898458,646890,251568,2200,197117
4285,26829,54961,867844,624848,242996,1915,197117
4286,26966,54872,778088,560223,217865,1650,197117
4287,26829,54961,635306,457420,177886,1422,197117
4288,26430,55221,449229,323445,125784,1247,197117
4289,25794,55634,232538,167427,65111,1137,197117
4290,24966,56172,0,0,0,1100,197117
4291,24001,56799,0,0,0,1137,197117
4292,22966,57472,0,0,0,1247,197117
4293,21930,58145,0,0,0,1422,197117
4294,20966,58772,0,0,0,1650,197117
4295,20137,59311,0,0,0,1915,197117
4296,19489,59732,0,0,0,2200,171083
4297,19089,59992,0,0,0,2485,171083
4298,18953,60081,0,0,0,2750,171083
4299,19089,59992,0,0,0,2978,171083
4300,19489,59732,0,0,0,3153,171083
4301,20124,59319,0,0,0,3263,171083
4302,20953,58781,0,0,0,3300,171083
4303,21918,58154,232387,167319,65068,3263,171083
4304,22953,57481,448938,323235,125703,3153,171083
4305,23988,56808,634894,457124,177770,2978,171083
4306,24953,56181,777583,559860,217723,2750,171083
4307,25781,55642,867282,624443,242839,2485,171083
4308,26417,55229,897876,646471,251405,2200,171083
4309,26817,54969,867282,624443,242839,1915,171083
4310,26953,54881,777583,559860,217723,1650,171083
4311,26817,54969,634894,457124,177770,1422,171083
4312,26417,55229,448938,323235,125703,1247,171083
4313,25781,55642,232387,167319,65068,1137,171083
4314,24953,56181,0,0,0,1100,171083
4315,23988,56808,0,0,0,1137,171083
4316,22953,57481,0,0,0,1247,171083
4317,21918,58154,0,0,0,1422,171083
4318,20953,58781,0,0,0,1650,171083
4319,20124,59319,0,0,0,1915,171083
4320,19474,59742,0,0,0,2200,154852
4321,19074,60002,0,0,0,2485,154852
4322,18938,60090,0,0,0,2750,154852
4323,19074,60002,0,0,0,2978,154852
4324,19474,59742,0,0,0,3153,154852
4325,20109,59329,0,0,0,3263,154852
4326,20938,58790,0,0,0,3300,154852
4327,21903,58163,232213,167193,65020,3263,154852
4328,22938,57490,448600,322992,125608,3153,154852
4329,23973,56818,634417,456780,177637,2978,154852
4330,24938,56190,776999,559439,217560,2750,154852
4331,25766,55652,866630,623973,242656,2485,154852
4332,26402,55239,897201,645985,251216,2200,154852
4333,26802,54979,866630,623973,242656,1915,154852
4334,26938,54890,776999,559439,217560,1650,154852
4335,26802,54979,634417,456780,177637,1422,154852
4336,26402,55239,448600,322992,125608,1247,154852
4337,25766,55652,232213,167193,65020,1137,154852
4338,24938,56190,0,0,0,1100,154852
4339,23973,56818,0,0,0,1137,154852
4340,22938,57490,0,0,0,1247,154852
4341,21903,58163,0,0,0,1422,154852
4342,20938,58790,0,0,0,1650,154852
4343,20109,59329,0,0,0,1915,154852
4344,19457,59753,0,0,0,2200,160645
4345,19057,60013,0,0,0,2485,160645
4346,18921,60102,0,0,0,2750,160645
4347,19057,60013,0,0,0,2978,160645
4348,19457,59753,0,0,0,3153,160645
4349,20092,59340,0,0,0,3263,160645
4350,20921,58802,0,0,0,3300,160645
4351,21885,58174,232014,167050,64964,3263,160645
4352,22921,57502,448217,322716,125501,3153,160645
4353,23956,56829,633874,456389,177485,2978,160645
4354,24921,56202,776334,558961,217374,2750,160645
4355,25749,55663,865888,623440,242449,2485,160645
4356,26385,55250,896433,645432,251001,2200,160645
4357,26784,54990,865888,623440,242449,1915,160645
4358,26921,54902,776334,558961,217374,1650,160645
4359,26784,54990,633874,456389,177485,1422,160645
4360,26385,55250,448217,322716,125501,1247,160645
4361,25749,55663,232014,167050,64964,1137,160645
4362,24921,56202,0,0,0,1100,160645
4363,23956,56829,0,0,0,1137,160645
4364,22921,57502,0,0,0,1247,160645
4365,21885,58174,0,0,0,1422,160645
4366,20921,58802,0,0,0,1650,160645
4367,20092,59340,0,0,0,1915,160645
4368,19438,59766,0,0,0,2200,184100
4369,19038,60025,0,0,0,2485,184100
4370,18902,60114,0,0,0,2750,184100
4371,19038,60025,0,0,0,2978,184100
4372,19438,59766,0,0,0,3153,184100
4373,20073,59352,0,0,0,3263,184100
4374,20902,58814,0,0,0,3300,184100
4375,21866,58187,231792,166890,64902,3263,184100
4376,22902,57514,447787,322407,125380,3153,184100
4377,23937,56841,633266,455952,177315,2978,184100
4378,24902,56214,775590,558424,217165,2750,184100
4379,25730,55675,865058,622842,242216,2485,184100
4380,26366,55262,895574,644813,250761,2200,184100
4381,26765,55003,865058,622842,242216,1915,184100
4382,26902,54914,775590,558424,217165,1650,184100
4383,26765,55003,633266,455952,177315,1422,184100
4384,26366,55262,447787,322407,125380,1247,184100
4385,25730,55675,231792,166890,64902,1137,184100
4386,24902,56214,0,0,0,1100,184100
4387,23937,56841,0,0,0,1137,184100
4388,22902,57514,0,0,0,1247,184100
4389,21866,58187,0,0,0,1422,184100
4390,20902,58814,0,0,0,1650,184100
4391,20073,59352,0,0,0,1915,184100
4392,19416,59779,0,0,0,2200,207555
4393,19017,60039,0,0,0,2485,207555
4394,18880,60128,0,0,0,2750,207555
4395,19017,60039,0,0,0,2978,207555
4396,19416,59779,0,0,0,3153,207555
4397,20052,59366,0,0,0,3263,207555
4398,20880,58828,0,0,0,3300,207555
4399,21845,58201,231545,166713,64833,3263,207555
4400,22880,57528,447311,322064,125247,3153,207555
4401,23916,56855,632593,455467,177126,2978,207555
4402,24880,56228,774765,557831,216934,2750,207555
4403,25709,55689,864138,622180,241959,2485,207555
4404,26345,55276,894622,644128,250494,2200,207555
4405,26744,55016,864138,622180,241959,1915,207555
4406,26880,54928,774765,557831,216934,1650,207555
4407,26744,55016,632593,455467,177126,1422,207555
4408,26345,55276,447311,322064,125247,1247,207555
4409,25709,55689,231545,166713,64833,1137,207555
4410,24880,56228,0,0,0,1100,207555
4411,23916,56855,0,0,0,1137,207555
4412,22880,57528,0,0,0,1247,207555
4413,21845,58201,0,0,0,1422,207555
4414,20880,58828,0,0,0,1650,207555
4415,20052,59366,0,0,0,1915,207555
4416,19393,59794,0,0,0,2200,213348
4417,18994,60054,0,0,0,2485,213348
4418,18857,60143,0,0,0,2750,213348
4419,18994,60054,0,0,0,2978,213348
4420,19393,59794,0,0,0,3153,213348
4421,20029,59381,0,0,0,3263,213348
4422,20857,58843,0,0,0,3300,213348
4423,21822,58216,231275,166518,64757,3263,213348
4424,22857,57543,446789,321688,125101,3153,213348
4425,23893,56870,631855,454936,176919,2978,213348
4426,24857,56243,773862,557180,216681,2750,213348
4427,25686,55704,863130,621454,241677,2485,213348
4428,26321,55291,893578,643376,250202,2200,213348
4429,26721,55031,863130,621454,241677,1915,213348
4430,26857,54943,773862,557180,216681,1650,213348
4431,26721,55031,631855,454936,176919,1422,213348
4432,26321,55291,446789,321688,125101,1247,213348
4433,25686,55704,231275,166518,64757,1137,213348
4434,24857,56243,0,0,0,1100,213348
4435,23893,56870,0,0,0,1137,213348
4436,22857,57543,0,0,0,1247,213348
4437,21822,58216,0,0,0,1422,213348
4438,20857,58843,0,0,0,1650,213348
4439,20029,59381,0,0,0,1915,213348
4440,19368,59811,0,0,0,2200,197117
4441,18968,60071,0,0,0,2485,197117
4442,18832,60159,0,0,0,2750,197117
4443,18968,60071,0,0,0,2978,197117
4444,19368,59811,0,0,0,3153,197117
4445,20004,59398,0,0,0,3263,197117
4446,20832,58859,0,0,0,3300,197117
4447,21797,58232,230981,166307,64675,3263,197117
4448,22832,57559,446222,321280,124942,3153,197117
4449,23867,56886,631053,454358,176695,2978,197117
4450,24832,56259,772879,556473,216406,2750,197117
4451,25661,55721,862034,620665,241370,2485,197117
4452,26296,55307,892443,642559,249884,2200,197117
4453,26696,55048,862034,620665,241370,1915,197117
4454,26832,54959,772879,556473,216406,1650,197117
4455,26696,55048,631053,454358,176695,1422,197117
4456,26296,55307,446222,321280,124942,1247,197117
4457,25661,55721,230981,166307,64675,1137,197117
4458,24832,56259,0,0,0,1100,197117
4459,23867,56886,0,0,0,1137,197117
4460,22832,57559,0,0,0,1247,197117
4461,21797,58232,0,0,0,1422,197117
4462,20832,58859,0,0,0,1650,197117
4463,20004,59398,0,0,0,1915,197117
4464,19341,59829,0,0,0,2200,171083
4465,18941,60088,0,0,0,2485,171083
4466,18805,60177,0,0,0,2750,171083
4467,18941,60088,0,0,0,2978,171083
4468,19341,59829,0,0,0,3153,171083
4469,19976,59415,0,0,0,3263,171083
4470,20805,58877,0,0,0,3300,171083
4471,21770,58250,230664,166078,64586,3263,171083
4472,22805,57577,445609,320838,124770,3153,171083
4473,23840,56904,630186,453734,176452,2978,171083
4474,24805,56277,771817,555708,216109,2750,171083
4475,25633,55738,860850,619812,241038,2485,171083
4476,26269,55325,891217,641676,249541,2200,171083
4477,26669,55065,860850,619812,241038,1915,171083
4478,26805,54977,771817,555708,216109,1650,171083
4479,26669,55065,630186,453734,176452,1422,171083
4480,26269,55325,445609,320838,124770,1247,171083
4481,25633,55738,230664,166078,64586,1137,171083
4482,24805,56277,0,0,0,1100,171083
4483,23840,56904,0,0,0,1137,171083
4484,22805,57577,0,0,0,1247,171083
4485,21770,58250,0,0,0,1422,171083
4486,20805,58877,0,0,0,1650,171083
4487,19976,59415,0,0,0,1915,171083
4488,19311,59848,0,0,0,2200,154852
4489,18912,60107,0,0,0,2485,154852
4490,18776,60196,0,0,0,2750,154852
4491,18912,60107,0,0,0,2978,154852
4492,19311,59848,0,0,0,3153,154852
4493,19947,59434,0,0,0,3263,154852
4494,20776,58896,0,0,0,3300,154852
4495,21740,58269,230323,165833,64490,3263,154852
4496,22776,57596,444950,320364,124586,3153,154852
4497,23811,56923,629255,453063,176191,2978,154852
4498,24776,56296,770676,554887,215789,2750,154852
4499,25604,55757,859578,618896,240682,2485,154852
4500,26240,55344,889900,640728,249172,2200,154852
4501,26639,55084,859578,618896,240682,1915,154852
4502,26776,54996,770676,554887,215789,1650,154852
4503,26639,55084,629255,453063,176191,1422,154852
4504,26240,55344,444950,320364,124586,1247,154852
4505,25604,55757,230323,165833,64490,1137,154852
4506,24776,56296,0,0,0,1100,154852
4507,23811,56923,0,0,0,1137,154852
4508,22776,57596,0,0,0,1247,154852
4509,21740,58269,0,0,0,1422,154852
4510,20776,58896,0,0,0,1650,154852
4511,19947,59434,0,0,0,1915,154852
4512,19280,59868,0,0,0,2200,160645
4513,18881,60128,0,0,0,2485,160645
4514,18744,60216,0,0,0,2750,160645
4515,18881,60128,0,0,0,2978,160645
4516,19280,59868,0,0,0,3153,160645
4517,19916,59455,0,0,0,3263,160645
4518,20744,58916,0,0,0,3300,160645
4519,21709,58289,229959,165570,64389,3263,160645
4520,22744,57616,444247,319858,124389,3153,160645
4521,23780,56943,628260,452347,175913,2978,160645
4522,24744,56316,769458,554010,215448,2750,160645
4523,25573,55778,858219,617917,240301,2485,160645
4524,26208,55365,888493,639715,248778,2200,160645
4525,26608,55105,858219,617917,240301,1915,160645
4526,26744,55016,769458,554010,215448,1650,160645
4527,26608,55105,628260,452347,175913,1422,160645
4528,26208,55365,444247,319858,124389,1247,160645
4529,25573,55778,229959,165570,64389,1137,160645
4530,24744,56316,0,0,0,1100,160645
4531,23780,56943,0,0,0,1137,160645
4532,22744,57616,0,0,0,1247,160645
4533,21709,58289,0,0,0,1422,160645
4534,20744,58916,0,0,0,1650,160645
4535,19916,59455,0,0,0,1915,160645
4536,19247,59889,0,0,0,2200,184100
4537,18847,60149,0,0,0,2485,184100
4538,18711,60238,0,0,0,2750,184100
4539,18847,60149,0,0,0,2978,184100
4540,19247,59889,0,0,0,3153,184100
4541,19883,59476,0,0,0,3263,184100
4542,20711,58938,0,0,0,3300,184100
4543,21676,58311,229571,165291,64280,3263,184100
4544,22711,57638,443498,319319,124179,3153,184100
4545,23746,56965,627201,451585,175616,2978,184100
4546,24711,56338,768161,553076,215085,2750,184100
4547,25539,55799,856772,616876,239896,2485,184100
4548,26175,55386,886996,638637,248359,2200,184100
4549,26575,55126,856772,616876,239896,1915,184100
4550,26711,55038,768161,553076,215085,1650,184100
4551,26575,55126,627201,451585,175616,1422,184100
4552,26175,55386,443498,319319,124179,1247,184100
4553,25539,55799,229571,165291,64280,1137,184100
4554,24711,56338,0,0,0,1100,184100
4555,23746,56965,0,0,0,1137,184100
4556,22711,57638,0,0,0,1247,184100
4557,21676,58311,0,0,0,1422,184100
4558,20711,58938,0,0,0,1650,184100
4559,19883,59476,0,0,0,1915,184100
4560,19212,59912,0,0,0,2200,207555
4561,18812,60172,0,0,0,2485,207555
4562,18676,60261,0,0,0,2750,207555
4563,18812,60172,0,0,0,2978,207555
4564,19212,59912,0,0,0,3153,207555
4565,19847,59499,0,0,0,3263,207555
4566,20676,58961,0,0,0,3300,207555
4567,21640,58334,229161,164996,64165,3263,207555
4568,22676,57661,442705,318747,123957,3153,207555
4569,23711,56988,626079,450777,175302,2978,207555
4570,24676,56361,766787,552087,214700,2750,207555
4571,25504,55822,855240,615773,239467,2485,207555
4572,26140,55409,885410,637495,247915,2200,207555
4573,26539,55149,855240,615773,239467,1915,207555
4574,26676,55061,766787,552087,214700,1650,207555
4575,26539,55149,626079,450777,175302,1422,207555
4576,26140,55409,442705,318747,123957,1247,207555
4577,25504,55822,229161,164996,64165,1137,207555
4578,24676,56361,0,0,0,1100,207555
4579,23711,56988,0,0,0,1137,207555
4580,22676,57661,0,0,0,1247,207555
4581,21640,58334,0,0,0,1422,207555
4582,20676,58961,0,0,0,1650,207555
4583,19847,59499,0,0,0,1915,207555
4584,19174,59937,0,0,0,2200,213348
4585,18775,60196,0,0,0,2485,213348
4586,18639,60285,0,0,0,2750,213348
4587,18775,60196,0,0,0,2978,213348
4588,19174,59937,0,0,0,3153,213348
4589,19810,59523,0,0,0,3263,213348
4590,20639,58985,0,0,0,3300,213348
4591,21603,58358,228727,164684,64044,3263,213348
4592,22639,57685,441867,318144,123723,3153,213348
4593,23674,57012,624894,449924,174970,2978,213348
4594,24639,56385,765336,551042,214294,2750,213348
4595,25467,55846,853621,614607,239014,2485,213348
4596,26103,55433,883734,636288,247445,2200,213348
4597,26502,55174,853621,614607,239014,1915,213348
4598,26639,55085,765336,551042,214294,1650,213348
4599,26502,55174,624894,449924,174970,1422,213348
4600,26103,55433,441867,318144,123723,1247,213348
4601,25467,55846,228727,164684,64044,1137,213348
4602,24639,56385,0,0,0,1100,213348
4603,23674,57012,0,0,0,1137,213348
4604,22639,57685,0,0,0,1247,213348
4605,21603,58358,0,0,0,1422,213348
4606,20639,58985,0,0,0,1650,213348
4607,19810,59523,0,0,0,1915,213348
4608,19135,59962,0,0,0,2200,197117
4609,18736,60222,0,0,0,2485,197117
4610,18599,60310,0,0,0,2750,197117
4611,18736,60222,0,0,0,2978,197117
4612,19135,59962,0,0,0,3153,197117
4613,19771,59549,0,0,0,3263,197117
4614,20599,59010,0,0,0,3300,197117
4615,21564,58383,228271,164355,63916,3263,197117
4616,22599,57710,440985,317509,123476,3153,197117
4617,23635,57038,623647,449026,174621,2978,197117
4618,24599,56410,763808,549942,213866,2750,197117
4619,25428,55872,851917,613381,238537,2485,197117
4620,26063,55459,881970,635018,246952,2200,197117
4621,26463,55199,851917,613381,238537,1915,197117
4622,26599,55110,763808,549942,213866,1650,197117
4623,26463,55199,623647,449026,174621,1422,197117
4624,26063,55459,440985,317509,123476,1247,197117
4625,25428,55872,228271,164355,63916,1137,197117
4626,24599,56410,0,0,0,1100,197117
4627,23635,57038,0,0,0,1137,197117
4628,22599,57710,0,0,0,1247,197117
4629,21564,58383,0,0,0,1422,197117
4630,20599,59010,0,0,0,1650,197117
4631,19771,59549,0,0,0,1915,197117
4632,19094,59989,0,0,0,2200,171083
4633,18694,60249,0,0,0,2485,171083
4634,18558,60337,0,0,0,2750,171083
4635,18694,60249,0,0,0,2978,171083
4636,19094,59989,0,0,0,3153,171083
4637,19730,59576,0,0,0,3263,171083
4638,20558,59037,0,0,0,3300,171083
4639,21523,58410,227791,164010,63782,3263,171083
4640,22558,57737,440059,316842,123216,3153,171083
4641,23593,57064,622337,448083,174254,2978,171083
4642,24558,56437,762204,548787,213417,2750,171083
4643,25387,55899,850128,612092,238036,2485,171083
4644,26022,55486,880118,633685,246433,2200,171083
4645,26422,55226,850128,612092,238036,1915,171083
4646,26558,55137,762204,548787,213417,1650,171083
4647,26422,55226,622337,448083,174254,1422,171083
4648,26022,55486,440059,316842,123216,1247,171083
4649,25387,55899,227791,164010,63782,1137,171083
4650,24558,56437,0,0,0,1100,171083
4651,23593,57064,0,0,0,1137,171083
4652,22558,57737,0,0,0,1247,171083
4653,21523,58410,0,0,0,1422,171083
4654,20558,59037,0,0,0,1650,171083
4655,19730,59576,0,0,0,1915,171083
4656,19051,60017,0,0,0,2200,154852
4657,18651,60277,0,0,0,2485,154852
4658,18515,60365,0,0,0,2750,154852
4659,18651,60277,0,0,0,2978,154852
4660,19051,60017,0,0,0,3153,154852
4661,19687,59604,0,0,0,3263,154852
4662,20515,59065,0,0,0,3300,154852
4663,21480,58438,227289,163648,63641,3263,154852
4664,22515,57765,439089,316144,122945,3153,154852
4665,23550,57092,620966,447095,173870,2978,154852
4666,24515,56465,760524,547578,212947,2750,154852
4667,25343,55927,848255,610743,237511,2485,154852
4668,25979,55514,878178,632288,245890,2200,154852
4669,26379,55254,848255,610743,237511,1915,154852
4670,26515,55165,760524,547578,212947,1650,154852
4671,26379,55254,620966,447095,173870,1422,154852
4672,25979,55514,439089,316144,122945,1247,154852
4673,25343,55927,227289,163648,63641,1137,154852
4674,24515,56465,0,0,0,1100,154852
4675,23550,57092,0,0,0,1137,154852
4676,22515,57765,0,0,0,1247,154852
4677,21480,58438,0,0,0,1422,154852
4678,20515,59065,0,0,0,1650,154852
4679,19687,59604,0,0,0,1915,154852
4680,19006,60046,0,0,0,2200,160645
4681,18606,60306,0,0,0,2485,160645
4682,18470,60394,0,0,0,2750,160645
4683,18606,60306,0,0,0,2978,160645
4684,19006,60046,0,0,0,3153,160645
4685,19642,59633,0,0,0,3263,160645
4686,20470,59094,0,0,0,3300,160645
4687,21435,58467,226765,163271,63494,3263,160645
4688,22470,57794,438076,315415,122661,3153,160645
4689,23505,57122,619533,446064,173469,2978,160645
4690,24470,56494,758770,546314,212455,2750,160645
4691,25298,55956,846297,609334,236963,2485,160645
4692,25934,55543,876152,630829,245322,2200,160645
4693,26334,55283,846297,609334,236963,1915,160645
4694,26470,55194,758770,546314,212455,1650,160645
4695,26334,55283,619533,446064,173469,1422,160645
4696,25934,55543,438076,315415,122661,1247,160645
4697,25298,55956,226765,163271,63494,1137,160645
4698,24470,56494,0,0,0,1100,160645
4699,23505,57122,0,0,0,1137,160645
4700,22470,57794,0,0,0,1247,160645
4701,21435,58467,0,0,0,1422,160645
4702,20470,59094,0,0,0,1650,160645
4703,19642,59633,0,0,0,1915,160645
4704,18959,60077,0,0,0,2200,184100
4705,18559,60336,0,0,0,2485,184100
4706,18423,60425,0,0,0,2750,184100
4707,18559,60336,0,0,0,2978,184100
4708,18959,60077,0,0,0,3153,184100
4709,19595,59663,0,0,0,3263,184100
4710,20423,59125,0,0,0,3300,184100
4711,21388,58498,226218,162877,63341,3263,184100
4712,22423,57825,437019,314654,122365,3153,184100
4713,23458,57152,618039,444988,173051,2978,184100
4714,24423,56525,756940,544997,211943,2750,184100
4715,25252,55987,844257,607865,236392,2485,184100
4716,25887,55573,874039,629308,244731,2200,184100
4717,26287,55314,844257,607865,236392,1915,184100
4718,26423,55225,756940,544997,211943,1650,184100
4719,26287,55314,618039,444988,173051,1422,184100
4720,25887,55573,437019,314654,122365,1247,184100
4721,25252,55987,226218,162877,63341,1137,184100
4722,24423,56525,0,0,0,1100,184100
4723,23458,57152,0,0,0,1137,184100
4724,22423,57825,0,0,0,1247,184100
4725,21388,58498,0,0,0,1422,184100
4726,20423,59125,0,0,0,1650,184100
4727,19595,59663,0,0,0,1915,184100
4728,18910,60108,0,0,0,2200,207555
4729,18511,60368,0,0,0,2485,207555
4730,18374,60457,0,0,0,2750,207555
4731,18511,60368,0,0,0,2978,207555
4732,18910,60108,0,0,0,3153,207555
4733,19546,59695,0,0,0,3263,207555
4734,20374,59157,0,0,0,3300,207555
4735,21339,58530,225649,162467,63182,3263,207555
4736,22374,57857,435920,313863,122058,3153,207555
4737,23410,57184,616484,443869,172616,2978,207555
4738,24374,56557,755036,543626,211410,2750,207555
4739,25203,56018,842133,606336,235797,2485,207555
4740,25838,55605,871840,627725,244115,2200,207555
4741,26238,55345,842133,606336,235797,1915,207555
4742,26374,55257,755036,543626,211410,1650,207555
4743,26238,55345,616484,443869,172616,1422,207555
4744,25838,55605,435920,313863,122058,1247,207555
4745,25203,56018,225649,162467,63182,1137,207555
4746,24374,56557,0,0,0,1100,207555
4747,23410,57184,0,0,0,1137,207555
4748,22374,57857,0,0,0,1247,207555
4749,21339,58530,0,0,0,1422,207555
4750,20374,59157,0,0,0,1650,207555
4751,19546,59695,0,0,0,1915,207555
4752,18859,60141,0,0,0,2200,213348
4753,18460,60401,0,0,0,2485,213348
4754,18323,60490,0,0,0,2750,213348
4755,18460,60401,0,0,0,2978,213348
4756,18859,60141,0,0,0,3153,213348
4757,19495,59728,0,0,0,3263,213348
4758,20323,59190,0,0,0,3300,213348
4759,21288,58563,225058,162042,63016,3263,213348
4760,22323,57890,434779,313041,121738,3153,213348
4761,23359,57217,614870,442706,172164,2978,213348
4762,24323,56590,753059,542202,210856,2750,213348
4763,25152,56051,839928,604748,235180,2485,213348
4764,25788,55638,869557,626081,243476,2200,213348
4765,26187,55378,839928,604748,235180,1915,213348
4766,26323,55290,753059,542202,210856,1650,213348
4767,26187,55378,614870,442706,172164,1422,213348
4768,25788,55638,434779,313041,121738,1247,213348
4769,25152,56051,225058,162042,63016,1137,213348
4770,24323,56590,0,0,0,1100,213348
4771,23359,57217,0,0,0,1137,213348
4772,22323,57890,0,0,0,1247,213348
4773,21288,58563,0,0,0,1422,213348
4774,20323,59190,0,0,0,1650,213348
4775,19495,59728,0,0,0,1915,213348
4776,18807,60176,0,0,0,2200,197117
4777,18407,60435,0,0,0,2485,197117
4778,18271,60524,0,0,0,2750,197117
4779,18407,60435,0,0,0,2978,197117
4780,18807,60176,0,0,0,3153,197117
4781,19442,59762,0,0,0,3263,197117
4782,20271,59224,0,0,0,3300,197117
4783,21236,58597,224445,161600,62845,3263,197117
4784,22271,57924,433595,312188,121407,3153,197117
4785,23306,57251,613195,441501,171695,2978,197117
4786,24271,56624,751008,540726,210282,2750,197117
4787,25099,56085,837641,603101,234539,2485,197117
4788,25735,55672,867189,624376,242813,2200,197117
4789,26135,55413,837641,603101,234539,1915,197117
4790,26271,55324,751008,540726,210282,1650,197117
4791,26135,55413,613195,441501,171695,1422,197117
4792,25735,55672,433595,312188,121407,1247,197117
4793,25099,56085,224445,161600,62845,1137,197117
4794,24271,56624,0,0,0,1100,197117
4795,23306,57251,0,0,0,1137,197117
4796,22271,57924,0,0,0,1247,197117
4797,21236,58597,0,0,0,1422,197117
4798,20271,59224,0,0,0,1650,197117
4799,19442,59762,0,0,0,1915,197117
4800,18752,60211,0,0,0,2200,171083
4801,18353,60471,0,0,0,2485,171083
4802,18216,60559,0,0,0,2750,171083
4803,18353,60471,0,0,0,2978,171083
4804,18752,60211,0,0,0,3153,171083
4805,19388,59798,0,0,0,3263,171083
4806,20216,59259,0,0,0,3300,171083
4807,21181,58632,223811,161144,62667,3263,171083
4808,22216,57959,432369,311306,121063,3153,171083
4809,23252,57286,611462,440253,171209,2978,171083
4810,24216,56659,748885,539197,209688,2750,171083
4811,25045,56121,835273,601396,233876,2485,171083
4812,25681,55708,864738,622611,242127,2200,171083
4813,26080,55448,835273,601396,233876,1915,171083
4814,26216,55359,748885,539197,209688,1650,171083
4815,26080,55448,611462,440253,171209,1422,171083
4816,25681,55708,432369,311306,121063,1247,171083
4817,25045,56121,223811,161144,62667,1137,171083
4818,24216,56659,0,0,0,1100,171083
4819,23252,57286,0,0,0,1137,171083
4820,22216,57959,0,0,0,1247,171083
4821,21181,58632,0,0,0,1422,171083
4822,20216,59259,0,0,0,1650,171083
4823,19388,59798,0,0,0,1915,171083
4824,18696,60248,0,0,0,2200,154852
4825,18296,60507,0,0,0,2485,154852
4826,18160,60596,0,0,0,2750,154852
4827,18296,60507,0,0,0,2978,154852
4828,18696,60248,0,0,0,3153,154852
4829,19332,59834,0,0,0,3263,154852
4830,20160,59296,0,0,0,3300,154852
4831,21125,58669,223155,160671,62483,3263,154852
4832,22160,57996,431102,310393,120709,3153,154852
4833,23195,57323,609670,438963,170708,2978,154852
4834,24160,56696,746690,537617,209073,2750,154852
4835,24989,56157,832825,599634,233191,2485,154852
4836,25624,55744,862204,620787,241417,2200,154852
4837,26024,55485,832825,599634,233191,1915,154852
4838,26160,55396,746690,537617,209073,1650,154852
4839,26024,55485,609670,438963,170708,1422,154852
4840,25624,55744,431102,310393,120709,1247,154852
4841,24989,56157,223155,160671,62483,1137,154852
4842,24160,56696,0,0,0,1100,154852
4843,23195,57323,0,0,0,1137,154852
4844,22160,57996,0,0,0,1247,154852
4845,21125,58669,0,0,0,1422,154852
4846,20160,59296,0,0,0,1650,154852
4847,19332,59834,0,0,0,1915,154852
4848,18638,60285,0,0,0,2200,160645
4849,18238,60545,0,0,0,2485,160645
4850,18102,60634,0,0,0,2750,160645
4851,18238,60545,0,0,0,2978,160645
4852,18638,60285,0,0,0,3153,160645
4853,19274,59872,0,0,0,3263,160645
4854,20102,59334,0,0,0,3300,160645
4855,21067,58707,222478,160184,62294,3263,160645
4856,22102,58034,429794,309451,120342,3153,160645
4857,23137,57361,607820,437631,170190,2978,160645
4858,24102,56734,744425,535986,208439,2750,160645
4859,24930,56195,830298,597814,232483,2485,160645
4860,25566,55782,859587,618903,240684,2200,160645
4861,25966,55522,830298,597814,232483,1915,160645
4862,26102,55434,744425,535986,208439,1650,160645
4863,25966,55522,607820,437631,170190,1422,160645
4864,25566,55782,429794,309451,120342,1247,160645
4865,24930,56195,222478,160184,62294,1137,160645
4866,24102,56734,0,0,0,1100,160645
4867,23137,57361,0,0,0,1137,160645
4868,22102,58034,0,0,0,1247,160645
4869,21067,58707,0,0,0,1422,160645
4870,20102,59334,0,0,0,1650,160645
4871,19274,59872,0,0,0,1915,160645
4872,18578,60324,0,0,0,2200,184100
4873,18178,60584,0,0,0,2485,184100
4874,18042,60673,0,0,0,2750,184100
4875,18178,60584,0,0,0,2978,184100
4876,18578,60324,0,0,0,3153,184100
4877,19214,59911,0,0,0,3263,184100
4878,20042,59373,0,0,0,3300,184100
4879,21007,58746,221779,159681,62098,3263,184100
4880,22042,58073,428445,308480,119965,3153,184100
4881,23077,57400,605913,436257,169656,2978,184100
4882,24042,56773,742088,534304,207785,2750,184100
4883,24870,56234,827692,595938,231754,2485,184100
4884,25506,55821,856890,616961,239929,2200,184100
4885,25906,55561,827692,595938,231754,1915,184100
4886,26042,55473,742088,534304,207785,1650,184100
4887,25906,55561,605913,436257,169656,1422,184100
4888,25506,55821,428445,308480,119965,1247,184100
4889,24870,56234,221779,159681,62098,1137,184100
4890,24042,56773,0,0,0,1100,184100
4891,23077,57400,0,0,0,1137,184100
4892,22042,58073,0,0,0,1247,184100
4893,21007,58746,0,0,0,1422,184100
4894,20042,59373,0,0,0,1650,184100
4895,19214,59911,0,0,0,1915,184100
4896,18516,60365,0,0,0,2200,207555
4897,18117,60624,0,0,0,2485,207555
4898,17980,60713,0,0,0,2750,207555
4899,18117,60624,0,0,0,2978,207555
4900,18516,60365,0,0,0,3153,207555
4901,19152,59951,0,0,0,3263,207555
4902,19980,59413,0,0,0,3300,207555
4903,20945,58786,221060,159163,61897,3263,207555
4904,21980,58113,427056,307480,119576,3153,207555
4905,23016,57440,603948,434843,169105,2978,207555
4906,23980,56813,739682,532571,207111,2750,207555
4907,24809,56274,825008,594006,231002,2485,207555
4908,25444,55861,854111,614960,239151,2200,207555
4909,25844,55601,825008,594006,231002,1915,207555
4910,25980,55513,739682,532571,207111,1650,207555
4911,25844,55601,603948,434843,169105,1422,207555
4912,25444,55861,427056,307480,119576,1247,207555
4913,24809,56274,221060,159163,61897,1137,207555
4914,23980,56813,0,0,0,1100,207555
4915,23016,57440,0,0,0,1137,207555
4916,21980,58113,0,0,0,1247,207555
4917,20945,58786,0,0,0,1422,207555
4918,19980,59413,0,0,0,1650,207555
4919,19152,59951,0,0,0,1915,207555
4920,18453,60406,0,0,0,2200,213348
4921,18053,60666,0,0,0,2485,213348
4922,17917,60754,0,0,0,2750,213348
4923,18053,60666,0,0,0,2978,213348
4924,18453,60406,0,0,0,3153,213348
4925,19088,59993,0,0,0,3263,213348
4926,19917,59454,0,0,0,3300,213348
4927,20881,58827,220321,158631,61690,3263,213348
4928,21917,58154,425627,306451,119175,3153,213348
4929,22952,57481,601927,433388,168540,2978,213348
4930,23917,56854,737207,530789,206418,2750,213348
4931,24745,56316,822248,592018,230229,2485,213348
4932,25381,55902,851253,612902,238351,2200,213348
4933,25780,55643,822248,592018,230229,1915,213348
4934,25917,55554,737207,530789,206418,1650,213348
4935,25780,55643,601927,433388,168540,1422,213348
4936,25381,55902,425627,306451,119175,1247,213348
4937,24745,56316,220321,158631,61690,1137,213348
4938,23917,56854,0,0,0,1100,213348
4939,22952,57481,0,0,0,1137,213348
4940,21917,58154,0,0,0,1247,213348
4941,20881,58827,0,0,0,1422,213348
4942,19917,59454,0,0,0,1650,213348
4943,19088,59993,0,0,0,1915,213348
4944,18387,60448,0,0,0,2200,197117
4945,17988,60708,0,0,0,2485,197117
4946,17851,60797,0,0,0,2750,197117
4947,17988,60708,0,0,0,2978,197117
4948,18387,60448,0,0,0,3153,197117
4949,19023,60035,0,0,0,3263,197117
4950,19851,59497,0,0,0,3300,197117
4951,20816,58869,219560,158084,61477,3263,197117
4952,21851,58197,424158,305394,118764,3153,197117
4953,22887,57524,599850,431892,167958,2978,197117
4954,23851,56897,734664,528958,205706,2750,197117
4955,24680,56358,819411,589976,229435,2485,197117
4956,25316,55945,848317,610788,237529,2200,197117
4957,25715,55685,819411,589976,229435,1915,197117
4958,25851,55597,734664,528958,205706,1650,197117
4959,25715,55685,599850,431892,167958,1422,197117
4960,25316,55945,424158,305394,118764,1247,197117
4961,24680,56358,219560,158084,61477,1137,197117
4962,23851,56897,0,0,0,1100,197117
4963,22887,57524,0,0,0,1137,197117
4964,21851,58197,0,0,0,1247,197117
4965,20816,58869,0,0,0,1422,197117
4966,19851,59497,0,0,0,1650,197117
4967,19023,60035,0,0,0,1915,197117
4968,18320,60492,0,0,0,2200,171083
4969,17921,60751,0,0,0,2485,171083
4970,17784,60840,0,0,0,2750,171083
4971,17921,60751,0,0,0,2978,171083
4972,18320,60492,0,0,0,3153,171083
4973,18956,60079,0,0,0,3263,171083
4974,19784,59540,0,0,0,3300,171083
4975,20749,58913,218780,157522,61258,3263,171083
4976,21784,58240,422651,304309,118342,3153,171083
4977,22820,57567,597718,430357,167361,2978,171083
4978,23784,56940,732053,527078,204975,2750,171083
4979,24613,56402,816499,587879,228620,2485,171083
4980,25249,55988,845302,608617,236684,2200,171083
4981,25648,55729,816499,587879,228620,1915,171083
4982,25784,55640,732053,527078,204975,1650,171083
4983,25648,55729,597718,430357,167361,1422,171083
4984,25249,55988,422651,304309,118342,1247,171083
4985,24613,56402,218780,157522,61258,1137,171083
4986,23784,56940,0,0,0,1100,171083
4987,22820,57567,0,0,0,1137,171083
4988,21784,58240,0,0,0,1247,171083
4989,20749,58913,0,0,0,1422,171083
4990,19784,59540,0,0,0,1650,171083
4991,18956,60079,0,0,0,1915,171083
4992,18252,60536,0,0,0,2200,154852
4993,17852,60796,0,0,0,2485,154852
4994,17716,60885,0,0,0,2750,154852
4995,17852,60796,0,0,0,2978,154852
4996,18252,60536,0,0,0,3153,154852
4997,18887,60123,0,0,0,3263,154852
4998,19716,59585,0,0,0,3300,154852
4999,20680,58958,217980,156945,61034,3263,154852
5000,21716,58285,421105,303195,117909,3153,154852
5001,22751,57612,595532,428783,166749,2978,154852
5002,23716,56985,729375,525150,204225,2750,154852
5003,24544,56446,813512,585729,227783,2485,154852
5004,25180,56033,842209,606391,235819,2200,154852
5005,25579,55773,813512,585729,227783,1915,154852
5006,25716,55685,729375,525150,204225,1650,154852
5007,25579,55773,595532,428783,166749,1422,154852
5008,25180,56033,421105,303195,117909,1247,154852
5009,24544,56446,217980,156945,61034,1137,154852
5010,23716,56985,0,0,0,1100,154852
5011,22751,57612,0,0,0,1137,154852
5012,21716,58285,0,0,0,1247,154852
5013,20680,58958,0,0,0,1422,154852
5014,19716,59585,0,0,0,1650,154852
5015,18887,60123,0,0,0,1915,154852
5016,18181,60582,0,0,0,2200,160645
5017,17782,60842,0,0,0,2485,160645
5018,17645,60931,0,0,0,2750,160645
5019,17782,60842,0,0,0,2978,160645
5020,18181,60582,0,0,0,3153,160645
5021,18817,60169,0,0,0,3263,160645
5022,19645,59631,0,0,0,3300,160645
5023,20610,59003,217160,156355,60805,3263,160645
5024,21645,58331,419521,302055,117466,3153,160645
5025,22681,57658,593292,427170,166122,2978,160645
5026,23645,57031,726631,523174,203457,2750,160645
5027,24474,56492,810452,583525,226926,2485,160645
5028,25109,56079,839041,604110,234932,2200,160645
5029,25509,55819,810452,583525,226926,1915,160645
5030,25645,55731,726631,523174,203457,1650,160645
5031,25509,55819,593292,427170,166122,1422,160645
5032,25109,56079,419521,302055,117466,1247,160645
5033,24474,56492,217160,156355,60805,1137,160645
5034,23645,57031,0,0,0,1100,160645
5035,22681,57658,0,0,0,1137,160645
5036,21645,58331,0,0,0,1247,160645
5037,20610,59003,0,0,0,1422,160645
5038,19645,59631,0,0,0,1650,160645
5039,18817,60169,0,0,0,1915,160645
5040,18109,60629,0,0,0,2200,184100
5041,17710,60889,0,0,0,2485,184100
5042,17573,60977,0,0,0,2750,184100
5043,17710,60889,0,0,0,2978,184100
5044,18109,60629,0,0,0,3153,184100
5045,18745,60216,0,0,0,3263,184100
5046,19573,59677,0,0,0,3300,184100
5047,20538,59050,216320,155751,60570,3263,184100
5048,21573,58377,417899,300887,117012,3153,184100
5049,22609,57704,590998,425519,165479,2978,184100
5050,23573,57077,723822,521152,202670,2750,184100
5051,24402,56539,807318,581269,226049,2485,184100
5052,25037,56126,835798,601774,234023,2200,184100
5053,25437,55866,807318,581269,226049,1915,184100
5054,25573,55777,723822,521152,202670,1650,184100
5055,25437,55866,590998,425519,165479,1422,184100
5056,25037,56126,417899,300887,117012,1247,184100
5057,24402,56539,216320,155751,60570,1137,184100
5058,23573,57077,0,0,0,1100,184100
5059,22609,57704,0,0,0,1137,184100
5060,21573,58377,0,0,0,1247,184100
5061,20538,59050,0,0,0,1422,184100
5062,19573,59677,0,0,0,1650,184100
5063,18745,60216,0,0,0,1915,184100
5064,18035,60677,0,0,0,2200,207555
5065,17636,60937,0,0,0,2485,207555
5066,17500,61025,0,0,0,2750,207555
5067,17636,60937,0,0,0,2978,207555
5068,18035,60677,0,0,0,3153,207555
5069,18671,60264,0,0,0,3263,207555
5070,19500,59725,0,0,0,3300,207555
5071,20464,59098,215462,155132,60329,3263,207555
5072,21500,58425,416240,299693,116547,3153,207555
5073,22535,57752,588652,423829,164823,2978,207555
5074,23500,57125,720949,519083,201866,2750,207555
5075,24328,56587,804114,578962,225152,2485,207555
5076,24964,56174,832480,599385,233094,2200,207555
5077,25363,55914,804114,578962,225152,1915,207555
5078,25500,55825,720949,519083,201866,1650,207555
5079,25363,55914,588652,423829,164823,1422,207555
5080,24964,56174,416240,299693,116547,1247,207555
5081,24328,56587,215462,155132,60329,1137,207555
5082,23500,57125,0,0,0,1100,207555
5083,22535,57752,0,0,0,1137,207555
5084,21500,58425,0,0,0,1247,207555
5085,20464,59098,0,0,0,1422,207555
5086,19500,59725,0,0,0,1650,207555
5087,18671,60264,0,0,0,1915,207555
5088,17960,60726,0,0,0,2200,213348
5089,17560,60986,0,0,0,2485,213348
5090,17424,61074,0,0,0,2750,213348
5091,17560,60986,0,0,0,2978,213348
5092,17960,60726,0,0,0,3153,213348
5093,18596,60313,0,0,0,3263,213348
5094,19424,59774,0,0,0,3300,213348
5095,20389,59147,214584,154500,60083,3263,213348
5096,21424,58474,414544,298472,116072,3153,213348
5097,22459,57801,586254,422103,164151,2978,213348
5098,23424,57174,718012,516968,201043,2750,213348
5099,24253,56636,800838,576603,224235,2485,213348
5100,24888,56223,829088,596944,232145,2200,213348
5101,25288,55963,800838,576603,224235,1915,213348
5102,25424,55874,718012,516968,201043,1650,213348
5103,25288,55963,586254,422103,164151,1422,213348
5104,24888,56223,414544,298472,116072,1247,213348
5105,24253,56636,214584,154500,60083,1137,213348
5106,23424,57174,0,0,0,1100,213348
5107,22459,57801,0,0,0,1137,213348
5108,21424,58474,0,0,0,1247,213348
5109,20389,59147,0,0,0,1422,213348
5110,19424,59774,0,0,0,1650,213348
5111,18596,60313,0,0,0,1915,213348
5112,17883,60776,0,0,0,2200,197117
5113,17484,61036,0,0,0,2485,197117
5114,17347,61124,0,0,0,2750,197117
5115,17484,61036,0,0,0,2978,197117
5116,17883,60776,0,0,0,3153,197117
5117,18519,60363,0,0,0,3263,197117
5118,19347,59824,0,0,0,3300,197117
5119,20312,59197,213687,153855,59832,3263,197117
5120,21347,58524,412812,297225,115587,3153,197117
5121,22382,57851,583805,420340,163465,2978,197117
5122,23347,57224,715012,514809,200203,2750,197117
5123,24176,56686,797492,574195,223298,2485,197117
5124,24811,56273,825625,594450,231175,2200,197117
5125,25211,56013,797492,574195,223298,1915,197117
5126,25347,55924,715012,514809,200203,1650,197117
5127,25211,56013,583805,420340,163465,1422,197117
5128,24811,56273,412812,297225,115587,1247,197117
5129,24176,56686,213687,153855,59832,1137,197117
5130,23347,57224,0,0,0,1100,197117
5131,22382,57851,0,0,0,1137,197117
5132,21347,58524,0,0,0,1247,197117
5133,20312,59197,0,0,0,1422,197117
5134,19347,59824,0,0,0,1650,197117
5135,18519,60363,0,0,0,1915,197117
5136,17805,60827,0,0,0,2200,171083
5137,17405,61087,0,0,0,2485,171083
5138,17269,61175,0,0,0,2750,171083
5139,17405,61087,0,0,0,2978,171083
5140,17805,60827,0,0,0,3153,171083
5141,18440,60414,0,0,0,3263,171083
5142,19269,59875,0,0,0,3300,171083
5143,20233,59248,212773,153196,59576,3263,171083
5144,21269,58575,411045,295952,115093,3153,171083
5145,22304,57902,581305,418540,162766,2978,171083
5146,23269,57275,711951,512605,199346,2750,171083
5147,24097,56737,794078,571736,222342,2485,171083
5148,24733,56324,822090,591905,230185,2200,171083
5149,25132,56064,794078,571736,222342,1915,171083
5150,25269,55975,711951,512605,199346,1650,171083
5151,25132,56064,581305,418540,162766,1422,171083
5152,24733,56324,411045,295952,115093,1247,171083
5153,24097,56737,212773,153196,59576,1137,171083
5154,23269,57275,0,0,0,1100,171083
5155,22304,57902,0,0,0,1137,171083
5156,21269,58575,0,0,0,1247,171083
5157,20233,59248,0,0,0,1422,171083
5158,19269,59875,0,0,0,1650,171083
5159,18440,60414,0,0,0,1915,171083
5160,17724,60879,0,0,0,2200,154852
5161,17325,61139,0,0,0,2485,154852
5162,17189,61227,0,0,0,2750,154852
5163,17325,61139,0,0,0,2978,154852
5164,17724,60879,0,0,0,3153,154852
5165,18360,60466,0,0,0,3263,154852
5166,19189,59927,0,0,0,3300,154852
5167,20153,59300,211839,152524,59315,3263,154852
5168,21189,58627,409242,294655,114588,3153,154852
5169,22224,57955,578756,416704,162052,2978,154852
5170,23189,57327,708829,510357,198472,2750,154852
5171,24017,56789,790596,569229,221367,2485,154852
5172,24653,56376,818485,589309,229176,2200,154852
5173,25052,56116,790596,569229,221367,1915,154852
5174,25189,56027,708829,510357,198472,1650,154852
5175,25052,56116,578756,416704,162052,1422,154852
5176,24653,56376,409242,294655,114588,1247,154852
5177,24017,56789,211839,152524,59315,1137,154852
5178,23189,57327,0,0,0,1100,154852
5179,22224,57955,0,0,0,1137,154852
5180,21189,58627,0,0,0,1247,154852
5181,20153,59300,0,0,0,1422,154852
5182,19189,59927,0,0,0,1650,154852
5183,18360,60466,0,0,0,1915,154852
5184,17643,60932,0,0,0,2200,160645
5185,17243,61192,0,0,0,2485,160645
5186,17107,61281,0,0,0,2750,160645
5187,17243,61192,0,0,0,2978,160645
5188,17643,60932,0,0,0,3153,160645
5189,18278,60519,0,0,0,3263,160645
5190,19107,59981,0,0,0,3300,160645
5191,20072,59353,210889,151840,59049,3263,160645
5192,21107,58681,407405,293332,114073,3153,160645
5193,22142,58008,576158,414834,161324,2978,160645
5194,23107,57381,705647,508066,197581,2750,160645
5195,23935,56842,787047,566674,220373,2485,160645
5196,24571,56429,814811,586664,228147,2200,160645
5197,24971,56169,787047,566674,220373,1915,160645
5198,25107,56081,705647,508066,197581,1650,160645
5199,24971,56169,576158,414834,161324,1422,160645
5200,24571,56429,407405,293332,114073,1247,160645
5201,23935,56842,210889,151840,59049,1137,160645
5202,23107,57381,0,0,0,1100,160645
5203,22142,58008,0,0,0,1137,160645
5204,21107,58681,0,0,0,1247,160645
5205,20072,59353,0,0,0,1422,160645
5206,19107,59981,0,0,0,1650,160645
5207,18278,60519,0,0,0,1915,160645
5208,17560,60986,0,0,0,2200,184100
5209,17160,61246,0,0,0,2485,184100
5210,17024,61335,0,0,0,2750,184100
5211,17160,61246,0,0,0,2978,184100
5212,17560,60986,0,0,0,3153,184100
5213,18195,60573,0,0,0,3263,184100
5214,19024,60035,0,0,0,3300,184100
5215,19988,59407,209920,151142,58778,3263,184100
5216,21024,58735,405534,291985,113550,3153,184100
5217,22059,58062,573512,412929,160583,2978,184100
5218,23024,57435,702406,505732,196674,2750,184100
5219,23852,56896,783432,564071,219361,2485,184100
5220,24488,56483,811068,583969,227099,2200,184100
5221,24887,56223,783432,564071,219361,1915,184100
5222,25024,56135,702406,505732,196674,1650,184100
5223,24887,56223,573512,412929,160583,1422,184100
5224,24488,56483,405534,291985,113550,1247,184100
5225,23852,56896,209920,151142,58778,1137,184100
5226,23024,57435,0,0,0,1100,184100
5227,22059,58062,0,0,0,1137,184100
5228,21024,58735,0,0,0,1247,184100
5229,19988,59407,0,0,0,1422,184100
5230,19024,60035,0,0,0,1650,184100
5231,18195,60573,0,0,0,1915,184100
5232,17475,61041,0,0,0,2200,207555
5233,17075,61301,0,0,0,2485,207555
5234,16939,61390,0,0,0,2750,207555
5235,17075,61301,0,0,0,2978,207555
5236,17475,61041,0,0,0,3153,207555
5237,18111,60628,0,0,0,3263,207555
5238,18939,60090,0,0,0,3300,207555
5239,19904,59463,208934,150432,58502,3263,207555
5240,20939,58790,403629,290613,113016,3153,207555
5241,21974,58117,570818,410989,159829,2978,207555
5242,22939,57490,699107,503357,195750,2750,207555
5243,23768,56951,779752,561422,218331,2485,207555
5244,24403,56538,807259,581226,226032,2200,207555
5245,24803,56278,779752,561422,218331,1915,207555
5246,24939,56190,699107,503357,195750,1650,207555
5247,24803,56278,570818,410989,159829,1422,207555
5248,24403,56538,403629,290613,113016,1247,207555
5249,23768,56951,208934,150432,58502,1137,207555
5250,22939,57490,0,0,0,1100,207555
5251,21974,58117,0,0,0,1137,207555
5252,20939,58790,0,0,0,1247,207555
5253,19904,59463,0,0,0,1422,207555
5254,18939,60090,0,0,0,1650,207555
5255,18111,60628,0,0,0,1915,207555
5256,17389,61097,0,0,0,2200,213348
5257,16989,61357,0,0,0,2485,213348
5258,16853,61446,0,0,0,2750,213348
5259,16989,61357,0,0,0,2978,213348
5260,17389,61097,0,0,0,3153,213348
5261,18025,60684,0,0,0,3263,213348
5262,18853,60146,0,0,0,3300,213348
5263,19818,59518,207931,149710,58221,3263,213348
5264,20853,58846,401692,289218,112474,3153,213348
5265,21888,58173,568078,409016,159062,2978,213348
5266,22853,57546,695751,500940,194810,2750,213348
5267,23681,57007,776009,558726,217283,2485,213348
5268,24317,56594,803384,578436,224947,2200,213348
5269,24717,56334,776009,558726,217283,1915,213348
5270,24853,56246,695751,500940,194810,1650,213348
5271,24717,56334,568078,409016,159062,1422,213348
5272,24317,56594,401692,289218,112474,1247,213348
5273,23681,57007,207931,149710,58221,1137,213348
5274,22853,57546,0,0,0,1100,213348
5275,21888,58173,0,0,0,1137,213348
5276,20853,58846,0,0,0,1247,213348
5277,19818,59518,0,0,0,1422,213348
5278,18853,60146,0,0,0,1650,213348
5279,18025,60684,0,0,0,1915,213348
5280,17301,61154,0,0,0,2200,197117
5281,16902,61414,0,0,0,2485,197117
5282,16765,61502,0,0,0,2750,197117
5283,16902,61414,0,0,0,2978,197117
5284,17301,61154,0,0,0,3153,197117
5285,17937,60741,0,0,0,3263,197117
5286,18765,60202,0,0,0,3300,197117
5287,19730,59575,206911,148976,57935,3263,197117
5288,20765,58902,399722,287800,111922,3153,197117
5289,21801,58230,565292,407010,158282,2978,197117
5290,22765,57602,692338,498484,193855,2750,197117
5291,23594,57064,772203,555986,216217,2485,197117
5292,24230,56651,799444,575599,223844,2200,197117
5293,24629,56391,772203,555986,216217,1915,197117
5294,24765,56302,692338,498484,193855,1650,197117
5295,24629,56391,565292,407010,158282,1422,197117
5296,24230,56651,399722,287800,111922,1247,197117
5297,23594,57064,206911,148976,57935,1137,197117
5298,22765,57602,0,0,0,1100,197117
5299,21801,58230,0,0,0,1137,197117
5300,20765,58902,0,0,0,1247,197117
5301,19730,59575,0,0,0,1422,197117
5302,18765,60202,0,0,0,1650,197117
5303,17937,60741,0,0,0,1915,197117
5304,17212,61212,0,0,0,2200,171083
5305,16813,61472,0,0,0,2485,171083
5306,16676,61560,0,0,0,2750,171083
5307,16813,61472,0,0,0,2978,171083
5308,17212,61212,0,0,0,3153,171083
5309,17848,60799,0,0,0,3263,171083
5310,18676,60260,0,0,0,3300,171083
5311,19641,59633,205875,148230,57645,3263,171083
5312,20676,58960,397720,286358,111362,3153,171083
5313,21712,58287,562461,404972,157489,2978,171083
5314,22676,57660,688871,495987,192884,2750,171083
5315,23505,57122,768336,553202,215134,2485,171083
5316,24141,56709,795440,572717,222723,2200,171083
5317,24540,56449,768336,553202,215134,1915,171083
5318,24676,56360,688871,495987,192884,1650,171083
5319,24540,56449,562461,404972,157489,1422,171083
5320,24141,56709,397720,286358,111362,1247,171083
5321,23505,57122,205875,148230,57645,1137,171083
5322,22676,57660,0,0,0,1100,171083
5323,21712,58287,0,0,0,1137,171083
5324,20676,58960,0,0,0,1247,171083
5325,19641,59633,0,0,0,1422,171083
5326,18676,60260,0,0,0,1650,171083
5327,17848,60799,0,0,0,1915,171083
5328,17122,61271,0,0,0,2200,154852
5329,16722,61530,0,0,0,2485,154852
5330,16586,61619,0,0,0,2750,154852
5331,16722,61530,0,0,0,2978,154852
5332,17122,61271,0,0,0,3153,154852
5333,17758,60858,0,0,0,3263,154852
5334,18586,60319,0,0,0,3300,154852
5335,19551,59692,204823,147472,57350,3263,154852
5336,20586,59019,395687,284895,110792,3153,154852
5337,21621,58346,559586,402902,156684,2978,154852
5338,22586,57719,685350,493452,191898,2750,154852
5339,23415,57181,764409,550374,214034,2485,154852
5340,24050,56767,791374,569789,221585,2200,154852
5341,24450,56508,764409,550374,214034,1915,154852
5342,24586,56419,685350,493452,191898,1650,154852
5343,24450,56508,559586,402902,156684,1422,154852
5344,24050,56767,395687,284895,110792,1247,154852
5345,23415,57181,204823,147472,57350,1137,154852
5346,22586,57719,0,0,0,1100,154852
5347,21621,58346,0,0,0,1137,154852
5348,20586,59019,0,0,0,1247,154852
5349,19551,59692,0,0,0,1422,154852
5350,18586,60319,0,0,0,1650,154852
5351,17758,60858,0,0,0,1915,154852
5352,17030,61330,0,0,0,2200,160645
5353,16631,61590,0,0,0,2485,160645
5354,16494,61679,0,0,0,2750,160645
5355,16631,61590,0,0,0,2978,160645
5356,17030,61330,0,0,0,3153,160645
5357,17666,60917,0,0,0,3263,160645
5358,18494,60379,0,0,0,3300,160645
5359,19459,59752,203755,146703,57051,3263,160645
5360,20494,59079,393624,283409,110215,3153,160645
5361,21530,58406,556668,400801,155867,2978,160645
5362,22494,57779,681776,490879,190897,2750,160645
5363,23323,57240,760422,547504,212918,2485,160645
5364,23958,56827,787247,566818,220429,2200,160645
5365,24358,56567,760422,547504,212918,1915,160645
5366,24494,56479,681776,490879,190897,1650,160645
5367,24358,56567,556668,400801,155867,1422,160645
5368,23958,56827,393624,283409,110215,1247,160645
5369,23323,57240,203755,146703,57051,1137,160645
5370,22494,57779,0,0,0,1100,160645
5371,21530,58406,0,0,0,1137,160645
5372,20494,59079,0,0,0,1247,160645
5373,19459,59752,0,0,0,1422,160645
5374,18494,60379,0,0,0,1650,160645
5375,17666,60917,0,0,0,1915,160645
5376,16937,61391,0,0,0,2200,184100
5377,16538,61651,0,0,0,2485,184100
5378,16401,61739,0,0,0,2750,184100
5379,16538,61651,0,0,0,2978,184100
5380,16937,61391,0,0,0,3153,184100
5381,17573,60978,0,0,0,3263,184100
5382,18401,60439,0,0,0,3300,184100
5383,19366,59812,202671,145923,56748,3263,184100
5384,20401,59139,391530,281902,109628,3153,184100
5385,21437,58466,553707,398669,155038,2978,184100
5386,22401,57839,678150,488268,189882,2750,184100
5387,23230,57301,756378,544592,211786,2485,184100
5388,23865,56887,783060,563803,219257,2200,184100
5389,24265,56628,756378,544592,211786,1915,184100
5390,24401,56539,678150,488268,189882,1650,184100
5391,24265,56628,553707,398669,155038,1422,184100
5392,23865,56887,391530,281902,109628,1247,184100
5393,23230,57301,202671,145923,56748,1137,184100
5394,22401,57839,0,0,0,1100,184100
5395,21437,58466,0,0,0,1137,184100
5396,20401,59139,0,0,0,1247,184100
5397,19366,59812,0,0,0,1422,184100
5398,18401,60439,0,0,0,1650,184100
5399,17573,60978,0,0,0,1915,184100
5400,16843,61452,0,0,0,2200,207555
5401,16443,61712,0,0,0,2485,207555
5402,16307,61800,0,0,0,2750,207555
5403,16443,61712,0,0,0,2978,207555
5404,16843,61452,0,0,0,3153,207555
5405,17479,61039,0,0,0,3263,207555
5406,18307,60500,0,0,0,3300,207555
5407,19272,59873,201572,145132,56440,3263,207555
5408,20307,59200,389407,280373,109034,3153,207555
5409,21342,58528,550705,396508,154197,2978,207555
5410,22307,57900,674473,485621,188853,2750,207555
5411,23135,57362,752277,541640,210638,2485,207555
5412,23771,56949,778815,560747,218068,2200,207555
5413,24171,56689,752277,541640,210638,1915,207555
5414,24307,56600,674473,485621,188853,1650,207555
5415,24171,56689,550705,396508,154197,1422,207555
5416,23771,56949,389407,280373,109034,1247,207555
5417,23135,57362,201572,145132,56440,1137,207555
5418,22307,57900,0,0,0,1100,207555
5419,21342,58528,0,0,0,1137,207555
5420,20307,59200,0,0,0,1247,207555
5421,19272,59873,0,0,0,1422,207555
5422,18307,60500,0,0,0,1650,207555
5423,17479,61039,0,0,0,1915,207555
5424,16747,61514,0,0,0,2200,213348
5425,16348,61774,0,0,0,2485,213348
5426,16211,61863,0,0,0,2750,213348
5427,16348,61774,0,0,0,2978,213348
5428,16747,61514,0,0,0,3153,213348
5429,17383,61101,0,0,0,3263,213348
5430,18211,60563,0,0,0,3300,213348
5431,19176,59936,200458,144330,56128,3263,213348
5432,20211,59263,387256,278824,108432,3153,213348
5433,21247,58590,547662,394317,153345,2978,213348
5434,22211,57963,670747,482938,187809,2750,213348
5435,23040,57424,748121,538647,209474,2485,213348
5436,23675,57011,774512,557648,216863,2200,213348
5437,24075,56751,748121,538647,209474,1915,213348
5438,24211,56663,670747,482938,187809,1650,213348
5439,24075,56751,547662,394317,153345,1422,213348
5440,23675,57011,387256,278824,108432,1247,213348
5441,23040,57424,200458,144330,56128,1137,213348
5442,22211,57963,0,0,0,1100,213348
5443,21247,58590,0,0,0,1137,213348
5444,20211,59263,0,0,0,1247,213348
5445,19176,59936,0,0,0,1422,213348
5446,18211,60563,0,0,0,1650,213348
5447,17383,61101,0,0,0,1915,213348
5448,16650,61577,0,0,0,2200,197117
5449,16251,61837,0,0,0,2485,197117
5450,16114,61926,0,0,0,2750,197117
5451,16251,61837,0,0,0,2978,197117
5452,16650,61577,0,0,0,3153,197117
5453,17286,61164,0,0,0,3263,197117
5454,18114,60626,0,0,0,3300,197117
5455,19079,59999,199330,143518,55812,3263,197117
5456,20114,59326,385076,277255,107821,3153,197117
5457,21150,58653,544580,392098,152482,2978,197117
5458,22114,58026,666972,480219,186752,2750,197117
5459,22943,57487,743910,535615,208295,2485,197117
5460,23579,57074,770152,554510,215643,2200,197117
5461,23978,56814,743910,535615,208295,1915,197117
5462,24114,56726,666972,480219,186752,1650,197117
5463,23978,56814,544580,392098,152482,1422,197117
5464,23579,57074,385076,277255,107821,1247,197117
5465,22943,57487,199330,143518,55812,1137,197117
5466,22114,58026,0,0,0,1100,197117
5467,21150,58653,0,0,0,1137,197117
5468,20114,59326,0,0,0,1247,197117
5469,19079,59999,0,0,0,1422,197117
5470,18114,60626,0,0,0,1650,197117
5471,17286,61164,0,0,0,1915,197117
5472,16552,61641,0,0,0,2200,171083
5473,16153,61901,0,0,0,2485,171083
5474,16016,61989,0,0,0,2750,171083
5475,16153,61901,0,0,0,2978,171083
5476,16552,61641,0,0,0,3153,171083
5477,17188,61228,0,0,0,3263,171083
5478,18016,60689,0,0,0,3300,171083
5479,18981,60062,198188,142695,55493,3263,171083
5480,20016,59389,382869,275666,107203,3153,171083
5481,21052,58716,541459,389850,151608,2978,171083
5482,22016,58089,663149,477467,185682,2750,171083
5483,22845,57551,739646,532545,207101,2485,171083
5484,23481,57138,765738,551332,214407,2200,171083
5485,23880,56878,739646,532545,207101,1915,171083
5486,24016,56789,663149,477467,185682,1650,171083
5487,23880,56878,541459,389850,151608,1422,171083
5488,23481,57138,382869,275666,107203,1247,171083
5489,22845,57551,198188,142695,55493,1137,171083
5490,22016,58089,0,0,0,1100,171083
5491,21052,58716,0,0,0,1137,171083
5492,20016,59389,0,0,0,1247,171083
5493,18981,60062,0,0,0,1422,171083
5494,18016,60689,0,0,0,1650,171083
5495,17188,61228,0,0,0,1915,171083
5496,16453,61706,0,0,0,2200,154852
5497,16053,61965,0,0,0,2485,154852
5498,15917,62054,0,0,0,2750,154852
5499,16053,61965,0,0,0,2978,154852
5500,16453,61706,0,0,0,3153,154852
5501,17089,61292,0,0,0,3263,154852
5502,17917,60754,0,0,0,3300,154852
5503,18882,60127,197031,141863,55169,3263,154852
5504,19917,59454,380635,274057,106578,3153,154852
5505,20952,58781,538300,387576,150724,2978,154852
5506,21917,58154,659280,474681,184598,2750,154852
5507,22746,57615,735331,529438,205893,2485,154852
5508,23381,57202,761271,548115,213156,2200,154852
5509,23781,56942,735331,529438,205893,1915,154852
5510,23917,56854,659280,474681,184598,1650,154852
5511,23781,56942,538300,387576,150724,1422,154852
5512,23381,57202,380635,274057,106578,1247,154852
5513,22746,57615,197031,141863,55169,1137,154852
5514,21917,58154,0,0,0,1100,154852
5515,20952,58781,0,0,0,1137,154852
5516,19917,59454,0,0,0,1247,154852
5517,18882,60127,0,0,0,1422,154852
5518,17917,60754,0,0,0,1650,154852
5519,17089,61292,0,0,0,1915,154852
5520,16353,61771,0,0,0,2200,160645
5521,15953,62031,0,0,0,2485,160645
5522,15817,62119,0,0,0,2750,160645
5523,15953,62031,0,0,0,2978,160645
5524,16353,61771,0,0,0,3153,160645
5525,16988,61358,0,0,0,3263,160645
5526,17817,60819,0,0,0,3300,160645
5527,18781,60192,195862,141020,54841,3263,160645
5528,19817,59519,378375,272430,105945,3153,160645
5529,20852,58846,535104,385275,149829,2978,160645
5530,21817,58219,655365,471863,183502,2750,160645
5531,22645,57681,730965,526295,204670,2485,160645
5532,23281,57267,756751,544861,211890,2200,160645
5533,23680,57008,730965,526295,204670,1915,160645
5534,23817,56919,655365,471863,183502,1650,160645
5535,23680,57008,535104,385275,149829,1422,160645
5536,23281,57267,378375,272430,105945,1247,160645
5537,22645,57681,195862,141020,54841,1137,160645
5538,21817,58219,0,0,0,1100,160645
5539,20852,58846,0,0,0,1137,160645
5540,19817,59519,0,0,0,1247,160645
5541,18781,60192,0,0,0,1422,160645
5542,17817,60819,0,0,0,1650,160645
5543,16988,61358,0,0,0,1915,160645
5544,16251,61837,0,0,0,2200,184100
5545,15851,62097,0,0,0,2485,184100
5546,15715,62185,0,0,0,2750,184100
5547,15851,62097,0,0,0,2978,184100
5548,16251,61837,0,0,0,3153,184100
5549,16887,61424,0,0,0,3263,184100
5550,17715,60885,0,0,0,3300,184100
5551,18680,60258,194679,140169,54510,3263,184100
5552,19715,59585,376090,270785,105305,3153,184100
5553,20750,58912,531872,382948,148924,2978,184100
5554,21715,58285,651407,469013,182394,2750,184100
5555,22544,57747,726550,523116,203434,2485,184100
5556,23179,57334,752180,541570,210610,2200,184100
5557,23579,57074,726550,523116,203434,1915,184100
5558,23715,56985,651407,469013,182394,1650,184100
5559,23579,57074,531872,382948,148924,1422,184100
5560,23179,57334,376090,270785,105305,1247,184100
5561,22544,57747,194679,140169,54510,1137,184100
5562,21715,58285,0,0,0,1100,184100
5563,20750,58912,0,0,0,1137,184100
5564,19715,59585,0,0,0,1247,184100
5565,18680,60258,0,0,0,1422,184100
5566,17715,60885,0,0,0,1650,184100
5567,16887,61424,0,0,0,1915,184100
5568,16148,61904,0,0,0,2200,207555
5569,15749,62163,0,0,0,2485,207555
5570,15612,62252,0,0,0,2750,207555
5571,15749,62163,0,0,0,2978,207555
5572,16148,61904,0,0,0,3153,207555
5573,16784,61490,0,0,0,3263,207555
5574,17612,60952,0,0,0,3300,207555
5575,18577,60325,193483,139308,54175,3263,207555
5576,19612,59652,373780,269121,104658,3153,207555
5577,20648,58979,528605,380595,148009,2978,207555
5578,21612,58352,647406,466132,181274,2750,207555
5579,22441,57813,722087,519903,202184,2485,207555
5580,23077,57400,747560,538243,209317,2200,207555
5581,23476,57141,722087,519903,202184,1915,207555
5582,23612,57052,647406,466132,181274,1650,207555
5583,23476,57141,528605,380595,148009,1422,207555
5584,23077,57400,373780,269121,104658,1247,207555
5585,22441,57813,193483,139308,54175,1137,207555
5586,21612,58352,0,0,0,1100,207555
5587,20648,58979,0,0,0,1137,207555
5588,19612,59652,0,0,0,1247,207555
5589,18577,60325,0,0,0,1422,207555
5590,17612,60952,0,0,0,1650,207555
5591,16784,61490,0,0,0,1915,207555
5592,16045,61971,0,0,0,2200,213348
5593,15645,62231,0,0,0,2485,213348
5594,15509,62319,0,0,0,2750,213348
5595,15645,62231,0,0,0,2978,213348
5596,16045,61971,0,0,0,3153,213348
5597,16680,61558,0,0,0,3263,213348
5598,17509,61019,0,0,0,3300,213348
5599,18473,60392,192274,138438,53837,3263,213348
5600,19509,59719,371446,267441,104005,3153,213348
5601,20544,59046,525303,378218,147085,2978,213348
5602,21509,58419,643363,463221,180142,2750,213348
5603,22337,57881,717578,516656,200922,2485,213348
5604,22973,57468,742891,534882,208010,2200,213348
5605,23372,57208,717578,516656,200922,1915,213348
5606,23509,57119,643363,463221,180142,1650,213348
5607,23372,57208,525303,378218,147085,1422,213348
5608,22973,57468,371446,267441,104005,1247,213348
5609,22337,57881,192274,138438,53837,1137,213348
5610,21509,58419,0,0,0,1100,213348
5611,20544,59046,0,0,0,1137,213348
5612,19509,59719,0,0,0,1247,213348
5613,18473,60392,0,0,0,1422,213348
5614,17509,61019,0,0,0,1650,213348
5615,16680,61558,0,0,0,1915,213348
5616,15940,62039,0,0,0,2200,197117
5617,15540,62299,0,0,0,2485,197117
5618,15404,62387,0,0,0,2750,197117
5619,15540,62299,0,0,0,2978,197117
5620,15940,62039,0,0,0,3153,197117
5621,16575,61626,0,0,0,3263,197117
5622,17404,61087,0,0,0,3300,197117
5623,18369,60460,191054,137559,53495,3263,197117
5624,19404,59787,369088,265743,103345,3153,197117
5625,20439,59115,521969,375818,146151,2978,197117
5626,21404,58487,639279,460281,178998,2750,197117
5627,22232,57949,713023,513377,199646,2485,197117
5628,22868,57536,738176,531487,206689,2200,197117
5629,23268,57276,713023,513377,199646,1915,197117
5630,23404,57187,639279,460281,178998,1650,197117
5631,23268,57276,521969,375818,146151,1422,197117
5632,22868,57536,369088,265743,103345,1247,197117
5633,22232,57949,191054,137559,53495,1137,197117
5634,21404,58487,0,0,0,1100,197117
5635,20439,59115,0,0,0,1137,197117
5636,19404,59787,0,0,0,1247,197117
5637,18369,60460,0,0,0,1422,197117
5638,17404,61087,0,0,0,1650,197117
5639,16575,61626,0,0,0,1915,197117
5640,15834,62108,0,0,0,2200,171083
5641,15434,62368,0,0,0,2485,171083
5642,15298,62456,0,0,0,2750,171083
5643,15434,62368,0,0,0,2978,171083
5644,15834,62108,0,0,0,3153,171083
5645,16470,61695,0,0,0,3263,171083
5646,17298,61156,0,0,0,3300,171083
5647,18263,60529,189822,136672,53150,3263,171083
5648,19298,59856,366708,264029,102678,3153,171083
5649,20333,59183,518603,373394,145209,2978,171083
5650,21298,58556,635156,457312,177844,2750,171083
5651,22127,58018,708425,510066,198359,2485,171083
5652,22762,57605,733415,528059,205356,2200,171083
5653,23162,57345,708425,510066,198359,1915,171083
5654,23298,57256,635156,457312,177844,1650,171083
5655,23162,57345,518603,373394,145209,1422,171083
5656,22762,57605,366708,264029,102678,1247,171083
5657,22127,58018,189822,136672,53150,1137,171083
5658,21298,58556,0,0,0,1100,171083
5659,20333,59183,0,0,0,1137,171083
5660,19298,59856,0,0,0,1247,171083
5661,18263,60529,0,0,0,1422,171083
5662,17298,61156,0,0,0,1650,171083
5663,16470,61695,0,0,0,1915,171083
5664,15727,62177,0,0,0,2200,154852
5665,15328,62437,0,0,0,2485,154852
5666,15191,62526,0,0,0,2750,154852
5667,15328,62437,0,0,0,2978,154852
5668,15727,62177,0,0,0,3153,154852
5669,16363,61764,0,0,0,3263,154852
5670,17191,61226,0,0,0,3300,154852
5671,18156,60599,188578,135776,52802,3263,154852
5672,19191,59926,364305,262300,102005,3153,154852
5673,20227,59253,515206,370948,144258,2978,154852
5674,21191,58626,630995,454317,176679,2750,154852
5675,22020,58087,703784,506724,197059,2485,154852
5676,22655,57674,728611,524600,204011,2200,154852
5677,23055,57414,703784,506724,197059,1915,154852
5678,23191,57326,630995,454317,176679,1650,154852
5679,23055,57414,515206,370948,144258,1422,154852
5680,22655,57674,364305,262300,102005,1247,154852
5681,22020,58087,188578,135776,52802,1137,154852
5682,21191,58626,0,0,0,1100,154852
5683,20227,59253,0,0,0,1137,154852
5684,19191,59926,0,0,0,1247,154852
5685,18156,60599,0,0,0,1422,154852
5686,17191,61226,0,0,0,1650,154852
5687,16363,61764,0,0,0,1915,154852
5688,15620,62247,0,0,0,2200,160645
5689,15220,62507,0,0,0,2485,160645
5690,15084,62596,0,0,0,2750,160645
5691,15220,62507,0,0,0,2978,160645
5692,15620,62247,0,0,0,3153,160645
5693,16255,61834,0,0,0,3263,160645
5694,17084,61296,0,0,0,3300,160645
5695,18048,60669,187324,134873,52451,3263,160645
5696,19084,59996,361882,260555,101327,3153,160645
5697,20119,59323,511778,368480,143298,2978,160645
5698,21084,58696,626798,451294,175503,2750,160645
5699,21912,58157,699102,503353,195748,2485,160645
5700,22548,57744,723763,521110,202654,2200,160645
5701,22947,57484,699102,503353,195748,1915,160645
5702,23084,57396,626798,451294,175503,1650,160645
5703,22947,57484,511778,368480,143298,1422,160645
5704,22548,57744,361882,260555,101327,1247,160645
5705,21912,58157,187324,134873,52451,1137,160645
5706,21084,58696,0,0,0,1100,160645
5707,20119,59323,0,0,0,1137,160645
5708,19084,59996,0,0,0,1247,160645
5709,18048,60669,0,0,0,1422,160645
5710,17084,61296,0,0,0,1650,160645
5711,16255,61834,0,0,0,1915,160645
5712,15511,62318,0,0,0,2200,184100
5713,15111,62578,0,0,0,2485,184100
5714,14975,62666,0,0,0,2750,184100
5715,15111,62578,0,0,0,2978,184100
5716,15511,62318,0,0,0,3153,184100
5717,16147,61905,0,0,0,3263,184100
5718,16975,61366,0,0,0,3300,184100
5719,17940,60739,186059,133962,52096,3263,184100
5720,18975,60066,359438,258795,100643,3153,184100
5721,20010,59393,508321,365991,142330,2978,184100
5722,20975,58766,622564,448246,174318,2750,184100
5723,21803,58228,694380,499954,194426,2485,184100
5724,22439,57815,718875,517590,201285,2200,184100
5725,22839,57555,694380,499954,194426,1915,184100
5726,22975,57466,622564,448246,174318,1650,184100
5727,22839,57555,508321,365991,142330,1422,184100
5728,22439,57815,359438,258795,100643,1247,184100
5729,21803,58228,186059,133962,52096,1137,184100
5730,20975,58766,0,0,0,1100,184100
5731,20010,59393,0,0,0,1137,184100
5732,18975,60066,0,0,0,1247,184100
5733,17940,60739,0,0,0,1422,184100
5734,16975,61366,0,0,0,1650,184100
5735,16147,61905,0,0,0,1915,184100
5736,15401,62389,0,0,0,2200,207555
5737,15002,62649,0,0,0,2485,207555
5738,14865,62737,0,0,0,2750,207555
5739,15002,62649,0,0,0,2978,207555
5740,15401,62389,0,0,0,3153,207555
5741,16037,61976,0,0,0,3263,207555
5742,16865,61437,0,0,0,3300,207555
5743,17830,60810,184783,133044,51739,3263,207555
5744,18865,60137,356974,257021,99953,3153,207555
5745,19901,59465,504837,363483,141354,2978,207555
5746,20865,58837,618296,445173,173123,2750,207555
5747,21694,58299,689620,496526,193094,2485,207555
5748,22330,57886,713947,514042,199905,2200,207555
5749,22729,57626,689620,496526,193094,1915,207555
5750,22865,57537,618296,445173,173123,1650,207555
5751,22729,57626,504837,363483,141354,1422,207555
5752,22330,57886,356974,257021,99953,1247,207555
5753,21694,58299,184783,133044,51739,1137,207555
5754,20865,58837,0,0,0,1100,207555
5755,19901,59465,0,0,0,1137,207555
5756,18865,60137,0,0,0,1247,207555
5757,17830,60810,0,0,0,1422,207555
5758,16865,61437,0,0,0,1650,207555
5759,16037,61976,0,0,0,1915,207555
5760,15291,62461,0,0,0,2200,213348
5761,14891,62721,0,0,0,2485,213348
5762,14755,62809,0,0,0,2750,213348
5763,14891,62721,0,0,0,2978,213348
5764,15291,62461,0,0,0,3153,213348
5765,15927,62048,0,0,0,3263,213348
5766,16755,61509,0,0,0,3300,213348
5767,17720,60882,183498,132118,51379,3263,213348
5768,18755,60209,354490,255233,99257,3153,213348
5769,19790,59536,501325,360954,140371,2978,213348
5770,20755,58909,613996,442077,171919,2750,213348
5771,21584,58371,684823,493073,191750,2485,213348
5772,22219,57957,708981,510466,198515,2200,213348
5773,22619,57698,684823,493073,191750,1915,213348
5774,22755,57609,613996,442077,171919,1650,213348
5775,22619,57698,501325,360954,140371,1422,213348
5776,22219,57957,354490,255233,99257,1247,213348
5777,21584,58371,183498,132118,51379,1137,213348
5778,20755,58909,0,0,0,1100,213348
5779,19790,59536,0,0,0,1137,213348
5780,18755,60209,0,0,0,1247,213348
5781,17720,60882,0,0,0,1422,213348
5782,16755,61509,0,0,0,1650,213348
5783,15927,62048,0,0,0,1915,213348
5784,15180,62533,0,0,0,2200,197117
5785,14780,62793,0,0,0,2485,197117
5786,14644,62881,0,0,0,2750,197117
5787,14780,62793,0,0,0,2978,197117
5788,15180,62533,0,0,0,3153,197117
5789,15816,62120,0,0,0,3263,197117
5790,16644,61581,0,0,0,3300,197117
5791,17609,60954,182203,131186,51017,3263,197117
5792,18644,60281,351989,253432,98557,3153,197117
5793,19679,59608,497788,358407,139381,2978,197117
5794,20644,58981,609663,438957,170706,2750,197117
5795,21472,58443,679991,489593,190397,2485,197117
5796,22108,58030,703978,506864,197114,2200,197117
5797,22508,57770,679991,489593,190397,1915,197117
5798,22644,57681,609663,438957,170706,1650,197117
5799,22508,57770,497788,358407,139381,1422,197117
5800,22108,58030,351989,253432,98557,1247,197117
5801,21472,58443,182203,131186,51017,1137,197117
5802,20644,58981,0,0,0,1100,197117
5803,19679,59608,0,0,0,1137,197117
5804,18644,60281,0,0,0,1247,197117
5805,17609,60954,0,0,0,1422,197117
5806,16644,61581,0,0,0,1650,197117
5807,15816,62120,0,0,0,1915,197117
5808,15068,62606,0,0,0,2200,171083
5809,14668,62866,0,0,0,2485,171083
5810,14532,62954,0,0,0,2750,171083
5811,14668,62866,0,0,0,2978,171083
5812,15068,62606,0,0,0,3153,171083
5813,15704,62193,0,0,0,3263,171083
5814,16532,61654,0,0,0,3300,171083
5815,17497,61027,180899,130247,50652,3263,171083
5816,18532,60354,349470,251618,97852,3153,171083
5817,19567,59681,494225,355842,138383,2978,171083
5818,20532,59054,605300,435816,169484,2750,171083
5819,21360,58516,675124,486089,189035,2485,171083
5820,21996,58103,698940,503237,195703,2200,171083
5821,22396,57843,675124,486089,189035,1915,171083
5822,22532,57754,605300,435816,169484,1650,171083
5823,22396,57843,494225,355842,138383,1422,171083
5824,21996,58103,349470,251618,97852,1247,171083
5825,21360,58516,180899,130247,50652,1137,171083
5826,20532,59054,0,0,0,1100,171083
5827,19567,59681,0,0,0,1137,171083
5828,18532,60354,0,0,0,1247,171083
5829,17497,61027,0,0,0,1422,171083
5830,16532,61654,0,0,0,1650,171083
5831,15704,62193,0,0,0,1915,171083
5832,14955,62679,0,0,0,2200,154852
5833,14556,62939,0,0,0,2485,154852
5834,14419,63027,0,0,0,2750,154852
5835,14556,62939,0,0,0,2978,154852
5836,14955,62679,0,0,0,3153,154852
5837,15591,62266,0,0,0,3263,154852
5838,16419,61727,0,0,0,3300,154852
5839,17384,61100,179586,129302,50284,3263,154852
5840,18419,60427,346934,249792,97142,3153,154852
5841,19455,59755,490639,353260,137379,2978,154852
5842,20419,59127,600907,432653,168254,2750,154852
5843,21248,58589,670225,482562,187663,2485,154852
5844,21883,58176,693868,499585,194283,2200,154852
5845,22283,57916,670225,482562,187663,1915,154852
5846,22419,57827,600907,432653,168254,1650,154852
5847,22283,57916,490639,353260,137379,1422,154852
5848,21883,58176,346934,249792,97142,1247,154852
5849,21248,58589,179586,129302,50284,1137,154852
5850,20419,59127,0,0,0,1100,154852
5851,19455,59755,0,0,0,1137,154852
5852,18419,60427,0,0,0,1247,154852
5853,17384,61100,0,0,0,1422,154852
5854,16419,61727,0,0,0,1650,154852
5855,15591,62266,0,0,0,1915,154852
5856,14842,62753,0,0,0,2200,160645
5857,14442,63013,0,0,0,2485,160645
5858,14306,63101,0,0,0,2750,160645
5859,14442,63013,0,0,0,2978,160645
5860,14842,62753,0,0,0,3153,160645
5861,15477,62340,0,0,0,3263,160645
5862,16306,61801,0,0,0,3300,160645
5863,17271,61174,178265,128351,49914,3263,160645
5864,18306,60501,344382,247955,96427,3153,160645
5865,19341,59828,487029,350661,136368,2978,160645
5866,20306,59201,596487,429471,167016,2750,160645
5867,21134,58663,665295,479012,186282,2485,160645
5868,21770,58250,688764,495910,192854,2200,160645
5869,22170,57990,665295,479012,186282,1915,160645
5870,22306,57901,596487,429471,167016,1650,160645
5871,22170,57990,487029,350661,136368,1422,160645
5872,21770,58250,344382,247955,96427,1247,160645
5873,21134,58663,178265,128351,49914,1137,160645
5874,20306,59201,0,0,0,1100,160645
5875,19341,59828,0,0,0,1137,160645
5876,18306,60501,0,0,0,1247,160645
5877,17271,61174,0,0,0,1422,160645
5878,16306,61801,0,0,0,1650,160645
5879,15477,62340,0,0,0,1915,160645
5880,14728,62827,0,0,0,2200,184100
5881,14328,63087,0,0,0,2485,184100
5882,14192,63175,0,0,0,2750,184100
5883,14328,63087,0,0,0,2978,184100
5884,14728,62827,0,0,0,3153,184100
5885,15363,62414,0,0,0,3263,184100
5886,16192,61875,0,0,0,3300,184100
5887,17156,61248,176936,127394,49542,3263,184100
5888,18192,60575,341814,246106,95708,3153,184100
5889,19227,59902,483399,348047,135352,2978,184100
5890,20192,59275,592040,426269,165771,2750,184100
5891,21020,58737,660335,475441,184894,2485,184100
5892,21656,58324,683629,492213,191416,2200,184100
5893,22055,58064,660335,475441,184894,1915,184100
5894,22192,57975,592040,426269,165771,1650,184100
5895,22055,58064,483399,348047,135352,1422,184100
5896,21656,58324,341814,246106,95708,1247,184100
5897,21020,58737,176936,127394,49542,1137,184100
5898,20192,59275,0,0,0,1100,184100
5899,19227,59902,0,0,0,1137,184100
5900,18192,60575,0,0,0,1247,184100
5901,17156,61248,0,0,0,1422,184100
5902,16192,61875,0,0,0,1650,184100
5903,15363,62414,0,0,0,1915,184100
5904,14613,62902,0,0,0,2200,207555
5905,14213,63161,0,0,0,2485,207555
5906,14077,63250,0,0,0,2750,207555
5907,14213,63161,0,0,0,2978,207555
5908,14613,62902,0,0,0,3153,207555
5909,15249,62488,0,0,0,3263,207555
5910,16077,61950,0,0,0,3300,207555
5911,17042,61323,175600,126432,49168,3263,207555
5912,18077,60650,339232,244247,94985,3153,207555
5913,19112,59977,479747,345418,134329,2978,207555
5914,20077,59350,587568,423049,164519,2750,207555
5915,20905,58811,655346,471849,183497,2485,207555
5916,21541,58398,678465,488494,189970,2200,207555
5917,21941,58139,655346,471849,183497,1915,207555
5918,22077,58050,587568,423049,164519,1650,207555
5919,21941,58139,479747,345418,134329,1422,207555
5920,21541,58398,339232,244247,94985,1247,207555
5921,20905,58811,175600,126432,49168,1137,207555
5922,20077,59350,0,0,0,1100,207555
5923,19112,59977,0,0,0,1137,207555
5924,18077,60650,0,0,0,1247,207555
5925,17042,61323,0,0,0,1422,207555
5926,16077,61950,0,0,0,1650,207555
5927,15249,62488,0,0,0,1915,207555
5928,14498,62977,0,0,0,2200,213348
5929,14098,63236,0,0,0,2485,213348
5930,13962,63325,0,0,0,2750,213348
5931,14098,63236,0,0,0,2978,213348
5932,14498,62977,0,0,0,3153,213348
5933,15133,62563,0,0,0,3263,213348
5934,15962,62025,0,0,0,3300,213348
5935,16926,61398,174256,125464,48792,3263,213348
5936,17962,60725,336636,242378,94258,3153,213348
5937,18997,60052,476076,342774,133301,2978,213348
5938,19962,59425,583071,419811,163260,2750,213348
5939,20790,58886,650331,468239,182093,2485,213348
5940,21426,58473,673273,484756,188516,2200,213348
5941,21825,58214,650331,468239,182093,1915,213348
5942,21962,58125,583071,419811,163260,1650,213348
5943,21825,58214,476076,342774,133301,1422,213348
5944,21426,58473,336636,242378,94258,1247,213348
5945,20790,58886,174256,125464,48792,1137,213348
5946,19962,59425,0,0,0,1100,213348
5947,18997,60052,0,0,0,1137,213348
5948,17962,60725,0,0,0,1247,213348
5949,16926,61398,0,0,0,1422,213348
5950,15962,62025,0,0,0,1650,213348
5951,15133,62563,0,0,0,1915,213348
5952,14382,63052,0,0,0,2200,197117
5953,13982,63312,0,0,0,2485,197117
5954,13846,63400,0,0,0,2750,197117
5955,13982,63312,0,0,0,2978,197117
5956,14382,63052,0,0,0,3153,197117
5957,15017,62639,0,0,0,3263,197117
5958,15846,62100,0,0,0,3300,197117
5959,16810,61473,172905,124492,48413,3263,197117
5960,17846,60800,334027,240500,93528,3153,197117
5961,18881,60127,472386,340118,132268,2978,197117
5962,19846,59500,578552,416558,161995,2750,197117
5963,20674,58962,645291,464610,180682,2485,197117
5964,21310,58549,668055,480999,187055,2200,197117
5965,21709,58289,645291,464610,180682,1915,197117
5966,21846,58200,578552,416558,161995,1650,197117
5967,21709,58289,472386,340118,132268,1422,197117
5968,21310,58549,334027,240500,93528,1247,197117
5969,20674,58962,172905,124492,48413,1137,197117
5970,19846,59500,0,0,0,1100,197117
5971,18881,60127,0,0,0,1137,197117
5972,17846,60800,0,0,0,1247,197117
5973,16810,61473,0,0,0,1422,197117
5974,15846,62100,0,0,0,1650,197117
5975,15017,62639,0,0,0,1915,197117
5976,14265,63128,0,0,0,2200,171083
5977,13865,63387,0,0,0,2485,171083
5978,13729,63476,0,0,0,2750,171083
5979,13865,63387,0,0,0,2978,171083
5980,14265,63128,0,0,0,3153,171083
5981,14901,62715,0,0,0,3263,171083
5982,15729,62176,0,0,0,3300,171083
5983,16694,61549,171548,123515,48034,3263,171083
5984,17729,60876,331406,238612,92794,3153,171083
5985,18764,60203,468679,337449,131230,2978,171083
5986,19729,59576,574012,413289,160723,2750,171083
5987,20558,59038,640227,460964,179264,2485,171083
5988,21193,58624,662812,477225,185587,2200,171083
5989,21593,58365,640227,460964,179264,1915,171083
5990,21729,58276,574012,413289,160723,1650,171083
5991,21593,58365,468679,337449,131230,1422,171083
5992,21193,58624,331406,238612,92794,1247,171083
5993,20558,59038,171548,123515,48034,1137,171083
5994,19729,59576,0,0,0,1100,171083
5995,18764,60203,0,0,0,1137,171083
5996,17729,60876,0,0,0,1247,171083
5997,16694,61549,0,0,0,1422,171083
5998,15729,62176,0,0,0,1650,171083
5999,14901,62715,0,0,0,1915,171083
6000,14148,63204,0,0,0,2200,154852
6001,13748,63464,0,0,0,2485,154852
6002,13612,63552,0,0,0,2750,154852
6003,13748,63464,0,0,0,2978,154852
6004,14148,63204,0,0,0,3153,154852
6005,14784,62791,0,0,0,3263,154852
6006,15612,62252,0,0,0,3300,154852
6007,16577,61625,170186,122534,47652,3263,154852
6008,17612,60952,328773,236717,92056,3153,154852
6009,18647,60279,464955,334768,130188,2978,154852
6010,19612,59652,569452,410005,159447,2750,154852
6011,20441,59114,635141,457301,177839,2485,154852
6012,21076,58700,657546,473433,184113,2200,154852
6013,21476,58441,635141,457301,177839,1915,154852
6014,21612,58352,569452,410005,159447,1650,154852
6015,21476,58441,464955,334768,130188,1422,154852
6016,21076,58700,328773,236717,92056,1247,154852
6017,20441,59114,170186,122534,47652,1137,154852
6018,19612,59652,0,0,0,1100,154852
6019,18647,60279,0,0,0,1137,154852
6020,17612,60952,0,0,0,1247,154852
6021,16577,61625,0,0,0,1422,154852
6022,15612,62252,0,0,0,1650,154852
6023,14784,62791,0,0,0,1915,154852
6024,14031,63280,0,0,0,2200,160645
6025,13631,63540,0,0,0,2485,160645
6026,13495,63628,0,0,0,2750,160645
6027,13631,63540,0,0,0,2978,160645
6028,14031,63280,0,0,0,3153,160645
6029,14666,62867,0,0,0,3263,160645
6030,15495,62328,0,0,0,3300,160645
6031,16459,61701,168817,121548,47269,3263,160645
6032,17495,61028,326130,234813,91316,3153,160645
6033,18530,60356,461217,332076,129141,2978,160645
6034,19495,59728,564873,406709,158164,2750,160645
6035,20323,59190,630034,453624,176409,2485,160645
6036,20959,58777,652259,469627,182633,2200,160645
6037,21358,58517,630034,453624,176409,1915,160645
6038,21495,58428,564873,406709,158164,1650,160645
6039,21358,58517,461217,332076,129141,1422,160645
6040,20959,58777,326130,234813,91316,1247,160645
6041,20323,59190,168817,121548,47269,1137,160645
6042,19495,59728,0,0,0,1100,160645
6043,18530,60356,0,0,0,1137,160645
6044,17495,61028,0,0,0,1247,160645
6045,16459,61701,0,0,0,1422,160645
6046,15495,62328,0,0,0,1650,160645
6047,14666,62867,0,0,0,1915,160645
6048,13913,63357,0,0,0,2200,184100
6049,13513,63617,0,0,0,2485,184100
6050,13377,63705,0,0,0,2750,184100
6051,13513,63617,0,0,0,2978,184100
6052,13913,63357,0,0,0,3153,184100
6053,14548,62944,0,0,0,3263,184100
6054,15377,62405,0,0,0,3300,184100
6055,16341,61778,167443,120559,46884,3263,184100
6056,17377,61105,323476,232903,90573,3153,184100
6057,18412,60432,457464,329374,128090,2978,184100
6058,19377,59805,560277,403399,156878,2750,184100
6059,20205,59267,624908,449933,174974,2485,184100
6060,20841,58853,646952,465805,181147,2200,184100
6061,21240,58594,624908,449933,174974,1915,184100
6062,21377,58505,560277,403399,156878,1650,184100
6063,21240,58594,457464,329374,128090,1422,184100
6064,20841,58853,323476,232903,90573,1247,184100
6065,20205,59267,167443,120559,46884,1137,184100
6066,19377,59805,0,0,0,1100,184100
6067,18412,60432,0,0,0,1137,184100
6068,17377,61105,0,0,0,1247,184100
6069,16341,61778,0,0,0,1422,184100
6070,15377,62405,0,0,0,1650,184100
6071,14548,62944,0,0,0,1915,184100
6072,13794,63434,0,0,0,2200,207555
6073,13395,63693,0,0,0,2485,207555
6074,13258,63782,0,0,0,2750,207555
6075,13395,63693,0,0,0,2978,207555
6076,13794,63434,0,0,0,3153,207555
6077,14430,63021,0,0,0,3263,207555
6078,15258,62482,0,0,0,3300,207555
6079,16223,61855,166065,119567,46498,3263,207555
6080,17258,61182,320813,230986,89828,3153,207555
6081,18294,60509,453698,326663,127036,2978,207555
6082,19258,59882,555665,400079,155586,2750,207555
6083,20087,59344,619764,446230,173534,2485,207555
6084,20722,58930,641626,461971,179655,2200,207555
6085,21122,58671,619764,446230,173534,1915,207555
6086,21258,58582,555665,400079,155586,1650,207555
6087,21122,58671,453698,326663,127036,1422,207555
6088,20722,58930,320813,230986,89828,1247,207555
6089,20087,59344,166065,119567,46498,1137,207555
6090,19258,59882,0,0,0,1100,207555
6091,18294,60509,0,0,0,1137,207555
6092,17258,61182,0,0,0,1247,207555
6093,16223,61855,0,0,0,1422,207555
6094,15258,62482,0,0,0,1650,207555
6095,14430,63021,0,0,0,1915,207555
6096,13676,63511,0,0,0,2200,213348
6097,13276,63771,0,0,0,2485,213348
6098,13140,63859,0,0,0,2750,213348
6099,13276,63771,0,0,0,2978,213348
6100,13676,63511,0,0,0,3153,213348
6101,14311,63098,0,0,0,3263,213348
6102,15140,62559,0,0,0,3300,213348
6103,16104,61932,164682,118571,46111,3263,213348
6104,17140,61259,318142,229062,89080,3153,213348
6105,18175,60586,449921,323943,125978,2978,213348
6106,19140,59959,551038,396748,154291,2750,213348
6107,19968,59421,614603,442514,172089,2485,213348
6108,20604,59008,636284,458125,178160,2200,213348
6109,21003,58748,614603,442514,172089,1915,213348
6110,21140,58659,551038,396748,154291,1650,213348
6111,21003,58748,449921,323943,125978,1422,213348
6112,20604,59008,318142,229062,89080,1247,213348
6113,19968,59421,164682,118571,46111,1137,213348
6114,19140,59959,0,0,0,1100,213348
6115,18175,60586,0,0,0,1137,213348
6116,17140,61259,0,0,0,1247,213348
6117,16104,61932,0,0,0,1422,213348
6118,15140,62559,0,0,0,1650,213348
6119,14311,63098,0,0,0,1915,213348
6120,13556,63588,0,0,0,2200,197117
6121,13157,63848,0,0,0,2485,197117
6122,13021,63937,0,0,0,2750,197117
6123,13157,63848,0,0,0,2978,197117
6124,13556,63588,0,0,0,3153,197117
6125,14192,63175,0,0,0,3263,197117
6126,15021,62637,0,0,0,3300,197117
6127,15985,62010,163296,117573,45723,3263,197117
6128,17021,61337,315463,227134,88330,3153,197117
6129,18056,60664,446133,321215,124917,2978,197117
6130,19021,60037,546399,393407,152992,2750,197117
6131,19849,59498,609428,438788,170640,2485,197117
6132,20485,59085,630927,454267,176659,2200,197117
6133,20884,58825,609428,438788,170640,1915,197117
6134,21021,58737,546399,393407,152992,1650,197117
6135,20884,58825,446133,321215,124917,1422,197117
6136,20485,59085,315463,227134,88330,1247,197117
6137,19849,59498,163296,117573,45723,1137,197117
6138,19021,60037,0,0,0,1100,197117
6139,18056,60664,0,0,0,1137,197117
6140,17021,61337,0,0,0,1247,197117
6141,15985,62010,0,0,0,1422,197117
6142,15021,62637,0,0,0,1650,197117
6143,14192,63175,0,0,0,1915,197117
6144,13437,63666,0,0,0,2200,171083
6145,13038,63926,0,0,0,2485,171083
6146,12901,64014,0,0,0,2750,171083
6147,13038,63926,0,0,0,2978,171083
6148,13437,63666,0,0,0,3153,171083
6149,14073,63253,0,0,0,3263,171083
6150,14901,62714,0,0,0,3300,171083
6151,15866,62087,161906,116572,45334,3263,171083
6152,16901,61414,312778,225200,87578,3153,171083
6153,17937,60741,442335,318481,123854,2978,171083
6154,18901,60114,541747,390058,151689,2750,171083
6155,19730,59576,604240,435053,169187,2485,171083
6156,20365,59163,625556,450400,175156,2200,171083
6157,20765,58903,604240,435053,169187,1915,171083
6158,20901,58814,541747,390058,151689,1650,171083
6159,20765,58903,442335,318481,123854,1422,171083
6160,20365,59163,312778,225200,87578,1247,171083
6161,19730,59576,161906,116572,45334,1137,171083
6162,18901,60114,0,0,0,1100,171083
6163,17937,60741,0,0,0,1137,171083
6164,16901,61414,0,0,0,1247,171083
6165,15866,62087,0,0,0,1422,171083
6166,14901,62714,0,0,0,1650,171083
6167,14073,63253,0,0,0,1915,171083
6168,13318,63744,0,0,0,2200,154852
6169,12918,64003,0,0,0,2485,154852
6170,12782,64092,0,0,0,2750,154852
6171,12918,64003,0,0,0,2978,154852
6172,13318,63744,0,0,0,3153,154852
6173,13953,63330,0,0,0,3263,154852
6174,14782,62792,0,0,0,3300,154852
6175,15746,62165,160512,115569,44943,3263,154852
6176,16782,61492,310086,223262,86824,3153,154852
6177,17817,60819,438528,315740,122788,2978,154852
6178,18782,60192,537085,386701,150384,2750,154852
6179,19610,59653,599041,431309,167731,2485,154852
6180,20246,59240,620173,446524,173648,2200,154852
6181,20645,58981,599041,431309,167731,1915,154852
6182,20782,58892,537085,386701,150384,1650,154852
6183,20645,58981,438528,315740,122788,1422,154852
6184,20246,59240,310086,223262,86824,1247,154852
6185,19610,59653,160512,115569,44943,1137,154852
6186,18782,60192,0,0,0,1100,154852
6187,17817,60819,0,0,0,1137,154852
6188,16782,61492,0,0,0,1247,154852
6189,15746,62165,0,0,0,1422,154852
6190,14782,62792,0,0,0,1650,154852
6191,13953,63330,0,0,0,1915,154852
6192,13198,63822,0,0,0,2200,160645
6193,12798,64081,0,0,0,2485,160645
6194,12662,64170,0,0,0,2750,160645
6195,12798,64081,0,0,0,2978,160645
6196,13198,63822,0,0,0,3153,160645
6197,13833,63408,0,0,0,3263,160645
6198,14662,62870,0,0,0,3300,160645
6199,15626,62243,159117,114564,44553,3263,160645
6200,16662,61570,307390,221320,86069,3153,160645
6201,17697,60897,434714,312994,121720,2978,160645
6202,18662,60270,532414,383338,149076,2750,160645
6203,19490,59731,593831,427558,166273,2485,160645
6204,20126,59318,614779,442641,172138,2200,160645
6205,20525,59058,593831,427558,166273,1915,160645
6206,20662,58970,532414,383338,149076,1650,160645
6207,20525,59058,434714,312994,121720,1422,160645
6208,20126,59318,307390,221320,86069,1247,160645
6209,19490,59731,159117,114564,44553,1137,160645
6210,18662,60270,0,0,0,1100,160645
6211,17697,60897,0,0,0,1137,160645
6212,16662,61570,0,0,0,1247,160645
6213,15626,62243,0,0,0,1422,160645
6214,14662,62870,0,0,0,1650,160645
6215,13833,63408,0,0,0,1915,160645
6216,13078,63900,0,0,0,2200,184100
6217,12678,64159,0,0,0,2485,184100
6218,12542,64248,0,0,0,2750,184100
6219,12678,64159,0,0,0,2978,184100
6220,13078,63900,0,0,0,3153,184100
6221,13713,63486,0,0,0,3263,184100
6222,14542,62948,0,0,0,3300,184100
6223,15506,62321,157718,113557,44161,3263,184100
6224,16542,61648,304688,219376,85313,3153,184100
6225,17577,60975,430894,310244,120650,2978,184100
6226,18542,60348,527736,379970,147766,2750,184100
6227,19370,59809,588613,423801,164812,2485,184100
6228,20006,59396,609377,438751,170625,2200,184100
6229,20405,59136,588613,423801,164812,1915,184100
6230,20542,59048,527736,379970,147766,1650,184100
6231,20405,59136,430894,310244,120650,1422,184100
6232,20006,59396,304688,219376,85313,1247,184100
6233,19370,59809,157718,113557,44161,1137,184100
6234,18542,60348,0,0,0,1100,184100
6235,17577,60975,0,0,0,1137,184100
6236,16542,61648,0,0,0,1247,184100
6237,15506,62321,0,0,0,1422,184100
6238,14542,62948,0,0,0,1650,184100
6239,13713,63486,0,0,0,1915,184100
6240,12957,63978,0,0,0,2200,207555
6241,12558,64237,0,0,0,2485,207555
6242,12421,64326,0,0,0,2750,207555
6243,12558,64237,0,0,0,2978,207555
6244,12957,63978,0,0,0,3153,207555
6245,13593,63565,0,0,0,3263,207555
6246,14421,63026,0,0,0,3300,207555
6247,15386,62399,156318,112549,43769,3263,207555
6248,16421,61726,301984,217428,84555,3153,207555
6249,17457,61053,427069,307490,119579,2978,207555
6250,18421,60426,523051,376597,146454,2750,207555
6251,19250,59888,583387,420039,163348,2485,207555
6252,19886,59474,603967,434856,169111,2200,207555
6253,20285,59215,583387,420039,163348,1915,207555
6254,20421,59126,523051,376597,146454,1650,207555
6255,20285,59215,427069,307490,119579,1422,207555
6256,19886,59474,301984,217428,84555,1247,207555
6257,19250,59888,156318,112549,43769,1137,207555
6258,18421,60426,0,0,0,1100,207555
6259,17457,61053,0,0,0,1137,207555
6260,16421,61726,0,0,0,1247,207555
6261,15386,62399,0,0,0,1422,207555
6262,14421,63026,0,0,0,1650,207555
6263,13593,63565,0,0,0,1915,207555
6264,12837,64056,0,0,0,2200,213348
6265,12437,64316,0,0,0,2485,213348
6266,12301,64404,0,0,0,2750,213348
6267,12437,64316,0,0,0,2978,213348
6268,12837,64056,0,0,0,3153,213348
6269,13473,63643,0,0,0,3263,213348
6270,14301,63104,0,0,0,3300,213348
6271,15266,62477,154917,111540,43377,3263,213348
6272,16301,61804,299276,215479,83797,3153,213348
6273,17336,61131,423240,304733,118507,2978,213348
6274,18301,60504,518361,373220,145141,2750,213348
6275,19130,59966,578157,416273,161884,2485,213348
6276,19765,59553,598552,430957,167595,2200,213348
6277,20165,59293,578157,416273,161884,1915,213348
6278,20301,59204,518361,373220,145141,1650,213348
6279,20165,59293,423240,304733,118507,1422,213348
6280,19765,59553,299276,215479,83797,1247,213348
6281,19130,59966,154917,111540,43377,1137,213348
6282,18301,60504,0,0,0,1100,213348
6283,17336,61131,0,0,0,1137,213348
6284,16301,61804,0,0,0,1247,213348
6285,15266,62477,0,0,0,1422,213348
6286,14301,63104,0,0,0,1650,213348
6287,13473,63643,0,0,0,1915,213348
6288,12717,64134,0,0,0,2200,197117
6289,12317,64394,0,0,0,2485,197117
6290,12181,64483,0,0,0,2750,197117
6291,12317,64394,0,0,0,2978,197117
6292,12717,64134,0,0,0,3153,197117
6293,13352,63721,0,0,0,3263,197117
6294,14181,63183,0,0,0,3300,197117
6295,15145,62555,153514,110530,42984,3263,197117
6296,16181,61883,296566,213528,83039,3153,197117
6297,17216,61210,419408,301974,117434,2978,197117
6298,18181,60583,513668,369841,143827,2750,197117
6299,19009,60044,572922,412504,160418,2485,197117
6300,19645,59631,593133,427056,166077,2200,197117
6301,20044,59371,572922,412504,160418,1915,197117
6302,20181,59283,513668,369841,143827,1650,197117
6303,20044,59371,419408,301974,117434,1422,197117
6304,19645,59631,296566,213528,83039,1247,197117
6305,19009,60044,153514,110530,42984,1137,197117
6306,18181,60583,0,0,0,1100,197117
6307,17216,61210,0,0,0,1137,197117
6308,16181,61883,0,0,0,1247,197117
6309,15145,62555,0,0,0,1422,197117
6310,14181,63183,0,0,0,1650,197117
6311,13352,63721,0,0,0,1915,197117
6312,12596,64213,0,0,0,2200,171083
6313,12197,64472,0,0,0,2485,171083
6314,12060,64561,0,0,0,2750,171083
6315,12197,64472,0,0,0,2978,171083
6316,12596,64213,0,0,0,3153,171083
6317,13232,63799,0,0,0,3263,171083
6318,14060,63261,0,0,0,3300,171083
6319,15025,62634,152111,109520,42591,3263,171083
6320,16060,61961,293856,211576,82280,3153,171083
6321,17096,61288,415575,299214,116361,2978,171083
6322,18060,60661,508973,366460,142512,2750,171083
6323,18889,60122,567685,408734,158952,2485,171083
6324,19524,59709,587711,423152,164559,2200,171083
6325,19924,59449,567685,408734,158952,1915,171083
6326,20060,59361,508973,366460,142512,1650,171083
6327,19924,59449,415575,299214,116361,1422,171083
6328,19524,59709,293856,211576,82280,1247,171083
6329,18889,60122,152111,109520,42591,1137,171083
6330,18060,60661,0,0,0,1100,171083
6331,17096,61288,0,0,0,1137,171083
6332,16060,61961,0,0,0,1247,171083
6333,15025,62634,0,0,0,1422,171083
6334,14060,63261,0,0,0,1650,171083
6335,13232,63799,0,0,0,1915,171083
6336,12476,64291,0,0,0,2200,154852
6337,12076,64551,0,0,0,2485,154852
6338,11940,64639,0,0,0,2750,154852
6339,12076,64551,0,0,0,2978,154852
6340,12476,64291,0,0,0,3153,154852
6341,13111,63878,0,0,0,3263,154852
6342,13940,63339,0,0,0,3300,154852
6343,14904,62712,150707,108509,42198,3263,154852
6344,15940,62039,291144,209624,81520,3153,154852
6345,16975,61366,411740,296453,115287,2978,154852
6346,17940,60739,504277,363079,141198,2750,154852
6347,18768,60201,562448,404962,157485,2485,154852
6348,19404,59787,582289,419248,163041,2200,154852
6349,19803,59528,562448,404962,157485,1915,154852
6350,19940,59439,504277,363079,141198,1650,154852
6351,19803,59528,411740,296453,115287,1422,154852
6352,19404,59787,291144,209624,81520,1247,154852
6353,18768,60201,150707,108509,42198,1137,154852
6354,17940,60739,0,0,0,1100,154852
6355,16975,61366,0,0,0,1137,154852
6356,15940,62039,0,0,0,1247,154852
6357,14904,62712,0,0,0,1422,154852
6358,13940,63339,0,0,0,1650,154852
6359,13111,63878,0,0,0,1915,154852
6360,12355,64369,0,0,0,2200,160645
6361,11956,64629,0,0,0,2485,160645
6362,11819,64717,0,0,0,2750,160645
6363,11956,64629,0,0,0,2978,160645
6364,12355,64369,0,0,0,3153,160645
6365,12991,63956,0,0,0,3263,160645
6366,13819,63417,0,0,0,3300,160645
6367,14784,62790,149304,107499,41805,3263,160645
6368,15819,62117,288434,207672,80761,3153,160645
6369,16855,61445,407907,293693,114214,2978,160645
6370,17819,60817,499582,359699,139883,2750,160645
6371,18648,60279,557211,401192,156019,2485,160645
6372,19283,59866,576867,415344,161523,2200,160645
6373,19683,59606,557211,401192,156019,1915,160645
6374,19819,59517,499582,359699,139883,1650,160645
6375,19683,59606,407907,293693,114214,1422,160645
6376,19283,59866,288434,207672,80761,1247,160645
6377,18648,60279,149304,107499,41805,1137,160645
6378,17819,60817,0,0,0,1100,160645
6379,16855,61445,0,0,0,1137,160645
6380,15819,62117,0,0,0,1247,160645
6381,14784,62790,0,0,0,1422,160645
6382,13819,63417,0,0,0,1650,160645
6383,12991,63956,0,0,0,1915,160645
6384,12235,64447,0,0,0,2200,184100
6385,11835,64707,0,0,0,2485,184100
6386,11699,64796,0,0,0,2750,184100
6387,11835,64707,0,0,0,2978,184100
6388,12235,64447,0,0,0,3153,184100
6389,12870,64034,0,0,0,3263,184100
6390,13699,63496,0,0,0,3300,184100
6391,14664,62869,147902,106489,41412,3263,184100
6392,15699,62196,285724,205721,80003,3153,184100
6393,16734,61523,404075,290934,113141,2978,184100
6394,17699,60896,494888,356320,138569,2750,184100
6395,18527,60357,551976,397423,154553,2485,184100
6396,19163,59944,571448,411443,160005,2200,184100
6397,19563,59684,551976,397423,154553,1915,184100
6398,19699,59596,494888,356320,138569,1650,184100
6399,19563,59684,404075,290934,113141,1422,184100
6400,19163,59944,285724,205721,80003,1247,184100
6401,18527,60357,147902,106489,41412,1137,184100
6402,17699,60896,0,0,0,1100,184100
6403,16734,61523,0,0,0,1137,184100
6404,15699,62196,0,0,0,1247,184100
6405,14664,62869,0,0,0,1422,184100
6406,13699,63496,0,0,0,1650,184100
6407,12870,64034,0,0,0,1915,184100
6408,12114,64526,0,0,0,2200,207555
6409,11715,64785,0,0,0,2485,207555
6410,11579,64874,0,0,0,2750,207555
6411,11715,64785,0,0,0,2978,207555
6412,12114,64526,0,0,0,3153,207555
6413,12750,64112,0,0,0,3263,207555
6414,13579,63574,0,0,0,3300,207555
6415,14543,62947,146500,105480,41020,3263,207555
6416,15579,62274,283016,203772,79245,3153,207555
6417,16614,61601,400246,288177,112069,2978,207555
6418,17579,60974,490199,352943,137256,2750,207555
6419,18407,60435,546746,393657,153089,2485,207555
6420,19043,60022,566033,407544,158489,2200,207555
6421,19442,59763,546746,393657,153089,1915,207555
6422,19579,59674,490199,352943,137256,1650,207555
6423,19442,59763,400246,288177,112069,1422,207555
6424,19043,60022,283016,203772,79245,1247,207555
6425,18407,60435,146500,105480,41020,1137,207555
6426,17579,60974,0,0,0,1100,207555
6427,16614,61601,0,0,0,1137,207555
6428,15579,62274,0,0,0,1247,207555
6429,14543,62947,0,0,0,1422,207555
6430,13579,63574,0,0,0,1650,207555
6431,12750,64112,0,0,0,1915,207555
6432,11994,64604,0,0,0,2200,213348
6433,11595,64864,0,0,0,2485,213348
6434,11458,64952,0,0,0,2750,213348
6435,11595,64864,0,0,0,2978,213348
6436,11994,64604,0,0,0,3153,213348
6437,12630,64191,0,0,0,3263,213348
6438,13458,63652,0,0,0,3300,213348
6439,14423,63025,145100,104472,40628,3263,213348
6440,15458,62352,280312,201824,78487,3153,213348
6441,16494,61679,396421,285423,110998,2978,213348
6442,17458,61052,485514,349570,135944,2750,213348
6443,18287,60514,541520,389895,151626,2485,213348
6444,18922,60100,560623,403649,156975,2200,213348
6445,19322,59841,541520,389895,151626,1915,213348
6446,19458,59752,485514,349570,135944,1650,213348
6447,19322,59841,396421,285423,110998,1422,213348
6448,18922,60100,280312,201824,78487,1247,213348
6449,18287,60514,145100,104472,40628,1137,213348
6450,17458,61052,0,0,0,1100,213348
6451,16494,61679,0,0,0,1137,213348
6452,15458,62352,0,0,0,1247,213348
6453,14423,63025,0,0,0,1422,213348
6454,13458,63652,0,0,0,1650,213348
6455,12630,64191,0,0,0,1915,213348
6456,11874,64682,0,0,0,2200,197117
6457,11475,64942,0,0,0,2485,197117
6458,11338,65030,0,0,0,2750,197117
6459,11475,64942,0,0,0,2978,197117
6460,11874,64682,0,0,0,3153,197117
6461,12510,64269,0,0,0,3263,197117
6462,13338,63730,0,0,0,3300,197117
6463,14303,63103,143702,103465,40236,3263,197117
6464,15338,62430,277610,199880,77731,3153,197117
6465,16374,61757,392600,282672,109928,2978,197117
6466,17338,61130,480835,346202,134634,2750,197117
6467,18167,60592,536302,386138,150165,2485,197117
6468,18802,60178,555221,399759,155462,2200,197117
6469,19202,59919,536302,386138,150165,1915,197117
6470,19338,59830,480835,346202,134634,1650,197117
6471,19202,59919,392600,282672,109928,1422,197117
6472,18802,60178,277610,199880,77731,1247,197117
6473,18167,60592,143702,103465,40236,1137,197117
6474,17338,61130,0,0,0,1100,197117
6475,16374,61757,0,0,0,1137,197117
6476,15338,62430,0,0,0,1247,197117
6477,14303,63103,0,0,0,1422,197117
6478,13338,63730,0,0,0,1650,197117
6479,12510,64269,0,0,0,1915,197117
6480,11754,64760,0,0,0,2200,171083
6481,11355,65019,0,0,0,2485,171083
6482,11218,65108,0,0,0,2750,171083
6483,11355,65019,0,0,0,2978,171083
6484,11754,64760,0,0,0,3153,171083
6485,12390,64347,0,0,0,3263,171083
6486,13218,63808,0,0,0,3300,171083
6487,14183,63181,142306,102460,39846,3263,171083
6488,15218,62508,274914,197938,76976,3153,171083
6489,16254,61835,388787,279926,108860,2978,171083
6490,17218,61208,476165,342838,133326,2750,171083
6491,18047,60670,531092,382387,148706,2485,171083
6492,18682,60256,549827,395876,153952,2200,171083
6493,19082,59997,531092,382387,148706,1915,171083
6494,19218,59908,476165,342838,133326,1650,171083
6495,19082,59997,388787,279926,108860,1422,171083
6496,18682,60256,274914,197938,76976,1247,171083
6497,18047,60670,142306,102460,39846,1137,171083
6498,17218,61208,0,0,0,1100,171083
6499,16254,61835,0,0,0,1137,171083
6500,15218,62508,0,0,0,1247,171083
6501,14183,63181,0,0,0,1422,171083
6502,13218,63808,0,0,0,1650,171083
6503,12390,64347,0,0,0,1915,171083
6504,11635,64837,0,0,0,2200,154852
6505,11235,65097,0,0,0,2485,154852
6506,11099,65186,0,0,0,2750,154852
6507,11235,65097,0,0,0,2978,154852
6508,11635,64837,0,0,0,3153,154852
6509,12270,64424,0,0,0,3263,154852
6510,13099,63886,0,0,0,3300,154852
6511,14063,63259,140913,101457,39456,3263,154852
6512,15099,62586,272222,196000,76222,3153,154852
6513,16134,61913,384980,277186,107794,2978,154852
6514,17099,61286,471503,339482,132021,2750,154852
6515,17927,60747,525893,378643,147250,2485,154852
6516,18563,60334,544444,392000,152444,2200,154852
6517,18962,60074,525893,378643,147250,1915,154852
6518,19099,59986,471503,339482,132021,1650,154852
6519,18962,60074,384980,277186,107794,1422,154852
6520,18563,60334,272222,196000,76222,1247,154852
6521,17927,60747,140913,101457,39456,1137,154852
6522,17099,61286,0,0,0,1100,154852
6523,16134,61913,0,0,0,1137,154852
6524,15099,62586,0,0,0,1247,154852
6525,14063,63259,0,0,0,1422,154852
6526,13099,63886,0,0,0,1650,154852
6527,12270,64424,0,0,0,1915,154852
6528,11515,64915,0,0,0,2200,160645
6529,11116,65175,0,0,0,2485,160645
6530,10979,65263,0,0,0,2750,160645
6531,11116,65175,0,0,0,2978,160645
6532,11515,64915,0,0,0,3153,160645
6533,12151,64502,0,0,0,3263,160645
6534,12979,63963,0,0,0,3300,160645
6535,13944,63336,139522,100456,39066,3263,160645
6536,14979,62663,269537,194066,75470,3153,160645
6537,16015,61990,381182,274451,106731,2978,160645
6538,16979,61363,466851,336133,130718,2750,160645
6539,17808,60825,520705,374907,145797,2485,160645
6540,18444,60412,539073,388133,150941,2200,160645
6541,18843,60152,520705,374907,145797,1915,160645
6542,18979,60063,466851,336133,130718,1650,160645
6543,18843,60152,381182,274451,106731,1422,160645
6544,18444,60412,269537,194066,75470,1247,160645
6545,17808,60825,139522,100456,39066,1137,160645
6546,16979,61363,0,0,0,1100,160645
6547,16015,61990,0,0,0,1137,160645
6548,14979,62663,0,0,0,1247,160645
6549,13944,63336,0,0,0,1422,160645
6550,12979,63963,0,0,0,1650,160645
6551,12151,64502,0,0,0,1915,160645
6552,11396,64992,0,0,0,2200,184100
6553,10997,65252,0,0,0,2485,184100
6554,10860,65341,0,0,0,2750,184100
6555,10997,65252,0,0,0,2978,184100
6556,11396,64992,0,0,0,3153,184100
6557,12032,64579,0,0,0,3263,184100
6558,12860,64041,0,0,0,3300,184100
6559,13825,63414,138136,99458,38678,3263,184100
6560,14860,62741,266858,192138,74720,3153,184100
6561,15896,62068,377394,271724,105670,2978,184100
6562,16860,61441,462211,332792,129419,2750,184100
6563,17689,60902,515530,371182,144348,2485,184100
6564,18324,60489,533716,384275,149440,2200,184100
6565,18724,60229,515530,371182,144348,1915,184100
6566,18860,60141,462211,332792,129419,1650,184100
6567,18724,60229,377394,271724,105670,1422,184100
6568,18324,60489,266858,192138,74720,1247,184100
6569,17689,60902,138136,99458,38678,1137,184100
6570,16860,61441,0,0,0,1100,184100
6571,15896,62068,0,0,0,1137,184100
6572,14860,62741,0,0,0,1247,184100
6573,13825,63414,0,0,0,1422,184100
6574,12860,64041,0,0,0,1650,184100
6575,12032,64579,0,0,0,1915,184100
6576,11278,65070,0,0,0,2200,207555
6577,10878,65329,0,0,0,2485,207555
6578,10742,65418,0,0,0,2750,207555
6579,10878,65329,0,0,0,2978,207555
6580,11278,65070,0,0,0,3153,207555
6581,11913,64656,0,0,0,3263,207555
6582,12742,64118,0,0,0,3300,207555
6583,13706,63491,136753,98462,38291,3263,207555
6584,14742,62818,264187,190214,73972,3153,207555
6585,15777,62145,373617,269004,104613,2978,207555
6586,16742,61518,457585,329461,128124,2750,207555
6587,17570,60979,510370,367466,142903,2485,207555
6588,18206,60566,528374,380429,147945,2200,207555
6589,18605,60307,510370,367466,142903,1915,207555
6590,18742,60218,457585,329461,128124,1650,207555
6591,18605,60307,373617,269004,104613,1422,207555
6592,18206,60566,264187,190214,73972,1247,207555
6593,17570,60979,136753,98462,38291,1137,207555
6594,16742,61518,0,0,0,1100,207555
6595,15777,62145,0,0,0,1137,207555
6596,14742,62818,0,0,0,1247,207555
6597,13706,63491,0,0,0,1422,207555
6598,12742,64118,0,0,0,1650,207555
6599,11913,64656,0,0,0,1915,207555
6600,11159,65147,0,0,0,2200,213348
6601,10760,65406,0,0,0,2485,213348
6602,10623,65495,0,0,0,2750,213348
6603,10760,65406,0,0,0,2978,213348
6604,11159,65147,0,0,0,3153,213348
6605,11795,64733,0,0,0,3263,213348
6606,12623,64195,0,0,0,3300,213348
6607,13588,63568,135375,97470,37905,3263,213348
6608,14623,62895,261524,188297,73227,3153,213348
6609,15659,62222,369851,266293,103558,2978,213348
6610,16623,61595,452973,326140,126832,2750,213348
6611,17452,61056,505226,363762,141463,2485,213348
6612,18087,60643,523048,376595,146453,2200,213348
6613,18487,60383,505226,363762,141463,1915,213348
6614,18623,60295,452973,326140,126832,1650,213348
6615,18487,60383,369851,266293,103558,1422,213348
6616,18087,60643,261524,188297,73227,1247,213348
6617,17452,61056,135375,97470,37905,1137,213348
6618,16623,61595,0,0,0,1100,213348
6619,15659,62222,0,0,0,1137,213348
6620,14623,62895,0,0,0,1247,213348
6621,13588,63568,0,0,0,1422,213348
6622,12623,64195,0,0,0,1650,213348
6623,11795,64733,0,0,0,1915,213348
6624,11041,65223,0,0,0,2200,197117
6625,10642,65483,0,0,0,2485,197117
6626,10505,65572,0,0,0,2750,197117
6627,10642,65483,0,0,0,2978,197117
6628,11041,65223,0,0,0,3153,197117
6629,11677,64810,0,0,0,3263,197117
6630,12505,64272,0,0,0,3300,197117
6631,13470,63644,134001,96481,37520,3263,197117
6632,14505,62972,258870,186387,72484,3153,197117
6633,15541,62299,366098,263591,102507,2978,197117
6634,16505,61672,448377,322831,125545,2750,197117
6635,17334,61133,500099,360072,140028,2485,197117
6636,17969,60720,517741,372773,144967,2200,197117
6637,18369,60460,500099,360072,140028,1915,197117
6638,18505,60372,448377,322831,125545,1650,197117
6639,18369,60460,366098,263591,102507,1422,197117
6640,17969,60720,258870,186387,72484,1247,197117
6641,17334,61133,134001,96481,37520,1137,197117
6642,16505,61672,0,0,0,1100,197117
6643,15541,62299,0,0,0,1137,197117
6644,14505,62972,0,0,0,1247,197117
6645,13470,63644,0,0,0,1422,197117
6646,12505,64272,0,0,0,1650,197117
6647,11677,64810,0,0,0,1915,197117
6648,10924,65300,0,0,0,2200,171083
6649,10524,65559,0,0,0,2485,171083
6650,10388,65648,0,0,0,2750,171083
6651,10524,65559,0,0,0,2978,171083
6652,10924,65300,0,0,0,3153,171083
6653,11559,64886,0,0,0,3263,171083
6654,12388,64348,0,0,0,3300,171083
6655,13353,63721,132633,95496,37137,3263,171083
6656,14388,63048,256227,184483,71744,3153,171083
6657,15423,62375,362359,260899,101461,2978,171083
6658,16388,61748,443798,319535,124263,2750,171083
6659,17216,61209,494992,356394,138598,2485,171083
6660,17852,60796,512454,368967,143487,2200,171083
6661,18252,60536,494992,356394,138598,1915,171083
6662,18388,60448,443798,319535,124263,1650,171083
6663,18252,60536,362359,260899,101461,1422,171083
6664,17852,60796,256227,184483,71744,1247,171083
6665,17216,61209,132633,95496,37137,1137,171083
6666,16388,61748,0,0,0,1100,171083
6667,15423,62375,0,0,0,1137,171083
6668,14388,63048,0,0,0,1247,171083
6669,13353,63721,0,0,0,1422,171083
6670,12388,64348,0,0,0,1650,171083
6671,11559,64886,0,0,0,1915,171083
6672,10807,65376,0,0,0,2200,154852
6673,10407,65635,0,0,0,2485,154852
6674,10271,65724,0,0,0,2750,154852
6675,10407,65635,0,0,0,2978,154852
6676,10807,65376,0,0,0,3153,154852
6677,11442,64962,0,0,0,3263,154852
6678,12271,64424,0,0,0,3300,154852
6679,13236,63797,131270,94514,36756,3263,154852
6680,14271,63124,253594,182588,71006,3153,154852
6681,15306,62451,358636,258218,100418,2978,154852
6682,16271,61824,439238,316251,122987,2750,154852
6683,17099,61285,489906,352732,137174,2485,154852
6684,17735,60872,507188,365175,142013,2200,154852
6685,18135,60613,489906,352732,137174,1915,154852
6686,18271,60524,439238,316251,122987,1650,154852
6687,18135,60613,358636,258218,100418,1422,154852
6688,17735,60872,253594,182588,71006,1247,154852
6689,17099,61285,131270,94514,36756,1137,154852
6690,16271,61824,0,0,0,1100,154852
6691,15306,62451,0,0,0,1137,154852
6692,14271,63124,0,0,0,1247,154852
6693,13236,63797,0,0,0,1422,154852
6694,12271,64424,0,0,0,1650,154852
6695,11442,64962,0,0,0,1915,154852
6696,10690,65451,0,0,0,2200,160645
6697,10291,65711,0,0,0,2485,160645
6698,10154,65800,0,0,0,2750,160645
6699,10291,65711,0,0,0,2978,160645
6700,10690,65451,0,0,0,3153,160645
6701,11326,65038,0,0,0,3263,160645
6702,12154,64500,0,0,0,3300,160645
6703,13119,63873,129913,93537,36376,3263,160645
6704,14154,63200,250973,180700,70272,3153,160645
6705,15190,62527,354929,255549,99380,2978,160645
6706,16154,61900,434697,312982,121715,2750,160645
6707,16983,61361,484842,349086,135756,2485,160645
6708,17618,60948,501945,361401,140545,2200,160645
6709,18018,60688,484842,349086,135756,1915,160645
6710,18154,60600,434697,312982,121715,1650,160645
6711,18018,60688,354929,255549,99380,1422,160645
6712,17618,60948,250973,180700,70272,1247,160645
6713,16983,61361,129913,93537,36376,1137,160645
6714,16154,61900,0,0,0,1100,160645
6715,15190,62527,0,0,0,1137,160645
6716,14154,63200,0,0,0,1247,160645
6717,13119,63873,0,0,0,1422,160645
6718,12154,64500,0,0,0,1650,160645
6719,11326,65038,0,0,0,1915,160645
6720,10574,65527,0,0,0,2200,184100
6721,10175,65786,0,0,0,2485,184100
6722,10038,65875,0,0,0,2750,184100
6723,10175,65786,0,0,0,2978,184100
6724,10574,65527,0,0,0,3153,184100
6725,11210,65114,0,0,0,3263,184100
6726,12038,64575,0,0,0,3300,184100
6727,13003,63948,128562,92565,35997,3263,184100
6728,14038,63275,248364,178822,69542,3153,184100
6729,15074,62602,351239,252892,98347,2978,184100
6730,16038,61975,430178,309729,120450,2750,184100
6731,16867,61437,479802,345457,134344,2485,184100
6732,17502,61023,496727,357644,139084,2200,184100
6733,17902,60764,479802,345457,134344,1915,184100
6734,18038,60675,430178,309729,120450,1650,184100
6735,17902,60764,351239,252892,98347,1422,184100
6736,17502,61023,248364,178822,69542,1247,184100
6737,16867,61437,128562,92565,35997,1137,184100
6738,16038,61975,0,0,0,1100,184100
6739,15074,62602,0,0,0,1137,184100
6740,14038,63275,0,0,0,1247,184100
6741,13003,63948,0,0,0,1422,184100
6742,12038,64575,0,0,0,1650,184100
6743,11210,65114,0,0,0,1915,184100
6744,10459,65602,0,0,0,2200,207555
6745,10059,65861,0,0,0,2485,207555
6746,9923,65950,0,0,0,2750,207555
6747,10059,65861,0,0,0,2978,207555
6748,10459,65602,0,0,0,3153,207555
6749,11095,65189,0,0,0,3263,207555
6750,11923,64650,0,0,0,3300,207555
6751,12888,64023,127219,91597,35621,3263,207555
6752,13923,63350,245768,176953,68815,3153,207555
6753,14958,62677,347568,250249,97319,2978,207555
6754,15923,62050,425682,306491,119191,2750,207555
6755,16751,61512,474787,341846,132940,2485,207555
6756,17387,61098,491535,353906,137630,2200,207555
6757,17787,60839,474787,341846,132940,1915,207555
6758,17923,60750,425682,306491,119191,1650,207555
6759,17787,60839,347568,250249,97319,1422,207555
6760,17387,61098,245768,176953,68815,1247,207555
6761,16751,61512,127219,91597,35621,1137,207555
6762,15923,62050,0,0,0,1100,207555
6763,14958,62677,0,0,0,1137,207555
6764,13923,63350,0,0,0,1247,207555
6765,12888,64023,0,0,0,1422,207555
6766,11923,64650,0,0,0,1650,207555
6767,11095,65189,0,0,0,1915,207555
6768,10344,65676,0,0,0,2200,213348
6769,9945,65936,0,0,0,2485,213348
6770,9808,66025,0,0,0,2750,213348
6771,9945,65936,0,0,0,2978,213348
6772,10344,65676,0,0,0,3153,213348
6773,10980,65263,0,0,0,3263,213348
6774,11808,64725,0,0,0,3300,213348
6775,12773,64098,125882,90635,35247,3263,213348
6776,13808,63425,243186,175094,68092,3153,213348
6777,14844,62752,343916,247620,96297,2978,213348
6778,15808,62125,421210,303271,117939,2750,213348
6779,16637,61586,469799,338255,131544,2485,213348
6780,17272,61173,486371,350187,136184,2200,213348
6781,17672,60913,469799,338255,131544,1915,213348
6782,17808,60825,421210,303271,117939,1650,213348
6783,17672,60913,343916,247620,96297,1422,213348
6784,17272,61173,243186,175094,68092,1247,213348
6785,16637,61586,125882,90635,35247,1137,213348
6786,15808,62125,0,0,0,1100,213348
6787,14844,62752,0,0,0,1137,213348
6788,13808,63425,0,0,0,1247,213348
6789,12773,64098,0,0,0,1422,213348
6790,11808,64725,0,0,0,1650,213348
6791,10980,65263,0,0,0,1915,213348
6792,10230,65750,0,0,0,2200,197117
6793,9830,66010,0,0,0,2485,197117
6794,9694,66099,0,0,0,2750,197117
6795,9830,66010,0,0,0,2978,197117
6796,10230,65750,0,0,0,3153,197117
6797,10866,65337,0,0,0,3263,197117
6798,11694,64799,0,0,0,3300,197117
6799,12659,64172,124553,89678,34875,3263,197117
6800,13694,63499,240618,173245,67373,3153,197117
6801,14729,62826,340285,245006,95280,2978,197117
6802,15694,62199,416763,300069,116694,2750,197117
6803,16523,61660,464839,334684,130155,2485,197117
6804,17158,61247,481236,346490,134746,2200,197117
6805,17558,60987,464839,334684,130155,1915,197117
6806,17694,60899,416763,300069,116694,1650,197117
6807,17558,60987,340285,245006,95280,1422,197117
6808,17158,61247,240618,173245,67373,1247,197117
6809,16523,61660,124553,89678,34875,1137,197117
6810,15694,62199,0,0,0,1100,197117
6811,14729,62826,0,0,0,1137,197117
6812,13694,63499,0,0,0,1247,197117
6813,12659,64172,0,0,0,1422,197117
6814,11694,64799,0,0,0,1650,197117
6815,10866,65337,0,0,0,1915,197117
6816,10117,65824,0,0,0,2200,171083
6817,9717,66084,0,0,0,2485,171083
6818,9581,66173,0,0,0,2750,171083
6819,9717,66084,0,0,0,2978,171083
6820,10117,65824,0,0,0,3153,171083
6821,10752,65411,0,0,0,3263,171083
6822,11581,64873,0,0,0,3300,171083
6823,12545,64245,123232,88727,34505,3263,171083
6824,13581,63573,238066,171408,66658,3153,171083
6825,14616,62900,336676,242407,94269,2978,171083
6826,15581,62273,412343,296887,115456,2750,171083
6827,16409,61734,459908,331134,128774,2485,171083
6828,17045,61321,476132,342815,133317,2200,171083
6829,17444,61061,459908,331134,128774,1915,171083
6830,17581,60973,412343,296887,115456,1650,171083
6831,17444,61061,336676,242407,94269,1422,171083
6832,17045,61321,238066,171408,66658,1247,171083
6833,16409,61734,123232,88727,34505,1137,171083
6834,15581,62273,0,0,0,1100,171083
6835,14616,62900,0,0,0,1137,171083
6836,13581,63573,0,0,0,1247,171083
6837,12545,64245,0,0,0,1422,171083
6838,11581,64873,0,0,0,1650,171083
6839,10752,65411,0,0,0,1915,171083
6840,10004,65897,0,0,0,2200,154852
6841,9604,66157,0,0,0,2485,154852
6842,9468,66246,0,0,0,2750,154852
6843,9604,66157,0,0,0,2978,154852
6844,10004,65897,0,0,0,3153,154852
6845,10640,65484,0,0,0,3263,154852
6846,11468,64946,0,0,0,3300,154852
6847,12433,64319,121919,87782,34137,3263,154852
6848,13468,63646,235530,169582,65948,3153,154852
6849,14503,62973,333090,239825,93265,2978,154852
6850,15468,62346,407950,293724,114226,2750,154852
6851,16296,61807,455009,327607,127403,2485,154852
6852,16932,61394,471060,339163,131897,2200,154852
6853,17332,61134,455009,327607,127403,1915,154852
6854,17468,61046,407950,293724,114226,1650,154852
6855,17332,61134,333090,239825,93265,1422,154852
6856,16932,61394,235530,169582,65948,1247,154852
6857,16296,61807,121919,87782,34137,1137,154852
6858,15468,62346,0,0,0,1100,154852
6859,14503,62973,0,0,0,1137,154852
6860,13468,63646,0,0,0,1247,154852
6861,12433,64319,0,0,0,1422,154852
6862,11468,64946,0,0,0,1650,154852
6863,10640,65484,0,0,0,1915,154852
6864,9892,65970,0,0,0,2200,160645
6865,9492,66230,0,0,0,2485,160645
6866,9356,66319,0,0,0,2750,160645
6867,9492,66230,0,0,0,2978,160645
6868,9892,65970,0,0,0,3153,160645
6869,10528,65557,0,0,0,3263,160645
6870,11356,65019,0,0,0,3300,160645
6871,12321,64392,120615,86843,33772,3263,160645
6872,13356,63719,233011,167768,65243,3153,160645
6873,14391,63046,329527,237260,92268,2978,160645
6874,15356,62419,403587,290583,113004,2750,160645
6875,16184,61880,450143,324103,126040,2485,160645
6876,16820,61467,466022,335536,130486,2200,160645
6877,17220,61207,450143,324103,126040,1915,160645
6878,17356,61119,403587,290583,113004,1650,160645
6879,17220,61207,329527,237260,92268,1422,160645
6880,16820,61467,233011,167768,65243,1247,160645
6881,16184,61880,120615,86843,33772,1137,160645
6882,15356,62419,0,0,0,1100,160645
6883,14391,63046,0,0,0,1137,160645
6884,13356,63719,0,0,0,1247,160645
6885,12321,64392,0,0,0,1422,160645
6886,11356,65019,0,0,0,1650,160645
6887,10528,65557,0,0,0,1915,160645
6888,9781,66043,0,0,0,2200,184100
6889,9381,66302,0,0,0,2485,184100
6890,9245,66391,0,0,0,2750,184100
6891,9381,66302,0,0,0,2978,184100
6892,9781,66043,0,0,0,3153,184100
6893,10416,65629,0,0,0,3263,184100
6894,11245,65091,0,0,0,3300,184100
6895,12210,64464,119321,85911,33410,3263,184100
6896,13245,63791,230510,165967,64543,3153,184100
6897,14280,63118,325990,234713,91277,2978,184100
6898,15245,62491,399254,287463,111791,2750,184100
6899,16073,61952,445310,320623,124687,2485,184100
6900,16709,61539,461019,331934,129085,2200,184100
6901,17109,61279,445310,320623,124687,1915,184100
6902,17245,61191,399254,287463,111791,1650,184100
6903,17109,61279,325990,234713,91277,1422,184100
6904,16709,61539,230510,165967,64543,1247,184100
6905,16073,61952,119321,85911,33410,1137,184100
6906,15245,62491,0,0,0,1100,184100
6907,14280,63118,0,0,0,1137,184100
6908,13245,63791,0,0,0,1247,184100
6909,12210,64464,0,0,0,1422,184100
6910,11245,65091,0,0,0,1650,184100
6911,10416,65629,0,0,0,1915,184100
6912,9670,66114,0,0,0,2200,207555
6913,9271,66374,0,0,0,2485,207555
6914,9135,66463,0,0,0,2750,207555
6915,9271,66374,0,0,0,2978,207555
6916,9670,66114,0,0,0,3153,207555
6917,10306,65701,0,0,0,3263,207555
6918,11135,65163,0,0,0,3300,207555
6919,12099,64535,118035,84985,33050,3263,207555
6920,13135,63863,228026,164179,63847,3153,207555
6921,14170,63190,322478,232184,90294,2978,207555
6922,15135,62563,394953,284366,110587,2750,207555
6923,15963,62024,440513,317170,123344,2485,207555
6924,16599,61611,456053,328358,127695,2200,207555
6925,16998,61351,440513,317170,123344,1915,207555
6926,17135,61263,394953,284366,110587,1650,207555
6927,16998,61351,322478,232184,90294,1422,207555
6928,16599,61611,228026,164179,63847,1247,207555
6929,15963,62024,118035,84985,33050,1137,207555
6930,15135,62563,0,0,0,1100,207555
6931,14170,63190,0,0,0,1137,207555
6932,13135,63863,0,0,0,1247,207555
6933,12099,64535,0,0,0,1422,207555
6934,11135,65163,0,0,0,1650,207555
6935,10306,65701,0,0,0,1915,207555
6936,9561,66185,0,0,0,2200,213348
6937,9161,66445,0,0,0,2485,213348
6938,9025,66534,0,0,0,2750,213348
6939,9161,66445,0,0,0,2978,213348
6940,9561,66185,0,0,0,3153,213348
6941,10197,65772,0,0,0,3263,213348
6942,11025,65234,0,0,0,3300,213348
6943,11990,64607,116760,84067,32693,3263,213348
6944,13025,63934,225562,162405,63157,3153,213348
6945,14060,63261,318993,229675,89318,2978,213348
6946,15025,62634,390686,281294,109392,2750,213348
6947,15853,62095,435753,313742,122011,2485,213348
6948,16489,61682,451125,324810,126315,2200,213348
6949,16889,61422,435753,313742,122011,1915,213348
6950,17025,61334,390686,281294,109392,1650,213348
6951,16889,61422,318993,229675,89318,1422,213348
6952,16489,61682,225562,162405,63157,1247,213348
6953,15853,62095,116760,84067,32693,1137,213348
6954,15025,62634,0,0,0,1100,213348
6955,14060,63261,0,0,0,1137,213348
6956,13025,63934,0,0,0,1247,213348
6957,11990,64607,0,0,0,1422,213348
6958,11025,65234,0,0,0,1650,213348
6959,10197,65772,0,0,0,1915,213348
6960,9452,66256,0,0,0,2200,197117
6961,9053,66516,0,0,0,2485,197117
6962,8916,66604,0,0,0,2750,197117
6963,9053,66516,0,0,0,2978,197117
6964,9452,66256,0,0,0,3153,197117
6965,10088,65843,0,0,0,3263,197117
6966,10916,65304,0,0,0,3300,197117
6967,11881,64677,115495,83156,32338,3263,197117
6968,12916,64004,223118,160645,62473,3153,197117
6969,13952,63331,315537,227187,88350,2978,197117
6970,14916,62704,386452,278246,108207,2750,197117
6971,15745,62166,431031,310343,120689,2485,197117
6972,16380,61753,446237,321290,124946,2200,197117
6973,16780,61493,431031,310343,120689,1915,197117
6974,16916,61404,386452,278246,108207,1650,197117
6975,16780,61493,315537,227187,88350,1422,197117
6976,16380,61753,223118,160645,62473,1247,197117
6977,15745,62166,115495,83156,32338,1137,197117
6978,14916,62704,0,0,0,1100,197117
6979,13952,63331,0,0,0,1137,197117
6980,12916,64004,0,0,0,1247,197117
6981,11881,64677,0,0,0,1422,197117
6982,10916,65304,0,0,0,1650,197117
6983,10088,65843,0,0,0,1915,197117
6984,9345,66326,0,0,0,2200,171083
6985,8945,66586,0,0,0,2485,171083
6986,8809,66674,0,0,0,2750,171083
6987,8945,66586,0,0,0,2978,171083
6988,9345,66326,0,0,0,3153,171083
6989,9980,65913,0,0,0,3263,171083
6990,10809,65374,0,0,0,3300,171083
6991,11773,64747,114240,82253,31987,3263,171083
6992,12809,64074,220695,158900,61795,3153,171083
6993,13844,63401,312109,224719,87391,2978,171083
6994,14809,62774,382254,275223,107031,2750,171083
6995,15637,62236,426349,306972,119378,2485,171083
6996,16273,61823,441389,317800,123589,2200,171083
6997,16672,61563,426349,306972,119378,1915,171083
6998,16809,61474,382254,275223,107031,1650,171083
6999,16672,61563,312109,224719,87391,1422,171083
7000,16273,61823,220695,158900,61795,1247,171083
7001,15637,62236,114240,82253,31987,1137,171083
7002,14809,62774,0,0,0,1100,171083
7003,13844,63401,0,0,0,1137,171083
7004,12809,64074,0,0,0,1247,171083
7005,11773,64747,0,0,0,1422,171083
7006,10809,65374,0,0,0,1650,171083
7007,9980,65913,0,0,0,1915,171083
7008,9238,66395,0,0,0,2200,154852
7009,8838,66655,0,0,0,2485,154852
7010,8702,66744,0,0,0,2750,154852
7011,8838,66655,0,0,0,2978,154852
7012,9238,66395,0,0,0,3153,154852
7013,9873,65982,0,0,0,3263,154852
7014,10702,65444,0,0,0,3300,154852
7015,11667,64817,112996,81357,31639,3263,154852
7016,12702,64144,218292,157171,61122,3153,154852
7017,13737,63471,308712,222273,86439,2978,154852
7018,14702,62844,378093,272227,105866,2750,154852
7019,15530,62305,421708,303630,118078,2485,154852
7020,16166,61892,436585,314341,122244,2200,154852
7021,16566,61632,421708,303630,118078,1915,154852
7022,16702,61544,378093,272227,105866,1650,154852
7023,16566,61632,308712,222273,86439,1422,154852
7024,16166,61892,218292,157171,61122,1247,154852
7025,15530,62305,112996,81357,31639,1137,154852
7026,14702,62844,0,0,0,1100,154852
7027,13737,63471,0,0,0,1137,154852
7028,12702,64144,0,0,0,1247,154852
7029,11667,64817,0,0,0,1422,154852
7030,10702,65444,0,0,0,1650,154852
7031,9873,65982,0,0,0,1915,154852
7032,9132,66464,0,0,0,2200,160645
7033,8732,66724,0,0,0,2485,160645
7034,8596,66813,0,0,0,2750,160645
7035,8732,66724,0,0,0,2978,160645
7036,9132,66464,0,0,0,3153,160645
7037,9768,66051,0,0,0,3263,160645
7038,10596,65513,0,0,0,3300,160645
7039,11561,64885,111764,80470,31294,3263,160645
7040,12596,64213,215912,155457,60455,3153,160645
7041,13631,63540,305346,219849,85497,2978,160645
7042,14596,62913,373971,269259,104712,2750,160645
7043,15425,62374,417110,300319,116791,2485,160645
7044,16060,61961,431824,310913,120911,2200,160645
7045,16460,61701,417110,300319,116791,1915,160645
7046,16596,61613,373971,269259,104712,1650,160645
7047,16460,61701,305346,219849,85497,1422,160645
7048,16060,61961,215912,155457,60455,1247,160645
7049,15425,62374,111764,80470,31294,1137,160645
7050,14596,62913,0,0,0,1100,160645
7051,13631,63540,0,0,0,1137,160645
7052,12596,64213,0,0,0,1247,160645
7053,11561,64885,0,0,0,1422,160645
7054,10596,65513,0,0,0,1650,160645
7055,9768,66051,0,0,0,1915,160645
7056,9027,66532,0,0,0,2200,184100
7057,8628,66792,0,0,0,2485,184100
7058,8491,66881,0,0,0,2750,184100
7059,8628,66792,0,0,0,2978,184100
7060,9027,66532,0,0,0,3153,184100
7061,9663,66119,0,0,0,3263,184100
7062,10491,65581,0,0,0,3300,184100
7063,11456,64954,110544,79592,30952,3263,184100
7064,12491,64281,213554,153759,59795,3153,184100
7065,13527,63608,302012,217448,84563,2978,184100
7066,14491,62981,369887,266319,103568,2750,184100
7067,15320,62442,412555,297040,115516,2485,184100
7068,15955,62029,427109,307518,119590,2200,184100
7069,16355,61769,412555,297040,115516,1915,184100
7070,16491,61681,369887,266319,103568,1650,184100
7071,16355,61769,302012,217448,84563,1422,184100
7072,15955,62029,213554,153759,59795,1247,184100
7073,15320,62442,110544,79592,30952,1137,184100
7074,14491,62981,0,0,0,1100,184100
7075,13527,63608,0,0,0,1137,184100
7076,12491,64281,0,0,0,1247,184100
7077,11456,64954,0,0,0,1422,184100
7078,10491,65581,0,0,0,1650,184100
7079,9663,66119,0,0,0,1915,184100
7080,8923,66600,0,0,0,2200,207555
7081,8524,66859,0,0,0,2485,207555
7082,8388,66948,0,0,0,2750,207555
7083,8524,66859,0,0,0,2978,207555
7084,8923,66600,0,0,0,3153,207555
7085,9559,66187,0,0,0,3263,207555
7086,10388,65648,0,0,0,3300,207555
7087,11352,65021,109336,78722,30614,3263,207555
7088,12388,64348,211220,152079,59142,3153,207555
7089,13423,63675,298710,215072,83639,2978,207555
7090,14388,63048,365844,263408,102436,2750,207555
7091,15216,62510,408046,293793,114253,2485,207555
7092,15852,62096,422440,304157,118283,2200,207555
7093,16251,61837,408046,293793,114253,1915,207555
7094,16388,61748,365844,263408,102436,1650,207555
7095,16251,61837,298710,215072,83639,1422,207555
7096,15852,62096,211220,152079,59142,1247,207555
7097,15216,62510,109336,78722,30614,1137,207555
7098,14388,63048,0,0,0,1100,207555
7099,13423,63675,0,0,0,1137,207555
7100,12388,64348,0,0,0,1247,207555
7101,11352,65021,0,0,0,1422,207555
7102,10388,65648,0,0,0,1650,207555
7103,9559,66187,0,0,0,1915,207555
7104,8821,66666,0,0,0,2200,213348
7105,8421,66926,0,0,0,2485,213348
7106,8285,67015,0,0,0,2750,213348
7107,8421,66926,0,0,0,2978,213348
7108,8821,66666,0,0,0,3153,213348
7109,9456,66253,0,0,0,3263,213348
7110,10285,65715,0,0,0,3300,213348
7111,11250,65088,108140,77861,30279,3263,213348
7112,12285,64415,208910,150415,58495,3153,213348
7113,13320,63742,295443,212719,82724,2978,213348
7114,14285,63115,361843,260527,101316,2750,213348
7115,15113,62576,403583,290580,113003,2485,213348
7116,15749,62163,417820,300830,116990,2200,213348
7117,16149,61903,403583,290580,113003,1915,213348
7118,16285,61815,361843,260527,101316,1650,213348
7119,16149,61903,295443,212719,82724,1422,213348
7120,15749,62163,208910,150415,58495,1247,213348
7121,15113,62576,108140,77861,30279,1137,213348
7122,14285,63115,0,0,0,1100,213348
7123,13320,63742,0,0,0,1137,213348
7124,12285,64415,0,0,0,1247,213348
7125,11250,65088,0,0,0,1422,213348
7126,10285,65715,0,0,0,1650,213348
7127,9456,66253,0,0,0,1915,213348
7128,8719,66733,0,0,0,2200,197117
7129,8320,66992,0,0,0,2485,197117
7130,8183,67081,0,0,0,2750,197117
7131,8320,66992,0,0,0,2978,197117
7132,8719,66733,0,0,0,3153,197117
7133,9355,66319,0,0,0,3263,197117
7134,10183,65781,0,0,0,3300,197117
7135,11148,65154,106957,77009,29948,3263,197117
7136,12183,64481,206625,148770,57855,3153,197117
7137,13219,63808,292211,210392,81819,2978,197117
7138,14183,63181,357884,257677,100208,2750,197117
7139,15012,62642,399168,287401,111767,2485,197117
7140,15647,62229,413249,297539,115710,2200,197117
7141,16047,61969,399168,287401,111767,1915,197117
7142,16183,61881,357884,257677,100208,1650,197117
7143,16047,61969,292211,210392,81819,1422,197117
7144,15647,62229,206625,148770,57855,1247,197117
7145,15012,62642,106957,77009,29948,1137,197117
7146,14183,63181,0,0,0,1100,197117
7147,13219,63808,0,0,0,1137,197117
7148,12183,64481,0,0,0,1247,197117
7149,11148,65154,0,0,0,1422,197117
7150,10183,65781,0,0,0,1650,197117
7151,9355,66319,0,0,0,1915,197117
7152,8619,66798,0,0,0,2200,171083
7153,8219,67058,0,0,0,2485,171083
7154,8083,67146,0,0,0,2750,171083
7155,8219,67058,0,0,0,2978,171083
7156,8619,66798,0,0,0,3153,171083
7157,9254,66385,0,0,0,3263,171083
7158,10083,65846,0,0,0,3300,171083
7159,11048,65219,105787,76167,29620,3263,171083
7160,12083,64546,204365,147143,57222,3153,171083
7161,13118,63873,289015,208091,80924,2978,171083
7162,14083,63246,353970,254858,99112,2750,171083
7163,14911,62708,394802,284258,110545,2485,171083
7164,15547,62294,408729,294285,114444,2200,171083
7165,15947,62035,394802,284258,110545,1915,171083
7166,16083,61946,353970,254858,99112,1650,171083
7167,15947,62035,289015,208091,80924,1422,171083
7168,15547,62294,204365,147143,57222,1247,171083
7169,14911,62708,105787,76167,29620,1137,171083
7170,14083,63246,0,0,0,1100,171083
7171,13118,63873,0,0,0,1137,171083
7172,12083,64546,0,0,0,1247,171083
7173,11048,65219,0,0,0,1422,171083
7174,10083,65846,0,0,0,1650,171083
7175,9254,66385,0,0,0,1915,171083
7176,8519,66862,0,0,0,2200,154852
7177,8120,67122,0,0,0,2485,154852
7178,7984,67211,0,0,0,2750,154852
7179,8120,67122,0,0,0,2978,154852
7180,8519,66862,0,0,0,3153,154852
7181,9155,66449,0,0,0,3263,154852
7182,9984,65911,0,0,0,3300,154852
7183,10948,65284,104631,75334,29297,3263,154852
7184,11984,64611,202131,145534,56597,3153,154852
7185,13019,63938,285856,205816,80040,2978,154852
7186,13984,63311,350101,252073,98028,2750,154852
7187,14812,62772,390487,281151,109336,2485,154852
7188,15448,62359,404262,291068,113193,2200,154852
7189,15847,62099,390487,281151,109336,1915,154852
7190,15984,62011,350101,252073,98028,1650,154852
7191,15847,62099,285856,205816,80040,1422,154852
7192,15448,62359,202131,145534,56597,1247,154852
7193,14812,62772,104631,75334,29297,1137,154852
7194,13984,63311,0,0,0,1100,154852
7195,13019,63938,0,0,0,1137,154852
7196,11984,64611,0,0,0,1247,154852
7197,10948,65284,0,0,0,1422,154852
7198,9984,65911,0,0,0,1650,154852
7199,9155,66449,0,0,0,1915,154852
7200,8421,66926,0,0,0,2200,160645
7201,8022,67186,0,0,0,2485,160645
7202,7886,67274,0,0,0,2750,160645
7203,8022,67186,0,0,0,2978,160645
7204,8421,66926,0,0,0,3153,160645
7205,9057,66513,0,0,0,3263,160645
7206,9886,65974,0,0,0,3300,160645
7207,10850,65347,103488,74511,28977,3263,160645
7208,11886,64674,199924,143945,55979,3153,160645
7209,12921,64001,282735,203569,79166,2978,160645
7210,13886,63374,346278,249320,96958,2750,160645
7211,14714,62836,386223,278081,108142,2485,160645
7212,15350,62423,399848,287890,111957,2200,160645
7213,15749,62163,386223,278081,108142,1915,160645
7214,15886,62074,346278,249320,96958,1650,160645
7215,15749,62163,282735,203569,79166,1422,160645
7216,15350,62423,199924,143945,55979,1247,160645
7217,14714,62836,103488,74511,28977,1137,160645
7218,13886,63374,0,0,0,1100,160645
7219,12921,64001,0,0,0,1137,160645
7220,11886,64674,0,0,0,1247,160645
7221,10850,65347,0,0,0,1422,160645
7222,9886,65974,0,0,0,1650,160645
7223,9057,66513,0,0,0,1915,160645
7224,8325,66989,0,0,0,2200,184100
7225,7925,67249,0,0,0,2485,184100
7226,7789,67337,0,0,0,2750,184100
7227,7925,67249,0,0,0,2978,184100
7228,8325,66989,0,0,0,3153,184100
7229,8960,66576,0,0,0,3263,184100
7230,9789,66037,0,0,0,3300,184100
7231,10753,65410,102360,73699,28661,3263,184100
7232,11789,64737,197744,142376,55368,3153,184100
7233,12824,64064,279653,201350,78303,2978,184100
7234,13789,63437,342503,246602,95901,2750,184100
7235,14617,62899,382012,275049,106963,2485,184100
7236,15253,62486,395488,284752,110737,2200,184100
7237,15652,62226,382012,275049,106963,1915,184100
7238,15789,62137,342503,246602,95901,1650,184100
7239,15652,62226,279653,201350,78303,1422,184100
7240,15253,62486,197744,142376,55368,1247,184100
7241,14617,62899,102360,73699,28661,1137,184100
7242,13789,63437,0,0,0,1100,184100
7243,12824,64064,0,0,0,1137,184100
7244,11789,64737,0,0,0,1247,184100
7245,10753,65410,0,0,0,1422,184100
7246,9789,66037,0,0,0,1650,184100
7247,8960,66576,0,0,0,1915,184100
7248,8229,67051,0,0,0,2200,207555
7249,7829,67311,0,0,0,2485,207555
7250,7693,67400,0,0,0,2750,207555
7251,7829,67311,0,0,0,2978,207555
7252,8229,67051,0,0,0,3153,207555
7253,8865,66638,0,0,0,3263,207555
7254,9693,66100,0,0,0,3300,207555
7255,10658,65472,101246,72897,28349,3263,207555
7256,11693,64800,195593,140827,54766,3153,207555
7257,12728,64127,276610,199159,77451,2978,207555
7258,13693,63500,338776,243919,94857,2750,207555
7259,14521,62961,377856,272056,105800,2485,207555
7260,15157,62548,391185,281653,109532,2200,207555
7261,15557,62288,377856,272056,105800,1915,207555
7262,15693,62200,338776,243919,94857,1650,207555
7263,15557,62288,276610,199159,77451,1422,207555
7264,15157,62548,195593,140827,54766,1247,207555
7265,14521,62961,101246,72897,28349,1137,207555
7266,13693,63500,0,0,0,1100,207555
7267,12728,64127,0,0,0,1137,207555
7268,11693,64800,0,0,0,1247,207555
7269,10658,65472,0,0,0,1422,207555
7270,9693,66100,0,0,0,1650,207555
7271,8865,66638,0,0,0,1915,207555
7272,8135,67113,0,0,0,2200,213348
7273,7735,67372,0,0,0,2485,213348
7274,7599,67461,0,0,0,2750,213348
7275,7735,67372,0,0,0,2978,213348
7276,8135,67113,0,0,0,3153,213348
7277,8770,66699,0,0,0,3263,213348
7278,9599,66161,0,0,0,3300,213348
7279,10563,65534,100147,72106,28041,3263,213348
7280,11599,64861,193470,139298,54172,3153,213348
7281,12634,64188,273608,196998,76610,2978,213348
7282,13599,63561,335100,241272,93828,2750,213348
7283,14427,63022,373755,269104,104651,2485,213348
7284,15063,62609,386940,278597,108343,2200,213348
7285,15462,62349,373755,269104,104651,1915,213348
7286,15599,62261,335100,241272,93828,1650,213348
7287,15462,62349,273608,196998,76610,1422,213348
7288,15063,62609,193470,139298,54172,1247,213348
7289,14427,63022,100147,72106,28041,1137,213348
7290,13599,63561,0,0,0,1100,213348
7291,12634,64188,0,0,0,1137,213348
7292,11599,64861,0,0,0,1247,213348
7293,10563,65534,0,0,0,1422,213348
7294,9599,66161,0,0,0,1650,213348
7295,8770,66699,0,0,0,1915,213348
7296,8042,67173,0,0,0,2200,197117
7297,7642,67433,0,0,0,2485,197117
7298,7506,67521,0,0,0,2750,197117
7299,7642,67433,0,0,0,2978,197117
7300,8042,67173,0,0,0,3153,197117
7301,8677,66760,0,0,0,3263,197117
7302,9506,66221,0,0,0,3300,197117
7303,10470,65594,99064,71326,27738,3263,197117
7304,11506,64921,191376,137791,53585,3153,197117
7305,12541,64248,270647,194866,75781,2978,197117
7306,13506,63621,331474,238661,92813,2750,197117
7307,14334,63083,369711,266192,103519,2485,197117
7308,14970,62670,382753,275582,107171,2200,197117
7309,15369,62410,369711,266192,103519,1915,197117
7310,15506,62321,331474,238661,92813,1650,197117
7311,15369,62410,270647,194866,75781,1422,197117
7312,14970,62670,191376,137791,53585,1247,197117
7313,14334,63083,99064,71326,27738,1137,197117
7314,13506,63621,0,0,0,1100,197117
7315,12541,64248,0,0,0,1137,197117
7316,11506,64921,0,0,0,1247,197117
7317,10470,65594,0,0,0,1422,197117
7318,9506,66221,0,0,0,1650,197117
7319,8677,66760,0,0,0,1915,197117
7320,7950,67233,0,0,0,2200,171083
7321,7550,67492,0,0,0,2485,171083
7322,7414,67581,0,0,0,2750,171083
7323,7550,67492,0,0,0,2978,171083
7324,7950,67233,0,0,0,3153,171083
7325,8585,66819,0,0,0,3263,171083
7326,9414,66281,0,0,0,3300,171083
7327,10379,65654,97996,70557,27439,3263,171083
7328,11414,64981,189313,136305,53008,3153,171083
7329,12449,64308,267729,192765,74964,2978,171083
7330,13414,63681,327900,236088,91812,2750,171083
7331,14242,63142,365724,263322,102403,2485,171083
7332,14878,62729,378626,272611,106015,2200,171083
7333,15278,62470,365724,263322,102403,1915,171083
7334,15414,62381,327900,236088,91812,1650,171083
7335,15278,62470,267729,192765,74964,1422,171083
7336,14878,62729,189313,136305,53008,1247,171083
7337,14242,63142,97996,70557,27439,1137,171083
7338,13414,63681,0,0,0,1100,171083
7339,12449,64308,0,0,0,1137,171083
7340,11414,64981,0,0,0,1247,171083
7341,10379,65654,0,0,0,1422,171083
7342,9414,66281,0,0,0,1650,171083
7343,8585,66819,0,0,0,1915,171083
7344,7859,67291,0,0,0,2200,154852
7345,7460,67551,0,0,0,2485,154852
7346,7324,67640,0,0,0,2750,154852
7347,7460,67551,0,0,0,2978,154852
7348,7859,67291,0,0,0,3153,154852
7349,8495,66878,0,0,0,3263,154852
7350,9324,66340,0,0,0,3300,154852
7351,10288,65713,96943,69799,27144,3263,154852
7352,11324,65040,187280,134842,52438,3153,154852
7353,12359,64367,264854,190695,74159,2978,154852
7354,13324,63740,324378,233552,90826,2750,154852
7355,14152,63201,361797,260494,101303,2485,154852
7356,14788,62788,374560,269683,104877,2200,154852
7357,15187,62528,361797,260494,101303,1915,154852
7358,15324,62440,324378,233552,90826,1650,154852
7359,15187,62528,264854,190695,74159,1422,154852
7360,14788,62788,187280,134842,52438,1247,154852
7361,14152,63201,96943,69799,27144,1137,154852
7362,13324,63740,0,0,0,1100,154852
7363,12359,64367,0,0,0,1137,154852
7364,11324,65040,0,0,0,1247,154852
7365,10288,65713,0,0,0,1422,154852
7366,9324,66340,0,0,0,1650,154852
7367,8495,66878,0,0,0,1915,154852
7368,7770,67349,0,0,0,2200,160645
7369,7371,67609,0,0,0,2485,160645
7370,7235,67698,0,0,0,2750,160645
7371,7371,67609,0,0,0,2978,160645
7372,7770,67349,0,0,0,3153,160645
7373,8406,66936,0,0,0,3263,160645
7374,9235,66398,0,0,0,3300,160645
7375,10199,65770,95907,69053,26854,3263,160645
7376,11235,65098,185278,133400,51878,3153,160645
7377,12270,64425,262023,188657,73366,2978,160645
7378,13235,63798,320911,231056,89855,2750,160645
7379,14063,63259,357930,257710,100220,2485,160645
7380,14699,62846,370556,266801,103756,2200,160645
7381,15098,62586,357930,257710,100220,1915,160645
7382,15235,62498,320911,231056,89855,1650,160645
7383,15098,62586,262023,188657,73366,1422,160645
7384,14699,62846,185278,133400,51878,1247,160645
7385,14063,63259,95907,69053,26854,1137,160645
7386,13235,63798,0,0,0,1100,160645
7387,12270,64425,0,0,0,1137,160645
7388,11235,65098,0,0,0,1247,160645
7389,10199,65770,0,0,0,1422,160645
7390,9235,66398,0,0,0,1650,160645
7391,8406,66936,0,0,0,1915,160645
7392,7683,67406,0,0,0,2200,184100
7393,7283,67666,0,0,0,2485,184100
7394,7147,67754,0,0,0,2750,184100
7395,7283,67666,0,0,0,2978,184100
7396,7683,67406,0,0,0,3153,184100
7397,8319,66993,0,0,0,3263,184100
7398,9147,66454,0,0,0,3300,184100
7399,10112,65827,94887,68319,26568,3263,184100
7400,11147,65154,183308,131982,51326,3153,184100
7401,12182,64482,259237,186651,72586,2978,184100
7402,13147,63854,317499,228599,88900,2750,184100
7403,13975,63316,354124,254969,99155,2485,184100
7404,14611,62903,366616,263964,102653,2200,184100
7405,15011,62643,354124,254969,99155,1915,184100
7406,15147,62554,317499,228599,88900,1650,184100
7407,15011,62643,259237,186651,72586,1422,184100
7408,14611,62903,183308,131982,51326,1247,184100
7409,13975,63316,94887,68319,26568,1137,184100
7410,13147,63854,0,0,0,1100,184100
7411,12182,64482,0,0,0,1137,184100
7412,11147,65154,0,0,0,1247,184100
7413,10112,65827,0,0,0,1422,184100
7414,9147,66454,0,0,0,1650,184100
7415,8319,66993,0,0,0,1915,184100
7416,7597,67462,0,0,0,2200,207555
7417,7197,67722,0,0,0,2485,207555
7418,7061,67810,0,0,0,2750,207555
7419,7197,67722,0,0,0,2978,207555
7420,7597,67462,0,0,0,3153,207555
7421,8232,67049,0,0,0,3263,207555
7422,9061,66510,0,0,0,3300,207555
7423,10026,65883,93884,67597,26288,3263,207555
7424,11061,65210,181371,130587,50784,3153,207555
7425,12096,64537,256497,184678,71819,2978,207555
7426,13061,63910,314143,226183,87960,2750,207555
7427,13889,63372,350381,252274,98107,2485,207555
7428,14525,62959,362741,261174,101568,2200,207555
7429,14925,62699,350381,252274,98107,1915,207555
7430,15061,62610,314143,226183,87960,1650,207555
7431,14925,62699,256497,184678,71819,1422,207555
7432,14525,62959,181371,130587,50784,1247,207555
7433,13889,63372,93884,67597,26288,1137,207555
7434,13061,63910,0,0,0,1100,207555
7435,12096,64537,0,0,0,1137,207555
7436,11061,65210,0,0,0,1247,207555
7437,10026,65883,0,0,0,1422,207555
7438,9061,66510,0,0,0,1650,207555
7439,8232,67049,0,0,0,1915,207555
7440,7512,67517,0,0,0,2200,213348
7441,7113,67777,0,0,0,2485,213348
7442,6976,67865,0,0,0,2750,213348
7443,7113,67777,0,0,0,2978,213348
7444,7512,67517,0,0,0,3153,213348
7445,8148,67104,0,0,0,3263,213348
7446,8976,66565,0,0,0,3300,213348
7447,9941,65938,92898,66887,26012,3263,213348
7448,10976,65265,179466,129215,50250,3153,213348
7449,12012,64593,253803,182738,71065,2978,213348
7450,12976,63965,310844,223808,87036,2750,213348
7451,13805,63427,346701,249625,97076,2485,213348
7452,14440,63014,358932,258431,100501,2200,213348
7453,14840,62754,346701,249625,97076,1915,213348
7454,14976,62665,310844,223808,87036,1650,213348
7455,14840,62754,253803,182738,71065,1422,213348
7456,14440,63014,179466,129215,50250,1247,213348
7457,13805,63427,92898,66887,26012,1137,213348
7458,12976,63965,0,0,0,1100,213348
7459,12012,64593,0,0,0,1137,213348
7460,10976,65265,0,0,0,1247,213348
7461,9941,65938,0,0,0,1422,213348
7462,8976,66565,0,0,0,1650,213348
7463,8148,67104,0,0,0,1915,213348
7464,7429,67571,0,0,0,2200,197117
7465,7029,67831,0,0,0,2485,197117
7466,6893,67919,0,0,0,2750,197117
7467,7029,67831,0,0,0,2978,197117
7468,7429,67571,0,0,0,3153,197117
7469,8065,67158,0,0,0,3263,197117
7470,8893,66619,0,0,0,3300,197117
7471,9858,65992,91930,66189,25740,3263,197117
7472,10893,65319,177595,127868,49727,3153,197117
7473,11928,64647,251157,180833,70324,2978,197117
7474,12893,64019,307603,221474,86129,2750,197117
7475,13722,63481,343087,247022,96064,2485,197117
7476,14357,63068,355189,255736,99453,2200,197117
7477,14757,62808,343087,247022,96064,1915,197117
7478,14893,62719,307603,221474,86129,1650,197117
7479,14757,62808,251157,180833,70324,1422,197117
7480,14357,63068,177595,127868,49727,1247,197117
7481,13722,63481,91930,66189,25740,1137,197117
7482,12893,64019,0,0,0,1100,197117
7483,11928,64647,0,0,0,1137,197117
7484,10893,65319,0,0,0,1247,197117
7485,9858,65992,0,0,0,1422,197117
7486,8893,66619,0,0,0,1650,197117
7487,8065,67158,0,0,0,1915,197117
7488,7347,67624,0,0,0,2200,171083
7489,6948,67884,0,0,0,2485,171083
7490,6811,67973,0,0,0,2750,171083
7491,6948,67884,0,0,0,2978,171083
7492,7347,67624,0,0,0,3153,171083
7493,7983,67211,0,0,0,3263,171083
7494,8811,66673,0,0,0,3300,171083
7495,9776,66045,90979,65505,25474,3263,171083
7496,10811,65373,175758,126545,49212,3153,171083
7497,11847,64700,248559,178962,69596,2978,171083
7498,12811,64073,304421,219183,85238,2750,171083
7499,13640,63534,339537,244467,95070,2485,171083
7500,14276,63121,351515,253091,98424,2200,171083
7501,14675,62861,339537,244467,95070,1915,171083
7502,14811,62773,304421,219183,85238,1650,171083
7503,14675,62861,248559,178962,69596,1422,171083
7504,14276,63121,175758,126545,49212,1247,171083
7505,13640,63534,90979,65505,25474,1137,171083
7506,12811,64073,0,0,0,1100,171083
7507,11847,64700,0,0,0,1137,171083
7508,10811,65373,0,0,0,1247,171083
7509,9776,66045,0,0,0,1422,171083
7510,8811,66673,0,0,0,1650,171083
7511,7983,67211,0,0,0,1915,171083
7512,7267,67676,0,0,0,2200,154852
7513,6868,67936,0,0,0,2485,154852
7514,6731,68025,0,0,0,2750,154852
7515,6868,67936,0,0,0,2978,154852
7516,7267,67676,0,0,0,3153,154852
7517,7903,67263,0,0,0,3263,154852
7518,8731,66725,0,0,0,3300,154852
7519,9696,66098,90046,64833,25213,3263,154852
7520,10731,65425,173955,125248,48707,3153,154852
7521,11767,64752,246009,177127,68883,2978,154852
7522,12731,64125,301299,216935,84364,2750,154852
7523,13560,63586,336055,241960,94095,2485,154852
7524,14195,63173,347910,250495,97415,2200,154852
7525,14595,62913,336055,241960,94095,1915,154852
7526,14731,62825,301299,216935,84364,1650,154852
7527,14595,62913,246009,177127,68883,1422,154852
7528,14195,63173,173955,125248,48707,1247,154852
7529,13560,63586,90046,64833,25213,1137,154852
7530,12731,64125,0,0,0,1100,154852
7531,11767,64752,0,0,0,1137,154852
7532,10731,65425,0,0,0,1247,154852
7533,9696,66098,0,0,0,1422,154852
7534,8731,66725,0,0,0,1650,154852
7535,7903,67263,0,0,0,1915,154852
7536,7189,67727,0,0,0,2200,160645
7537,6789,67987,0,0,0,2485,160645
7538,6653,68076,0,0,0,2750,160645
7539,6789,67987,0,0,0,2978,160645
7540,7189,67727,0,0,0,3153,160645
7541,7824,67314,0,0,0,3263,160645
7542,8653,66776,0,0,0,3300,160645
7543,9618,66149,89131,64174,24957,3263,160645
7544,10653,65476,172188,123975,48213,3153,160645
7545,11688,64803,243510,175327,68183,2978,160645
7546,12653,64176,298238,214731,83507,2750,160645
7547,13481,63637,332641,239501,93139,2485,160645
7548,14117,63224,344375,247950,96425,2200,160645
7549,14516,62964,332641,239501,93139,1915,160645
7550,14653,62876,298238,214731,83507,1650,160645
7551,14516,62964,243510,175327,68183,1422,160645
7552,14117,63224,172188,123975,48213,1247,160645
7553,13481,63637,89131,64174,24957,1137,160645
7554,12653,64176,0,0,0,1100,160645
7555,11688,64803,0,0,0,1137,160645
7556,10653,65476,0,0,0,1247,160645
7557,9618,66149,0,0,0,1422,160645
7558,8653,66776,0,0,0,1650,160645
7559,7824,67314,0,0,0,1915,160645
7560,7112,67777,0,0,0,2200,184100
7561,6712,68037,0,0,0,2485,184100
7562,6576,68126,0,0,0,2750,184100
7563,6712,68037,0,0,0,2978,184100
7564,7112,67777,0,0,0,3153,184100
7565,7747,67364,0,0,0,3263,184100
7566,8576,66826,0,0,0,3300,184100
7567,9541,66199,88234,63529,24706,3263,184100
7568,10576,65526,170456,122728,47728,3153,184100
7569,11611,64853,241061,173564,67497,2978,184100
7570,12576,64226,295238,212571,82667,2750,184100
7571,13404,63687,329295,237093,92203,2485,184100
7572,14040,63274,340912,245456,95455,2200,184100
7573,14440,63014,329295,237093,92203,1915,184100
7574,14576,62926,295238,212571,82667,1650,184100
7575,14440,63014,241061,173564,67497,1422,184100
7576,14040,63274,170456,122728,47728,1247,184100
7577,13404,63687,88234,63529,24706,1137,184100
7578,12576,64226,0,0,0,1100,184100
7579,11611,64853,0,0,0,1137,184100
7580,10576,65526,0,0,0,1247,184100
7581,9541,66199,0,0,0,1422,184100
7582,8576,66826,0,0,0,1650,184100
7583,7747,67364,0,0,0,1915,184100
7584,7036,67826,0,0,0,2200,207555
7585,6637,68086,0,0,0,2485,207555
7586,6500,68175,0,0,0,2750,207555
7587,6637,68086,0,0,0,2978,207555
7588,7036,67826,0,0,0,3153,207555
7589,7672,67413,0,0,0,3263,207555
7590,8500,66875,0,0,0,3300,207555
7591,9465,66248,87357,62897,24460,3263,207555
7592,10500,65575,168760,121507,47253,3153,207555
7593,11536,64902,238663,171837,66826,2978,207555
7594,12500,64275,292301,210457,81844,2750,207555
7595,13329,63736,326020,234734,91285,2485,207555
7596,13965,63323,337520,243015,94506,2200,207555
7597,14364,63063,326020,234734,91285,1915,207555
7598,14500,62975,292301,210457,81844,1650,207555
7599,14364,63063,238663,171837,66826,1422,207555
7600,13965,63323,168760,121507,47253,1247,207555
7601,13329,63736,87357,62897,24460,1137,207555
7602,12500,64275,0,0,0,1100,207555
7603,11536,64902,0,0,0,1137,207555
7604,10500,65575,0,0,0,1247,207555
7605,9465,66248,0,0,0,1422,207555
7606,8500,66875,0,0,0,1650,207555
7607,7672,67413,0,0,0,1915,207555
7608,6963,67874,0,0,0,2200,213348
7609,6563,68134,0,0,0,2485,213348
7610,6427,68223,0,0,0,2750,213348
7611,6563,68134,0,0,0,2978,213348
7612,6963,67874,0,0,0,3153,213348
7613,7598,67461,0,0,0,3263,213348
7614,8427,66923,0,0,0,3300,213348
7615,9391,66296,86498,62279,24219,3263,213348
7616,10427,65623,167101,120313,46788,3153,213348
7617,11462,64950,236317,170148,66169,2978,213348
7618,12427,64323,289428,208388,81040,2750,213348
7619,13255,63784,322815,232427,90388,2485,213348
7620,13891,63371,334202,240626,93577,2200,213348
7621,14290,63111,322815,232427,90388,1915,213348
7622,14427,63023,289428,208388,81040,1650,213348
7623,14290,63111,236317,170148,66169,1422,213348
7624,13891,63371,167101,120313,46788,1247,213348
7625,13255,63784,86498,62279,24219,1137,213348
7626,12427,64323,0,0,0,1100,213348
7627,11462,64950,0,0,0,1137,213348
7628,10427,65623,0,0,0,1247,213348
7629,9391,66296,0,0,0,1422,213348
7630,8427,66923,0,0,0,1650,213348
7631,7598,67461,0,0,0,1915,213348
7632,6891,67921,0,0,0,2200,197117
7633,6491,68181,0,0,0,2485,197117
7634,6355,68269,0,0,0,2750,197117
7635,6491,68181,0,0,0,2978,197117
7636,6891,67921,0,0,0,3153,197117
7637,7526,67508,0,0,0,3263,197117
7638,8355,66969,0,0,0,3300,197117
7639,9319,66342,85658,61674,23984,3263,197117
7640,10355,65669,165479,119145,46334,3153,197117
7641,11390,64997,234023,168497,65527,2978,197117
7642,12355,64369,286619,206365,80253,2750,197117
7643,13183,63831,319682,230171,89511,2485,197117
7644,13819,63418,330959,238290,92668,2200,197117
7645,14218,63158,319682,230171,89511,1915,197117
7646,14355,63069,286619,206365,80253,1650,197117
7647,14218,63158,234023,168497,65527,1422,197117
7648,13819,63418,165479,119145,46334,1247,197117
7649,13183,63831,85658,61674,23984,1137,197117
7650,12355,64369,0,0,0,1100,197117
7651,11390,64997,0,0,0,1137,197117
7652,10355,65669,0,0,0,1247,197117
7653,9319,66342,0,0,0,1422,197117
7654,8355,66969,0,0,0,1650,197117
7655,7526,67508,0,0,0,1915,197117
7656,6820,67967,0,0,0,2200,171083
7657,6421,68227,0,0,0,2485,171083
7658,6284,68315,0,0,0,2750,171083
7659,6421,68227,0,0,0,2978,171083
7660,6820,67967,0,0,0,3153,171083
7661,7456,67554,0,0,0,3263,171083
7662,8284,67015,0,0,0,3300,171083
7663,9249,66388,84838,61084,23755,3263,171083
7664,10284,65715,163895,118005,45891,3153,171083
7665,11320,65042,231783,166884,64899,2978,171083
7666,12284,64415,283875,204390,79485,2750,171083
7667,13113,63877,316621,227967,88654,2485,171083
7668,13748,63464,327791,236009,91781,2200,171083
7669,14148,63204,316621,227967,88654,1915,171083
7670,14284,63115,283875,204390,79485,1650,171083
7671,14148,63204,231783,166884,64899,1422,171083
7672,13748,63464,163895,118005,45891,1247,171083
7673,13113,63877,84838,61084,23755,1137,171083
7674,12284,64415,0,0,0,1100,171083
7675,11320,65042,0,0,0,1137,171083
7676,10284,65715,0,0,0,1247,171083
7677,9249,66388,0,0,0,1422,171083
7678,8284,67015,0,0,0,1650,171083
7679,7456,67554,0,0,0,1915,171083
7680,6751,68012,0,0,0,2200,154852
7681,6352,68271,0,0,0,2485,154852
7682,6216,68360,0,0,0,2750,154852
7683,6352,68271,0,0,0,2978,154852
7684,6751,68012,0,0,0,3153,154852
7685,7387,67598,0,0,0,3263,154852
7686,8216,67060,0,0,0,3300,154852
7687,9180,66433,84038,60507,23531,3263,154852
7688,10216,65760,162349,116891,45458,3153,154852
7689,11251,65087,229596,165309,64287,2978,154852
7690,12216,64460,281197,202462,78735,2750,154852
7691,13044,63921,313635,225817,87818,2485,154852
7692,13680,63508,324698,233783,90916,2200,154852
7693,14079,63249,313635,225817,87818,1915,154852
7694,14216,63160,281197,202462,78735,1650,154852
7695,14079,63249,229596,165309,64287,1422,154852
7696,13680,63508,162349,116891,45458,1247,154852
7697,13044,63921,84038,60507,23531,1137,154852
7698,12216,64460,0,0,0,1100,154852
7699,11251,65087,0,0,0,1137,154852
7700,10216,65760,0,0,0,1247,154852
7701,9180,66433,0,0,0,1422,154852
7702,8216,67060,0,0,0,1650,154852
7703,7387,67598,0,0,0,1915,154852
7704,6684,68055,0,0,0,2200,160645
7705,6285,68315,0,0,0,2485,160645
7706,6149,68403,0,0,0,2750,160645
7707,6285,68315,0,0,0,2978,160645
7708,6684,68055,0,0,0,3153,160645
7709,7320,67642,0,0,0,3263,160645
7710,8149,67103,0,0,0,3300,160645
7711,9113,66476,83258,59946,23312,3263,160645
7712,10149,65803,160842,115806,45036,3153,160645
7713,11184,65131,227465,163774,63690,2978,160645
7714,12149,64503,278586,200582,78004,2750,160645
7715,12977,63965,310722,223720,87002,2485,160645
7716,13613,63552,321683,231612,90071,2200,160645
7717,14012,63292,310722,223720,87002,1915,160645
7718,14149,63203,278586,200582,78004,1650,160645
7719,14012,63292,227465,163774,63690,1422,160645
7720,13613,63552,160842,115806,45036,1247,160645
7721,12977,63965,83258,59946,23312,1137,160645
7722,12149,64503,0,0,0,1100,160645
7723,11184,65131,0,0,0,1137,160645
7724,10149,65803,0,0,0,1247,160645
7725,9113,66476,0,0,0,1422,160645
7726,8149,67103,0,0,0,1650,160645
7727,7320,67642,0,0,0,1915,160645
7728,6619,68098,0,0,0,2200,184100
7729,6220,68357,0,0,0,2485,184100
7730,6083,68446,0,0,0,2750,184100
7731,6220,68357,0,0,0,2978,184100
7732,6619,68098,0,0,0,3153,184100
7733,7255,67684,0,0,0,3263,184100
7734,8083,67146,0,0,0,3300,184100
7735,9048,66519,82498,59398,23099,3263,184100
7736,10083,65846,159373,114749,44625,3153,184100
7737,11119,65173,225388,162279,63109,2978,184100
7738,12083,64546,276043,198751,77292,2750,184100
7739,12912,64007,307886,221678,86208,2485,184100
7740,13547,63594,318747,229498,89249,2200,184100
7741,13947,63334,307886,221678,86208,1915,184100
7742,14083,63246,276043,198751,77292,1650,184100
7743,13947,63334,225388,162279,63109,1422,184100
7744,13547,63594,159373,114749,44625,1247,184100
7745,12912,64007,82498,59398,23099,1137,184100
7746,12083,64546,0,0,0,1100,184100
7747,11119,65173,0,0,0,1137,184100
7748,10083,65846,0,0,0,1247,184100
7749,9048,66519,0,0,0,1422,184100
7750,8083,67146,0,0,0,1650,184100
7751,7255,67684,0,0,0,1915,184100
7752,6556,68139,0,0,0,2200,207555
7753,6156,68399,0,0,0,2485,207555
7754,6020,68487,0,0,0,2750,207555
7755,6156,68399,0,0,0,2978,207555
7756,6556,68139,0,0,0,3153,207555
7757,7191,67726,0,0,0,3263,207555
7758,8020,67187,0,0,0,3300,207555
7759,8984,66560,81758,58866,22892,3263,207555
7760,10020,65887,157944,113720,44224,3153,207555
7761,11055,65214,223367,160824,62543,2978,207555
7762,12020,64587,273567,196969,76599,2750,207555
7763,12848,64049,305125,219690,85435,2485,207555
7764,13484,63635,315889,227440,88449,2200,207555
7765,13883,63376,305125,219690,85435,1915,207555
7766,14020,63287,273567,196969,76599,1650,207555
7767,13883,63376,223367,160824,62543,1422,207555
7768,13484,63635,157944,113720,44224,1247,207555
7769,12848,64049,81758,58866,22892,1137,207555
7770,12020,64587,0,0,0,1100,207555
7771,11055,65214,0,0,0,1137,207555
7772,10020,65887,0,0,0,1247,207555
7773,8984,66560,0,0,0,1422,207555
7774,8020,67187,0,0,0,1650,207555
7775,7191,67726,0,0,0,1915,207555
7776,6494,68179,0,0,0,2200,213348
7777,6094,68439,0,0,0,2485,213348
7778,5958,68527,0,0,0,2750,213348
7779,6094,68439,0,0,0,2978,213348
7780,6494,68179,0,0,0,3153,213348
7781,7130,67766,0,0,0,3263,213348
7782,7958,67227,0,0,0,3300,213348
7783,8923,66600,81039,58348,22691,3263,213348
7784,9958,65927,156555,112720,43835,3153,213348
7785,10993,65254,221402,159410,61993,2978,213348
7786,11958,64627,271161,195236,75925,2750,213348
7787,12786,64089,302441,217758,84684,2485,213348
7788,13422,63676,313110,225439,87671,2200,213348
7789,13822,63416,302441,217758,84684,1915,213348
7790,13958,63327,271161,195236,75925,1650,213348
7791,13822,63416,221402,159410,61993,1422,213348
7792,13422,63676,156555,112720,43835,1247,213348
7793,12786,64089,81039,58348,22691,1137,213348
7794,11958,64627,0,0,0,1100,213348
7795,10993,65254,0,0,0,1137,213348
7796,9958,65927,0,0,0,1247,213348
7797,8923,66600,0,0,0,1422,213348
7798,7958,67227,0,0,0,1650,213348
7799,7130,67766,0,0,0,1915,213348
7800,6434,68218,0,0,0,2200,197117
7801,6034,68478,0,0,0,2485,197117
7802,5898,68566,0,0,0,2750,197117
7803,6034,68478,0,0,0,2978,197117
7804,6434,68218,0,0,0,3153,197117
7805,7070,67805,0,0,0,3263,197117
7806,7898,67266,0,0,0,3300,197117
7807,8863,66639,80341,57845,22495,3263,197117
7808,9898,65966,155206,111749,43458,3153,197117
7809,10933,65293,219495,158036,61459,2978,197117
7810,11898,64666,268825,193554,75271,2750,197117
7811,12726,64128,299835,215882,83954,2485,197117
7812,13362,63715,310413,223497,86916,2200,197117
7813,13762,63455,299835,215882,83954,1915,197117
7814,13898,63366,268825,193554,75271,1650,197117
7815,13762,63455,219495,158036,61459,1422,197117
7816,13362,63715,155206,111749,43458,1247,197117
7817,12726,64128,80341,57845,22495,1137,197117
7818,11898,64666,0,0,0,1100,197117
7819,10933,65293,0,0,0,1137,197117
7820,9898,65966,0,0,0,1247,197117
7821,8863,66639,0,0,0,1422,197117
7822,7898,67266,0,0,0,1650,197117
7823,7070,67805,0,0,0,1915,197117
7824,6376,68256,0,0,0,2200,171083
7825,5976,68515,0,0,0,2485,171083
7826,5840,68604,0,0,0,2750,171083
7827,5976,68515,0,0,0,2978,171083
7828,6376,68256,0,0,0,3153,171083
7829,7011,67843,0,0,0,3263,171083
7830,7840,67304,0,0,0,3300,171083
7831,8805,66677,79664,57358,22306,3263,171083
7832,9840,66004,153898,110807,43091,3153,171083
7833,10875,65331,217645,156704,60941,2978,171083
7834,11840,64704,266559,191923,74637,2750,171083
7835,12668,64166,297308,214062,83246,2485,171083
7836,13304,63752,307796,221613,86183,2200,171083
7837,13704,63493,297308,214062,83246,1915,171083
7838,13840,63404,266559,191923,74637,1650,171083
7839,13704,63493,217645,156704,60941,1422,171083
7840,13304,63752,153898,110807,43091,1247,171083
7841,12668,64166,79664,57358,22306,1137,171083
7842,11840,64704,0,0,0,1100,171083
7843,10875,65331,0,0,0,1137,171083
7844,9840,66004,0,0,0,1247,171083
7845,8805,66677,0,0,0,1422,171083
7846,7840,67304,0,0,0,1650,171083
7847,7011,67843,0,0,0,1915,171083
7848,6319,68292,0,0,0,2200,154852
7849,5920,68552,0,0,0,2485,154852
7850,5784,68641,0,0,0,2750,154852
7851,5920,68552,0,0,0,2978,154852
7852,6319,68292,0,0,0,3153,154852
7853,6955,67879,0,0,0,3263,154852
7854,7784,67341,0,0,0,3300,154852
7855,8748,66714,79008,56885,22122,3263,154852
7856,9784,66041,152631,109894,42737,3153,154852
7857,10819,65368,215853,155414,60439,2978,154852
7858,11784,64741,264365,190343,74022,2750,154852
7859,12612,64202,294860,212299,82561,2485,154852
7860,13248,63789,305262,219789,85473,2200,154852
7861,13647,63529,294860,212299,82561,1915,154852
7862,13784,63441,264365,190343,74022,1650,154852
7863,13647,63529,215853,155414,60439,1422,154852
7864,13248,63789,152631,109894,42737,1247,154852
7865,12612,64202,79008,56885,22122,1137,154852
7866,11784,64741,0,0,0,1100,154852
7867,10819,65368,0,0,0,1137,154852
7868,9784,66041,0,0,0,1247,154852
7869,8748,66714,0,0,0,1422,154852
7870,7784,67341,0,0,0,1650,154852
7871,6955,67879,0,0,0,1915,154852
7872,6265,68328,0,0,0,2200,160645
7873,5865,68587,0,0,0,2485,160645
7874,5729,68676,0,0,0,2750,160645
7875,5865,68587,0,0,0,2978,160645
7876,6265,68328,0,0,0,3153,160645
7877,6901,67915,0,0,0,3263,160645
7878,7729,67376,0,0,0,3300,160645
7879,8694,66749,78373,56429,21944,3263,160645
7880,9729,66076,151405,109012,42393,3153,160645
7881,10764,65403,214119,154166,59953,2978,160645
7882,11729,64776,262242,188814,73428,2750,160645
7883,12558,64238,292493,210595,81898,2485,160645
7884,13193,63824,302811,218024,84787,2200,160645
7885,13593,63565,292493,210595,81898,1915,160645
7886,13729,63476,262242,188814,73428,1650,160645
7887,13593,63565,214119,154166,59953,1422,160645
7888,13193,63824,151405,109012,42393,1247,160645
7889,12558,64238,78373,56429,21944,1137,160645
7890,11729,64776,0,0,0,1100,160645
7891,10764,65403,0,0,0,1137,160645
7892,9729,66076,0,0,0,1247,160645
7893,8694,66749,0,0,0,1422,160645
7894,7729,67376,0,0,0,1650,160645
7895,6901,67915,0,0,0,1915,160645
7896,6212,68362,0,0,0,2200,184100
7897,5813,68622,0,0,0,2485,184100
7898,5677,68710,0,0,0,2750,184100
7899,5813,68622,0,0,0,2978,184100
7900,6212,68362,0,0,0,3153,184100
7901,6848,67949,0,0,0,3263,184100
7902,7677,67410,0,0,0,3300,184100
7903,8641,66783,77760,55987,21773,3263,184100
7904,9677,66110,150221,108159,42062,3153,184100
7905,10712,65437,212445,152961,59485,2978,184100
7906,11677,64810,260191,187338,72854,2750,184100
7907,12505,64272,290206,208948,81258,2485,184100
7908,13141,63859,300443,216319,84124,2200,184100
7909,13540,63599,290206,208948,81258,1915,184100
7910,13677,63510,260191,187338,72854,1650,184100
7911,13540,63599,212445,152961,59485,1422,184100
7912,13141,63859,150221,108159,42062,1247,184100
7913,12505,64272,77760,55987,21773,1137,184100
7914,11677,64810,0,0,0,1100,184100
7915,10712,65437,0,0,0,1137,184100
7916,9677,66110,0,0,0,1247,184100
7917,8641,66783,0,0,0,1422,184100
7918,7677,67410,0,0,0,1650,184100
7919,6848,67949,0,0,0,1915,184100
7920,6162,68395,0,0,0,2200,207555
7921,5762,68655,0,0,0,2485,207555
7922,5626,68743,0,0,0,2750,207555
7923,5762,68655,0,0,0,2978,207555
7924,6162,68395,0,0,0,3153,207555
7925,6797,67982,0,0,0,3263,207555
7926,7626,67443,0,0,0,3300,207555
7927,8590,66816,77169,55562,21607,3263,207555
7928,9626,66143,149080,107337,41742,3153,207555
7929,10661,65470,210831,151798,59033,2978,207555
7930,11626,64843,258214,185914,72300,2750,207555
7931,12454,64305,288000,207360,80640,2485,207555
7932,13090,63892,298160,214675,83485,2200,207555
7933,13489,63632,288000,207360,80640,1915,207555
7934,13626,63543,258214,185914,72300,1650,207555
7935,13489,63632,210831,151798,59033,1422,207555
7936,13090,63892,149080,107337,41742,1247,207555
7937,12454,64305,77169,55562,21607,1137,207555
7938,11626,64843,0,0,0,1100,207555
7939,10661,65470,0,0,0,1137,207555
7940,9626,66143,0,0,0,1247,207555
7941,8590,66816,0,0,0,1422,207555
7942,7626,67443,0,0,0,1650,207555
7943,6797,67982,0,0,0,1915,207555
7944,6113,68427,0,0,0,2200,213348
7945,5713,68686,0,0,0,2485,213348
7946,5577,68775,0,0,0,2750,213348
7947,5713,68686,0,0,0,2978,213348
7948,6113,68427,0,0,0,3153,213348
7949,6748,68013,0,0,0,3263,213348
7950,7577,67475,0,0,0,3300,213348
7951,8542,66848,76600,55152,21448,3263,213348
7952,9577,66175,147981,106546,41435,3153,213348
7953,10612,65502,209276,150679,58597,2978,213348
7954,11577,64875,256310,184543,71767,2750,213348
7955,12405,64337,285877,205831,80045,2485,213348
7956,13041,63923,295961,213092,82869,2200,213348
7957,13441,63664,285877,205831,80045,1915,213348
7958,13577,63575,256310,184543,71767,1650,213348
7959,13441,63664,209276,150679,58597,1422,213348
7960,13041,63923,147981,106546,41435,1247,213348
7961,12405,64337,76600,55152,21448,1137,213348
7962,11577,64875,0,0,0,1100,213348
7963,10612,65502,0,0,0,1137,213348
7964,9577,66175,0,0,0,1247,213348
7965,8542,66848,0,0,0,1422,213348
7966,7577,67475,0,0,0,1650,213348
7967,6748,68013,0,0,0,1915,213348
7968,6066,68457,0,0,0,2200,197117
7969,5666,68717,0,0,0,2485,197117
7970,5530,68806,0,0,0,2750,197117
7971,5666,68717,0,0,0,2978,197117
7972,6066,68457,0,0,0,3153,197117
7973,6702,68044,0,0,0,3263,197117
7974,7530,67506,0,0,0,3300,197117
7975,8495,66878,76054,54759,21295,3263,197117
7976,9530,66206,146924,105785,41139,3153,197117
7977,10565,65533,207782,149603,58179,2978,197117
7978,11530,64906,254480,183226,71254,2750,197117
7979,12358,64367,283836,204362,79474,2485,197117
7980,12994,63954,293848,211571,82278,2200,197117
7981,13394,63694,283836,204362,79474,1915,197117
7982,13530,63606,254480,183226,71254,1650,197117
7983,13394,63694,207782,149603,58179,1422,197117
7984,12994,63954,146924,105785,41139,1247,197117
7985,12358,64367,76054,54759,21295,1137,197117
7986,11530,64906,0,0,0,1100,197117
7987,10565,65533,0,0,0,1137,197117
7988,9530,66206,0,0,0,1247,197117
7989,8495,66878,0,0,0,1422,197117
7990,7530,67506,0,0,0,1650,197117
7991,6702,68044,0,0,0,1915,197117
7992,6021,68486,0,0,0,2200,171083
7993,5621,68746,0,0,0,2485,171083
7994,5485,68835,0,0,0,2750,171083
7995,5621,68746,0,0,0,2978,171083
7996,6021,68486,0,0,0,3153,171083
7997,6657,68073,0,0,0,3263,171083
7998,7485,67535,0,0,0,3300,171083
7999,8450,66908,75529,54381,21148,3263,171083
8000,9485,66235,145911,105056,40855,3153,171083
8001,10520,65562,206349,148571,57778,2978,171083
8002,11485,64935,252725,181962,70763,2750,171083
8003,12313,64396,281878,202952,78926,2485,171083
8004,12949,63983,291822,210112,81710,2200,171083
8005,13349,63723,281878,202952,78926,1915,171083
8006,13485,63635,252725,181962,70763,1650,171083
8007,13349,63723,206349,148571,57778,1422,171083
8008,12949,63983,145911,105056,40855,1247,171083
8009,12313,64396,75529,54381,21148,1137,171083
8010,11485,64935,0,0,0,1100,171083
8011,10520,65562,0,0,0,1137,171083
8012,9485,66235,0,0,0,1247,171083
8013,8450,66908,0,0,0,1422,171083
8014,7485,67535,0,0,0,1650,171083
8015,6657,68073,0,0,0,1915,171083
8016,5978,68514,0,0,0,2200,154852
8017,5578,68774,0,0,0,2485,154852
8018,5442,68863,0,0,0,2750,154852
8019,5578,68774,0,0,0,2978,154852
8020,5978,68514,0,0,0,3153,154852
8021,6613,68101,0,0,0,3263,154852
8022,7442,67563,0,0,0,3300,154852
8023,8407,66936,75027,54019,21008,3263,154852
8024,9442,66263,144941,104358,40584,3153,154852
8025,10477,65590,204978,147584,57394,2978,154852
8026,11442,64963,251046,180753,70293,2750,154852
8027,12270,64424,280005,201604,78401,2485,154852
8028,12906,64011,289882,208715,81167,2200,154852
8029,13306,63751,280005,201604,78401,1915,154852
8030,13442,63663,251046,180753,70293,1650,154852
8031,13306,63751,204978,147584,57394,1422,154852
8032,12906,64011,144941,104358,40584,1247,154852
8033,12270,64424,75027,54019,21008,1137,154852
8034,11442,64963,0,0,0,1100,154852
8035,10477,65590,0,0,0,1137,154852
8036,9442,66263,0,0,0,1247,154852
8037,8407,66936,0,0,0,1422,154852
8038,7442,67563,0,0,0,1650,154852
8039,6613,68101,0,0,0,1915,154852
8040,5937,68541,0,0,0,2200,160645
8041,5537,68801,0,0,0,2485,160645
8042,5401,68890,0,0,0,2750,160645
8043,5537,68801,0,0,0,2978,160645
8044,5937,68541,0,0,0,3153,160645
8045,6572,68128,0,0,0,3263,160645
8046,7401,67590,0,0,0,3300,160645
8047,8365,66962,74548,53674,20873,3263,160645
8048,9401,66290,144015,103691,40324,3153,160645
8049,10436,65617,203668,146641,57027,2978,160645
8050,11401,64990,249442,179598,69844,2750,160645
8051,12229,64451,278216,200315,77900,2485,160645
8052,12865,64038,288030,207382,80648,2200,160645
8053,13264,63778,278216,200315,77900,1915,160645
8054,13401,63690,249442,179598,69844,1650,160645
8055,13264,63778,203668,146641,57027,1422,160645
8056,12865,64038,144015,103691,40324,1247,160645
8057,12229,64451,74548,53674,20873,1137,160645
8058,11401,64990,0,0,0,1100,160645
8059,10436,65617,0,0,0,1137,160645
8060,9401,66290,0,0,0,1247,160645
8061,8365,66962,0,0,0,1422,160645
8062,7401,67590,0,0,0,1650,160645
8063,6572,68128,0,0,0,1915,160645
8064,5897,68567,0,0,0,2200,184100
8065,5498,68826,0,0,0,2485,184100
8066,5361,68915,0,0,0,2750,184100
8067,5498,68826,0,0,0,2978,184100
8068,5897,68567,0,0,0,3153,184100
8069,6533,68154,0,0,0,3263,184100
8070,7361,67615,0,0,0,3300,184100
8071,8326,66988,74091,53346,20746,3263,184100
8072,9361,66315,143133,103056,40077,3153,184100
8073,10397,65642,202421,145743,56678,2978,184100
8074,11361,65015,247914,178498,69416,2750,184100
8075,12190,64477,276512,199089,77423,2485,184100
8076,12826,64063,286266,206112,80155,2200,184100
8077,13225,63804,276512,199089,77423,1915,184100
8078,13361,63715,247914,178498,69416,1650,184100
8079,13225,63804,202421,145743,56678,1422,184100
8080,12826,64063,143133,103056,40077,1247,184100
8081,12190,64477,74091,53346,20746,1137,184100
8082,11361,65015,0,0,0,1100,184100
8083,10397,65642,0,0,0,1137,184100
8084,9361,66315,0,0,0,1247,184100
8085,8326,66988,0,0,0,1422,184100
8086,7361,67615,0,0,0,1650,184100
8087,6533,68154,0,0,0,1915,184100
8088,5860,68591,0,0,0,2200,207555
8089,5461,68851,0,0,0,2485,207555
8090,5324,68939,0,0,0,2750,207555
8091,5461,68851,0,0,0,2978,207555
8092,5860,68591,0,0,0,3153,207555
8093,6496,68178,0,0,0,3263,207555
8094,7324,67639,0,0,0,3300,207555
8095,8289,67012,73657,53033,20624,3263,207555
8096,9324,66339,142295,102453,39843,3153,207555
8097,10360,65666,201236,144890,56346,2978,207555
8098,11324,65039,246463,177453,69010,2750,207555
8099,12153,64501,274893,197923,76970,2485,207555
8100,12788,64088,284590,204905,79685,2200,207555
8101,13188,63828,274893,197923,76970,1915,207555
8102,13324,63739,246463,177453,69010,1650,207555
8103,13188,63828,201236,144890,56346,1422,207555
8104,12788,64088,142295,102453,39843,1247,207555
8105,12153,64501,73657,53033,20624,1137,207555
8106,11324,65039,0,0,0,1100,207555
8107,10360,65666,0,0,0,1137,207555
8108,9324,66339,0,0,0,1247,207555
8109,8289,67012,0,0,0,1422,207555
8110,7324,67639,0,0,0,1650,207555
8111,6496,68178,0,0,0,1915,207555
8112,5825,68614,0,0,0,2200,213348
8113,5425,68874,0,0,0,2485,213348
8114,5289,68962,0,0,0,2750,213348
8115,5425,68874,0,0,0,2978,213348
8116,5825,68614,0,0,0,3153,213348
8117,6461,68201,0,0,0,3263,213348
8118,7289,67662,0,0,0,3300,213348
8119,8254,67035,73247,52738,20509,3263,213348
8120,9289,66362,141502,101881,39621,3153,213348
8121,10324,65689,200114,144082,56032,2978,213348
8122,11289,65062,245089,176464,68625,2750,213348
8123,12117,64524,273361,196820,76541,2485,213348
8124,12753,64111,283004,203763,79241,2200,213348
8125,13153,63851,273361,196820,76541,1915,213348
8126,13289,63762,245089,176464,68625,1650,213348
8127,13153,63851,200114,144082,56032,1422,213348
8128,12753,64111,141502,101881,39621,1247,213348
8129,12117,64524,73247,52738,20509,1137,213348
8130,11289,65062,0,0,0,1100,213348
8131,10324,65689,0,0,0,1137,213348
8132,9289,66362,0,0,0,1247,213348
8133,8254,67035,0,0,0,1422,213348
8134,7289,67662,0,0,0,1650,213348
8135,6461,68201,0,0,0,1915,213348
8136,5792,68635,0,0,0,2200,197117
8137,5392,68895,0,0,0,2485,197117
8138,5256,68984,0,0,0,2750,197117
8139,5392,68895,0,0,0,2978,197117
8140,5792,68635,0,0,0,3153,197117
8141,6427,68222,0,0,0,3263,197117
8142,7256,67684,0,0,0,3300,197117
8143,8220,67057,72859,52459,20401,3263,197117
8144,9256,66384,140753,101342,39411,3153,197117
8145,10291,65711,199055,143320,55735,2978,197117
8146,11256,65084,243792,175530,68262,2750,197117
8147,12084,64545,271915,195779,76136,2485,197117
8148,12720,64132,281507,202685,78822,2200,197117
8149,13119,63872,271915,195779,76136,1915,197117
8150,13256,63784,243792,175530,68262,1650,197117
8151,13119,63872,199055,143320,55735,1422,197117
8152,12720,64132,140753,101342,39411,1247,197117
8153,12084,64545,72859,52459,20401,1137,197117
8154,11256,65084,0,0,0,1100,197117
8155,10291,65711,0,0,0,1137,197117
8156,9256,66384,0,0,0,1247,197117
8157,8220,67057,0,0,0,1422,197117
8158,7256,67684,0,0,0,1650,197117
8159,6427,68222,0,0,0,1915,197117
8160,5760,68656,0,0,0,2200,171083
8161,5361,68916,0,0,0,2485,171083
8162,5224,69004,0,0,0,2750,171083
8163,5361,68916,0,0,0,2978,171083
8164,5760,68656,0,0,0,3153,171083
8165,6396,68243,0,0,0,3263,171083
8166,7224,67704,0,0,0,3300,171083
8167,8189,67077,72495,52196,20299,3263,171083
8168,9224,66404,140050,100836,39214,3153,171083
8169,10260,65731,198060,142603,55457,2978,171083
8170,11224,65104,242573,174653,67921,2750,171083
8171,12053,64566,270555,194800,75756,2485,171083
8172,12689,64152,280100,201672,78428,2200,171083
8173,13088,63893,270555,194800,75756,1915,171083
8174,13224,63804,242573,174653,67921,1650,171083
8175,13088,63893,198060,142603,55457,1422,171083
8176,12689,64152,140050,100836,39214,1247,171083
8177,12053,64566,72495,52196,20299,1137,171083
8178,11224,65104,0,0,0,1100,171083
8179,10260,65731,0,0,0,1137,171083
8180,9224,66404,0,0,0,1247,171083
8181,8189,67077,0,0,0,1422,171083
8182,7224,67704,0,0,0,1650,171083
8183,6396,68243,0,0,0,1915,171083
8184,5731,68675,0,0,0,2200,154852
8185,5331,68935,0,0,0,2485,154852
8186,5195,69023,0,0,0,2750,154852
8187,5331,68935,0,0,0,2978,154852
8188,5731,68675,0,0,0,3153,154852
8189,6367,68262,0,0,0,3263,154852
8190,7195,67723,0,0,0,3300,154852
8191,8160,67096,72154,51951,20203,3263,154852
8192,9195,66423,139391,100362,39030,3153,154852
8193,10230,65750,197129,141933,55196,2978,154852
8194,11195,65123,241433,173832,67601,2750,154852
8195,12024,64585,269283,193884,75399,2485,154852
8196,12659,64171,278783,200724,78059,2200,154852
8197,13059,63912,269283,193884,75399,1915,154852
8198,13195,63823,241433,173832,67601,1650,154852
8199,13059,63912,197129,141933,55196,1422,154852
8200,12659,64171,139391,100362,39030,1247,154852
8201,12024,64585,72154,51951,20203,1137,154852
8202,11195,65123,0,0,0,1100,154852
8203,10230,65750,0,0,0,1137,154852
8204,9195,66423,0,0,0,1247,154852
8205,8160,67096,0,0,0,1422,154852
8206,7195,67723,0,0,0,1650,154852
8207,6367,68262,0,0,0,1915,154852
8208,5704,68693,0,0,0,2200,160645
8209,5304,68952,0,0,0,2485,160645
8210,5168,69041,0,0,0,2750,160645
8211,5304,68952,0,0,0,2978,160645
8212,5704,68693,0,0,0,3153,160645
8213,6339,68279,0,0,0,3263,160645
8214,7168,67741,0,0,0,3300,160645
8215,8133,67114,71837,51723,20114,3263,160645
8216,9168,66441,138778,99920,38858,3153,160645
8217,10203,65768,196262,141309,54953,2978,160645
8218,11168,65141,240371,173067,67304,2750,160645
8219,11996,64602,268099,193031,75068,2485,160645
8220,12632,64189,277557,199841,77716,2200,160645
8221,13032,63929,268099,193031,75068,1915,160645
8222,13168,63841,240371,173067,67304,1650,160645
8223,13032,63929,196262,141309,54953,1422,160645
8224,12632,64189,138778,99920,38858,1247,160645
8225,11996,64602,71837,51723,20114,1137,160645
8226,11168,65141,0,0,0,1100,160645
8227,10203,65768,0,0,0,1137,160645
8228,9168,66441,0,0,0,1247,160645
8229,8133,67114,0,0,0,1422,160645
8230,7168,67741,0,0,0,1650,160645
8231,6339,68279,0,0,0,1915,160645
8232,5679,68709,0,0,0,2200,184100
8233,5279,68969,0,0,0,2485,184100
8234,5143,69057,0,0,0,2750,184100
8235,5279,68969,0,0,0,2978,184100
8236,5679,68709,0,0,0,3153,184100
8237,6314,68296,0,0,0,3263,184100
8238,7143,67757,0,0,0,3300,184100
8239,8107,67130,71543,51511,20032,3263,184100
8240,9143,66457,138211,99512,38699,3153,184100
8241,10178,65784,195460,140731,54729,2978,184100
8242,11143,65157,239388,172360,67029,2750,184100
8243,11971,64619,267003,192242,74761,2485,184100
8244,12607,64206,276422,199024,77398,2200,184100
8245,13006,63946,267003,192242,74761,1915,184100
8246,13143,63857,239388,172360,67029,1650,184100
8247,13006,63946,195460,140731,54729,1422,184100
8248,12607,64206,138211,99512,38699,1247,184100
8249,11971,64619,71543,51511,20032,1137,184100
8250,11143,65157,0,0,0,1100,184100
8251,10178,65784,0,0,0,1137,184100
8252,9143,66457,0,0,0,1247,184100
8253,8107,67130,0,0,0,1422,184100
8254,7143,67757,0,0,0,1650,184100
8255,6314,68296,0,0,0,1915,184100
8256,5655,68724,0,0,0,2200,207555
8257,5256,68984,0,0,0,2485,207555
8258,5120,69072,0,0,0,2750,207555
8259,5256,68984,0,0,0,2978,207555
8260,5655,68724,0,0,0,3153,207555
8261,6291,68311,0,0,0,3263,207555
8262,7120,67772,0,0,0,3300,207555
8263,8084,67145,71273,51317,19956,3263,207555
8264,9120,66472,137689,99136,38553,3153,207555
8265,10155,65799,194722,140200,54522,2978,207555
8266,11120,65172,238484,171709,66776,2750,207555
8267,11948,64634,265995,191516,74479,2485,207555
8268,12584,64221,275378,198272,77106,2200,207555
8269,12983,63961,265995,191516,74479,1915,207555
8270,13120,63872,238484,171709,66776,1650,207555
8271,12983,63961,194722,140200,54522,1422,207555
8272,12584,64221,137689,99136,38553,1247,207555
8273,11948,64634,71273,51317,19956,1137,207555
8274,11120,65172,0,0,0,1100,207555
8275,10155,65799,0,0,0,1137,207555
8276,9120,66472,0,0,0,1247,207555
8277,8084,67145,0,0,0,1422,207555
8278,7120,67772,0,0,0,1650,207555
8279,6291,68311,0,0,0,1915,207555
8280,5634,68738,0,0,0,2200,213348
8281,5235,68997,0,0,0,2485,213348
8282,5098,69086,0,0,0,2750,213348
8283,5235,68997,0,0,0,2978,213348
8284,5634,68738,0,0,0,3153,213348
8285,6270,68325,0,0,0,3263,213348
8286,7098,67786,0,0,0,3300,213348
8287,8063,67159,71027,51139,19887,3263,213348
8288,9098,66486,137213,98793,38420,3153,213348
8289,10134,65813,194049,139715,54334,2978,213348
8290,11098,65186,237660,171115,66545,2750,213348
8291,11927,64648,265075,190854,74221,2485,213348
8292,12562,64234,274426,197587,76839,2200,213348
8293,12962,63975,265075,190854,74221,1915,213348
8294,13098,63886,237660,171115,66545,1650,213348
8295,12962,63975,194049,139715,54334,1422,213348
8296,12562,64234,137213,98793,38420,1247,213348
8297,11927,64648,71027,51139,19887,1137,213348
8298,11098,65186,0,0,0,1100,213348
8299,10134,65813,0,0,0,1137,213348
8300,9098,66486,0,0,0,1247,213348
8301,8063,67159,0,0,0,1422,213348
8302,7098,67786,0,0,0,1650,213348
8303,6270,68325,0,0,0,1915,213348
8304,5615,68750,0,0,0,2200,197117
8305,5216,69010,0,0,0,2485,197117
8306,5079,69098,0,0,0,2750,197117
8307,5216,69010,0,0,0,2978,197117
8308,5615,68750,0,0,0,3153,197117
8309,6251,68337,0,0,0,3263,197117
8310,7079,67798,0,0,0,3300,197117
8311,8044,67171,70804,50979,19825,3263,197117
8312,9079,66498,136783,98484,38299,3153,197117
8313,10115,65826,193441,139277,54163,2978,197117
8314,11079,65198,236916,170579,66336,2750,197117
8315,11908,64660,264245,190256,73989,2485,197117
8316,12543,64247,273567,196968,76599,2200,197117
8317,12943,63987,264245,190256,73989,1915,197117
8318,13079,63898,236916,170579,66336,1650,197117
8319,12943,63987,193441,139277,54163,1422,197117
8320,12543,64247,136783,98484,38299,1247,197117
8321,11908,64660,70804,50979,19825,1137,197117
8322,11079,65198,0,0,0,1100,197117
8323,10115,65826,0,0,0,1137,197117
8324,9079,66498,0,0,0,1247,197117
8325,8044,67171,0,0,0,1422,197117
8326,7079,67798,0,0,0,1650,197117
8327,6251,68337,0,0,0,1915,197117
8328,5598,68761,0,0,0,2200,171083
8329,5198,69021,0,0,0,2485,171083
8330,5062,69110,0,0,0,2750,171083
8331,5198,69021,0,0,0,2978,171083
8332,5598,68761,0,0,0,3153,171083
8333,6234,68348,0,0,0,3263,171083
8334,7062,67810,0,0,0,3300,171083
8335,8027,67182,70606,50836,19770,3263,171083
8336,9062,66510,136400,98208,38192,3153,171083
8337,10097,65837,192898,138887,54011,2978,171083
8338,11062,65210,236251,170101,66150,2750,171083
8339,11891,64671,263504,189723,73781,2485,171083
8340,12526,64258,272799,196415,76384,2200,171083
8341,12926,63998,263504,189723,73781,1915,171083
8342,13062,63910,236251,170101,66150,1650,171083
8343,12926,63998,192898,138887,54011,1422,171083
8344,12526,64258,136400,98208,38192,1247,171083
8345,11891,64671,70606,50836,19770,1137,171083
8346,11062,65210,0,0,0,1100,171083
8347,10097,65837,0,0,0,1137,171083
8348,9062,66510,0,0,0,1247,171083
8349,8027,67182,0,0,0,1422,171083
8350,7062,67810,0,0,0,1650,171083
8351,6234,68348,0,0,0,1915,171083
8352,5583,68771,0,0,0,2200,154852
8353,5183,69031,0,0,0,2485,154852
8354,5047,69119,0,0,0,2750,154852
8355,5183,69031,0,0,0,2978,154852
8356,5583,68771,0,0,0,3153,154852
8357,6219,68358,0,0,0,3263,154852
8358,7047,67819,0,0,0,3300,154852
8359,8012,67192,70431,50710,19721,3263,154852
8360,9047,66519,136062,97965,38097,3153,154852
8361,10082,65846,192421,138543,53878,2978,154852
8362,11047,65219,235666,169680,65987,2750,154852
8363,11876,64681,262852,189253,73598,2485,154852
8364,12511,64268,272124,195929,76195,2200,154852
8365,12911,64008,262852,189253,73598,1915,154852
8366,13047,63919,235666,169680,65987,1650,154852
8367,12911,64008,192421,138543,53878,1422,154852
8368,12511,64268,136062,97965,38097,1247,154852
8369,11876,64681,70431,50710,19721,1137,154852
8370,11047,65219,0,0,0,1100,154852
8371,10082,65846,0,0,0,1137,154852
8372,9047,66519,0,0,0,1247,154852
8373,8012,67192,0,0,0,1422,154852
8374,7047,67819,0,0,0,1650,154852
8375,6219,68358,0,0,0,1915,154852
8376,5570,68779,0,0,0,2200,160645
8377,5171,69039,0,0,0,2485,160645
8378,5034,69128,0,0,0,2750,160645
8379,5171,69039,0,0,0,2978,160645
8380,5570,68779,0,0,0,3153,160645
8381,6206,68366,0,0,0,3263,160645
8382,7034,67828,0,0,0,3300,160645
8383,7999,67201,70280,50602,19678,3263,160645
8384,9034,66528,135771,97755,38016,3153,160645
8385,10070,65855,192009,138247,53763,2978,160645
8386,11034,65228,235162,169317,65845,2750,160645
8387,11863,64689,262289,188848,73441,2485,160645
8388,12498,64276,271542,195510,76032,2200,160645
8389,12898,64016,262289,188848,73441,1915,160645
8390,13034,63928,235162,169317,65845,1650,160645
8391,12898,64016,192009,138247,53763,1422,160645
8392,12498,64276,135771,97755,38016,1247,160645
8393,11863,64689,70280,50602,19678,1137,160645
8394,11034,65228,0,0,0,1100,160645
8395,10070,65855,0,0,0,1137,160645
8396,9034,66528,0,0,0,1247,160645
8397,7999,67201,0,0,0,1422,160645
8398,7034,67828,0,0,0,1650,160645
8399,6206,68366,0,0,0,1915,160645
8400,5559,68786,0,0,0,2200,184100
8401,5160,69046,0,0,0,2485,184100
8402,5023,69135,0,0,0,2750,184100
8403,5160,69046,0,0,0,2978,184100
8404,5559,68786,0,0,0,3153,184100
8405,6195,68373,0,0,0,3263,184100
8406,7023,67835,0,0,0,3300,184100
8407,7988,67208,70154,50511,19643,3263,184100
8408,9023,66535,135526,97579,37947,3153,184100
8409,10059,65862,191663,137997,53666,2978,184100
8410,11023,65235,234738,169012,65727,2750,184100
8411,11852,64696,261817,188508,73309,2485,184100
8412,12487,64283,271052,195158,75895,2200,184100
8413,12887,64023,261817,188508,73309,1915,184100
8414,13023,63935,234738,169012,65727,1650,184100
8415,12887,64023,191663,137997,53666,1422,184100
8416,12487,64283,135526,97579,37947,1247,184100
8417,11852,64696,70154,50511,19643,1137,184100
8418,11023,65235,0,0,0,1100,184100
8419,10059,65862,0,0,0,1137,184100
8420,9023,66535,0,0,0,1247,184100
8421,7988,67208,0,0,0,1422,184100
8422,7023,67835,0,0,0,1650,184100
8423,6195,68373,0,0,0,1915,184100
8424,5550,68792,0,0,0,2200,207555
8425,5151,69052,0,0,0,2485,207555
8426,5015,69141,0,0,0,2750,207555
8427,5151,69052,0,0,0,2978,207555
8428,5550,68792,0,0,0,3153,207555
8429,6186,68379,0,0,0,3263,207555
8430,7015,67841,0,0,0,3300,207555
8431,7979,67213,70051,50437,19614,3263,207555
8432,9015,66541,135328,97436,37892,3153,207555
8433,10050,65868,191383,137796,53587,2978,207555
8434,11015,65241,234395,168764,65631,2750,207555
8435,11843,64702,261434,188232,73201,2485,207555
8436,12479,64289,270656,194872,75784,2200,207555
8437,12878,64029,261434,188232,73201,1915,207555
8438,13015,63941,234395,168764,65631,1650,207555
8439,12878,64029,191383,137796,53587,1422,207555
8440,12479,64289,135328,97436,37892,1247,207555
8441,11843,64702,70051,50437,19614,1137,207555
8442,11015,65241,0,0,0,1100,207555
8443,10050,65868,0,0,0,1137,207555
8444,9015,66541,0,0,0,1247,207555
8445,7979,67213,0,0,0,1422,207555
8446,7015,67841,0,0,0,1650,207555
8447,6186,68379,0,0,0,1915,207555
8448,5544,68797,0,0,0,2200,213348
8449,5144,69056,0,0,0,2485,213348
8450,5008,69145,0,0,0,2750,213348
8451,5144,69056,0,0,0,2978,213348
8452,5544,68797,0,0,0,3153,213348
8453,6179,68383,0,0,0,3263,213348
8454,7008,67845,0,0,0,3300,213348
8455,7973,67218,69972,50380,19592,3263,213348
8456,9008,66545,135176,97327,37849,3153,213348
8457,10043,65872,191168,137641,53527,2978,213348
8458,11008,65245,234132,168575,65557,2750,213348
8459,11836,64706,261141,188021,73119,2485,213348
8460,12472,64293,270353,194654,75699,2200,213348
8461,12872,64033,261141,188021,73119,1915,213348
8462,13008,63945,234132,168575,65557,1650,213348
8463,12872,64033,191168,137641,53527,1422,213348
8464,12472,64293,135176,97327,37849,1247,213348
8465,11836,64706,69972,50380,19592,1137,213348
8466,11008,65245,0,0,0,1100,213348
8467,10043,65872,0,0,0,1137,213348
8468,9008,66545,0,0,0,1247,213348
8469,7973,67218,0,0,0,1422,213348
8470,7008,67845,0,0,0,1650,213348
8471,6179,68383,0,0,0,1915,213348
8472,5539,68800,0,0,0,2200,197117
8473,5139,69059,0,0,0,2485,197117
8474,5003,69148,0,0,0,2750,197117
8475,5139,69059,0,0,0,2978,197117
8476,5539,68800,0,0,0,3153,197117
8477,6175,68386,0,0,0,3263,197117
8478,7003,67848,0,0,0,3300,197117
8479,7968,67221,69918,50341,19577,3263,197117
8480,9003,66548,135071,97251,37820,3153,197117
8481,10038,65875,191020,137534,53486,2978,197117
8482,11003,65248,233951,168444,65506,2750,197117
8483,11832,64709,260938,187875,73063,2485,197117
8484,12467,64296,270143,194503,75640,2200,197117
8485,12867,64037,260938,187875,73063,1915,197117
8486,13003,63948,233951,168444,65506,1650,197117
8487,12867,64037,191020,137534,53486,1422,197117
8488,12467,64296,135071,97251,37820,1247,197117
8489,11832,64709,69918,50341,19577,1137,197117
8490,11003,65248,0,0,0,1100,197117
8491,10038,65875,0,0,0,1137,197117
8492,9003,66548,0,0,0,1247,197117
8493,7968,67221,0,0,0,1422,197117
8494,7003,67848,0,0,0,1650,197117
8495,6175,68386,0,0,0,1915,197117
8496,5536,68801,0,0,0,2200,171083
8497,5137,69061,0,0,0,2485,171083
8498,5001,69150,0,0,0,2750,171083
8499,5137,69061,0,0,0,2978,171083
8500,5536,68801,0,0,0,3153,171083
8501,6172,68388,0,0,0,3263,171083
8502,7001,67850,0,0,0,3300,171083
8503,7965,67223,69888,50319,19569,3263,171083
8504,9001,66550,135013,97209,37804,3153,171083
8505,10036,65877,190937,137475,53462,2978,171083
8506,11001,65250,233850,168372,65478,2750,171083
8507,11829,64711,260825,187794,73031,2485,171083
8508,12465,64298,270026,194419,75607,2200,171083
8509,12864,64038,260825,187794,73031,1915,171083
8510,13001,63950,233850,168372,65478,1650,171083
8511,12864,64038,190937,137475,53462,1422,171083
8512,12465,64298,135013,97209,37804,1247,171083
8513,11829,64711,69888,50319,19569,1137,171083
8514,11001,65250,0,0,0,1100,171083
8515,10036,65877,0,0,0,1137,171083
8516,9001,66550,0,0,0,1247,171083
8517,7965,67223,0,0,0,1422,171083
8518,7001,67850,0,0,0,1650,171083
8519,6172,68388,0,0,0,1915,171083
8520,5536,68802,0,0,0,2200,154852
8521,5136,69061,0,0,0,2485,154852
8522,5000,69150,0,0,0,2750,154852
8523,5136,69061,0,0,0,2978,154852
8524,5536,68802,0,0,0,3153,154852
8525,6172,68388,0,0,0,3263,154852
8526,7000,67850,0,0,0,3300,154852
8527,7965,67223,69882,50315,19567,3263,154852
8528,9000,66550,135001,97201,37800,3153,154852
8529,10035,65877,190921,137463,53458,2978,154852
8530,11000,65250,233829,168357,65472,2750,154852
8531,11828,64711,260803,187778,73025,2485,154852
8532,12464,64298,270003,194402,75601,2200,154852
8533,12864,64039,260803,187778,73025,1915,154852
8534,13000,63950,233829,168357,65472,1650,154852
8535,12864,64039,190921,137463,53458,1422,154852
8536,12464,64298,135001,97201,37800,1247,154852
8537,11828,64711,69882,50315,19567,1137,154852
8538,11000,65250,0,0,0,1100,154852
8539,10035,65877,0,0,0,1137,154852
8540,9000,66550,0,0,0,1247,154852
8541,7965,67223,0,0,0,1422,154852
8542,7000,67850,0,0,0,1650,154852
8543,6172,68388,0,0,0,1915,154852
8544,5538,68801,0,0,0,2200,160645
8545,5138,69060,0,0,0,2485,160645
8546,5002,69149,0,0,0,2750,160645
8547,5138,69060,0,0,0,2978,160645
8548,5538,68801,0,0,0,3153,160645
8549,6173,68387,0,0,0,3263,160645
8550,7002,67849,0,0,0,3300,160645
8551,7966,67222,69900,50328,19572,3263,160645
8552,9002,66549,135036,97226,37810,3153,160645
8553,10037,65876,190970,137499,53472,2978,160645
8554,11002,65249,233890,168401,65489,2750,160645
8555,11830,64710,260870,187827,73044,2485,160645
8556,12466,64297,270073,194453,75620,2200,160645
8557,12865,64038,260870,187827,73044,1915,160645
8558,13002,63949,233890,168401,65489,1650,160645
8559,12865,64038,190970,137499,53472,1422,160645
8560,12466,64297,135036,97226,37810,1247,160645
8561,11830,64710,69900,50328,19572,1137,160645
8562,11002,65249,0,0,0,1100,160645
8563,10037,65876,0,0,0,1137,160645
8564,9002,66549,0,0,0,1247,160645
8565,7966,67222,0,0,0,1422,160645
8566,7002,67849,0,0,0,1650,160645
8567,6173,68387,0,0,0,1915,160645
8568,5541,68798,0,0,0,2200,184100
8569,5142,69058,0,0,0,2485,184100
8570,5005,69147,0,0,0,2750,184100
8571,5142,69058,0,0,0,2978,184100
8572,5541,68798,0,0,0,3153,184100
8573,6177,68385,0,0,0,3263,184100
8574,7005,67847,0,0,0,3300,184100
8575,7970,67220,69942,50358,19584,3263,184100
8576,9005,66547,135118,97285,37833,3153,184100
8577,10041,65874,191086,137582,53504,2978,184100
8578,11005,65247,234031,168503,65529,2750,184100
8579,11834,64708,261028,187940,73088,2485,184100
8580,12469,64295,270236,194570,75666,2200,184100
8581,12869,64035,261028,187940,73088,1915,184100
8582,13005,63947,234031,168503,65529,1650,184100
8583,12869,64035,191086,137582,53504,1422,184100
8584,12469,64295,135118,97285,37833,1247,184100
8585,11834,64708,69942,50358,19584,1137,184100
8586,11005,65247,0,0,0,1100,184100
8587,10041,65874,0,0,0,1137,184100
8588,9005,66547,0,0,0,1247,184100
8589,7970,67220,0,0,0,1422,184100
8590,7005,67847,0,0,0,1650,184100
8591,6177,68385,0,0,0,1915,184100
8592,5547,68795,0,0,0,2200,207555
8593,5147,69054,0,0,0,2485,207555
8594,5011,69143,0,0,0,2750,207555
8595,5147,69054,0,0,0,2978,207555
8596,5547,68795,0,0,0,3153,207555
8597,6183,68381,0,0,0,3263,207555
8598,7011,67843,0,0,0,3300,207555
8599,7976,67216,70009,50406,19602,3263,207555
8600,9011,66543,135246,97377,37869,3153,207555
8601,10046,65870,191267,137712,53555,2978,207555
8602,11011,65243,234254,168663,65591,2750,207555
8603,11839,64704,261276,188119,73157,2485,207555
8604,12475,64291,270493,194755,75738,2200,207555
8605,12875,64031,261276,188119,73157,1915,207555
8606,13011,63943,234254,168663,65591,1650,207555
8607,12875,64031,191267,137712,53555,1422,207555
8608,12475,64291,135246,97377,37869,1247,207555
8609,11839,64704,70009,50406,19602,1137,207555
8610,11011,65243,0,0,0,1100,207555
8611,10046,65870,0,0,0,1137,207555
8612,9011,66543,0,0,0,1247,207555
8613,7976,67216,0,0,0,1422,207555
8614,7011,67843,0,0,0,1650,207555
8615,6183,68381,0,0,0,1915,207555
8616,5555,68789,0,0,0,2200,213348
8617,5155,69049,0,0,0,2485,213348
8618,5019,69138,0,0,0,2750,213348
8619,5155,69049,0,0,0,2978,213348
8620,5555,68789,0,0,0,3153,213348
8621,6190,68376,0,0,0,3263,213348
8622,7019,67838,0,0,0,3300,213348
8623,7983,67211,70099,50471,19628,3263,213348
8624,9019,66538,135421,97503,37918,3153,213348
8625,10054,65865,191515,137891,53624,2978,213348
8626,11019,65238,234557,168881,65676,2750,213348
8627,11847,64699,261614,188362,73252,2485,213348
8628,12483,64286,270843,195007,75836,2200,213348
8629,12882,64026,261614,188362,73252,1915,213348
8630,13019,63938,234557,168881,65676,1650,213348
8631,12882,64026,191515,137891,53624,1422,213348
8632,12483,64286,135421,97503,37918,1247,213348
8633,11847,64699,70099,50471,19628,1137,213348
8634,11019,65238,0,0,0,1100,213348
8635,10054,65865,0,0,0,1137,213348
8636,9019,66538,0,0,0,1247,213348
8637,7983,67211,0,0,0,1422,213348
8638,7019,67838,0,0,0,1650,213348
8639,6190,68376,0,0,0,1915,213348
8640,5564,68783,0,0,0,2200,197117
8641,5165,69043,0,0,0,2485,197117
8642,5029,69131,0,0,0,2750,197117
8643,5165,69043,0,0,0,2978,197117
8644,5564,68783,0,0,0,3153,197117
8645,6200,68370,0,0,0,3263,197117
8646,7029,67831,0,0,0,3300,197117
8647,7993,67204,70214,50554,19660,3263,197117
8648,9029,66531,135643,97663,37980,3153,197117
8649,10064,65859,191828,138116,53712,2978,197117
8650,11029,65231,234940,169157,65783,2750,197117
8651,11857,64693,262042,188670,73372,2485,197117
8652,12493,64280,271286,195326,75960,2200,197117
8653,12892,64020,262042,188670,73372,1915,197117
8654,13029,63931,234940,169157,65783,1650,197117
8655,12892,64020,191828,138116,53712,1422,197117
8656,12493,64280,135643,97663,37980,1247,197117
8657,11857,64693,70214,50554,19660,1137,197117
8658,11029,65231,0,0,0,1100,197117
8659,10064,65859,0,0,0,1137,197117
8660,9029,66531,0,0,0,1247,197117
8661,7993,67204,0,0,0,1422,197117
8662,7029,67831,0,0,0,1650,197117
8663,6200,68370,0,0,0,1915,197117
8664,5576,68775,0,0,0,2200,171083
8665,5177,69035,0,0,0,2485,171083
8666,5040,69124,0,0,0,2750,171083
8667,5177,69035,0,0,0,2978,171083
8668,5576,68775,0,0,0,3153,171083
8669,6212,68362,0,0,0,3263,171083
8670,7040,67824,0,0,0,3300,171083
8671,8005,67197,70353,50654,19699,3263,171083
8672,9040,66524,135911,97856,38055,3153,171083
8673,10076,65851,192207,138389,53818,2978,171083
8674,11040,65224,235404,169491,65913,2750,171083
8675,11869,64685,262559,189043,73517,2485,171083
8676,12505,64272,271821,195711,76110,2200,171083
8677,12904,64012,262559,189043,73517,1915,171083
8678,13040,63924,235404,169491,65913,1650,171083
8679,12904,64012,192207,138389,53818,1422,171083
8680,12505,64272,135911,97856,38055,1247,171083
8681,11869,64685,70353,50654,19699,1137,171083
8682,11040,65224,0,0,0,1100,171083
8683,10076,65851,0,0,0,1137,171083
8684,9040,66524,0,0,0,1247,171083
8685,8005,67197,0,0,0,1422,171083
8686,7040,67824,0,0,0,1650,171083
8687,6212,68362,0,0,0,1915,171083
8688,5590,68766,0,0,0,2200,154852
8689,5191,69026,0,0,0,2485,154852
8690,5054,69115,0,0,0,2750,154852
8691,5191,69026,0,0,0,2978,154852
8692,5590,68766,0,0,0,3153,154852
8693,6226,68353,0,0,0,3263,154852
8694,7054,67815,0,0,0,3300,154852
8695,8019,67188,70515,50771,19744,3263,154852
8696,9054,66515,136225,98082,38143,3153,154852
8697,10090,65842,192651,138709,53942,2978,154852
8698,11054,65215,235949,169883,66066,2750,154852
8699,11883,64676,263166,189480,73687,2485,154852
8700,12519,64263,272450,196164,76286,2200,154852
8701,12918,64003,263166,189480,73687,1915,154852
8702,13054,63915,235949,169883,66066,1650,154852
8703,12918,64003,192651,138709,53942,1422,154852
8704,12519,64263,136225,98082,38143,1247,154852
8705,11883,64676,70515,50771,19744,1137,154852
8706,11054,65215,0,0,0,1100,154852
8707,10090,65842,0,0,0,1137,154852
8708,9054,66515,0,0,0,1247,154852
8709,8019,67188,0,0,0,1422,154852
8710,7054,67815,0,0,0,1650,154852
8711,6226,68353,0,0,0,1915,154852
8712,5606,68756,0,0,0,2200,160645
8713,5207,69016,0,0,0,2485,160645
8714,5070,69104,0,0,0,2750,160645
8715,5207,69016,0,0,0,2978,160645
8716,5606,68756,0,0,0,3153,160645
8717,6242,68343,0,0,0,3263,160645
8718,7070,67804,0,0,0,3300,160645
8719,8035,67177,70702,50905,19797,3263,160645
8720,9070,66504,136586,98342,38244,3153,160645
8721,10106,65831,193161,139076,54085,2978,160645
8722,11070,65204,236573,170333,66241,2750,160645
8723,11899,64666,263863,189981,73882,2485,160645
8724,12535,64253,273171,196683,76488,2200,160645
8725,12934,63993,263863,189981,73882,1915,160645
8726,13070,63904,236573,170333,66241,1650,160645
8727,12934,63993,193161,139076,54085,1422,160645
8728,12535,64253,136586,98342,38244,1247,160645
8729,11899,64666,70702,50905,19797,1137,160645
8730,11070,65204,0,0,0,1100,160645
8731,10106,65831,0,0,0,1137,160645
8732,9070,66504,0,0,0,1247,160645
8733,8035,67177,0,0,0,1422,160645
8734,7070,67804,0,0,0,1650,160645
8735,6242,68343,0,0,0,1915,160645
8736,5624,68744,0,0,0,2200,184100
8737,5225,69004,0,0,0,2485,184100
8738,5089,69092,0,0,0,2750,184100
8739,5225,69004,0,0,0,2978,184100
8740,5624,68744,0,0,0,3153,184100
8741,6260,68331,0,0,0,3263,184100
8742,7089,67792,0,0,0,3300,184100
8743,8053,67165,70913,51057,19856,3263,184100
8744,9089,66492,136992,98635,38358,3153,184100
8745,10124,65820,193737,139490,54246,2978,184100
8746,11089,65192,237278,170840,66438,2750,184100
8747,11917,64654,264649,190547,74102,2485,184100
8748,12553,64241,273985,197269,76716,2200,184100
8749,12952,63981,264649,190547,74102,1915,184100
8750,13089,63892,237278,170840,66438,1650,184100
8751,12952,63981,193737,139490,54246,1422,184100
8752,12553,64241,136992,98635,38358,1247,184100
8753,11917,64654,70913,51057,19856,1137,184100
8754,11089,65192,0,0,0,1100,184100
8755,10124,65820,0,0,0,1137,184100
8756,9089,66492,0,0,0,1247,184100
8757,8053,67165,0,0,0,1422,184100
8758,7089,67792,0,0,0,1650,184100
8759,6260,68331,0,0,0,1915,184100
